-- phpMyAdmin SQL Dump
-- version 4.9.1
-- https://www.phpmyadmin.net/
--
-- Host: localhost
-- Generation Time: Jul 14, 2020 at 11:22 AM
-- Server version: 8.0.17
-- PHP Version: 7.3.10

SET SQL_MODE = "NO_AUTO_VALUE_ON_ZERO";
SET AUTOCOMMIT = 0;
START TRANSACTION;
SET time_zone = "+00:00";


/*!40101 SET @OLD_CHARACTER_SET_CLIENT=@@CHARACTER_SET_CLIENT */;
/*!40101 SET @OLD_CHARACTER_SET_RESULTS=@@CHARACTER_SET_RESULTS */;
/*!40101 SET @OLD_COLLATION_CONNECTION=@@COLLATION_CONNECTION */;
/*!40101 SET NAMES utf8mb4 */;

--
-- Database: `erp`
--

-- --------------------------------------------------------

--
-- Table structure for table `allocate`
--

CREATE TABLE `allocate` (
  `id` int(11) NOT NULL,
  `name` varchar(255) DEFAULT NULL,
  `courseId` int(11) NOT NULL,
  `batchId` varchar(11) NOT NULL,
  `semesterId` int(11) NOT NULL,
  `moduleId` int(11) NOT NULL,
  `date` date NOT NULL,
  `day` varchar(20) NOT NULL,
  `startTime` time NOT NULL,
  `endTime` time NOT NULL,
  `purpose` int(11) NOT NULL,
  `classroomId` int(11) NOT NULL,
  `lecturerId` int(11) NOT NULL
) ENGINE=InnoDB DEFAULT CHARSET=latin1;

--
-- Dumping data for table `allocate`
--

INSERT INTO `allocate` (`id`, `name`, `courseId`, `batchId`, `semesterId`, `moduleId`, `date`, `day`, `startTime`, `endTime`, `purpose`, `classroomId`, `lecturerId`) VALUES
(1, NULL, 8, 'BS_19', 4, 22, '2019-02-03', 'Sunday', '16:30:00', '18:30:00', 1, 16, 6),
(2, NULL, 8, 'BS_19', 4, 22, '2019-02-10', 'Sunday', '16:30:00', '18:30:00', 1, 16, 6),
(3, NULL, 8, 'BS_19', 4, 22, '2019-02-17', 'Sunday', '16:30:00', '18:30:00', 1, 16, 6),
(4, NULL, 8, 'BS_19', 4, 22, '2019-02-24', 'Sunday', '16:30:00', '18:30:00', 1, 16, 6),
(5, NULL, 8, 'BS_19', 4, 22, '2019-03-03', 'Sunday', '16:30:00', '18:30:00', 1, 16, 6),
(6, NULL, 8, 'BS_19', 4, 22, '2019-03-10', 'Sunday', '16:30:00', '18:30:00', 1, 16, 6),
(7, NULL, 8, 'BS_19', 4, 22, '2019-03-17', 'Sunday', '16:30:00', '18:30:00', 1, 16, 6),
(8, NULL, 8, 'BS_19', 4, 22, '2019-03-24', 'Sunday', '16:30:00', '18:30:00', 1, 16, 6),
(9, NULL, 8, 'BS_19', 4, 22, '2019-03-31', 'Sunday', '16:30:00', '18:30:00', 1, 16, 6),
(12, NULL, 8, 'BS_19', 4, 22, '2019-04-21', 'Sunday', '16:30:00', '18:30:00', 1, 16, 6),
(13, NULL, 8, 'BS_19', 4, 22, '2019-04-28', 'Sunday', '16:30:00', '18:30:00', 1, 16, 6),
(14, NULL, 8, 'BS_19', 4, 22, '2019-05-05', 'Sunday', '16:30:00', '18:30:00', 1, 16, 6),
(15, NULL, 8, 'BS_19', 4, 22, '2019-05-12', 'Sunday', '16:30:00', '18:30:00', 1, 16, 6),
(17, NULL, 8, 'BS_19', 4, 22, '2019-05-26', 'Sunday', '16:30:00', '18:30:00', 1, 16, 6),
(18, NULL, 8, 'BS_19', 4, 22, '2019-06-02', 'Sunday', '16:30:00', '18:30:00', 1, 16, 6),
(19, NULL, 8, 'BS_19', 4, 22, '2019-06-09', 'Sunday', '16:30:00', '18:30:00', 1, 16, 6),
(21, NULL, 8, 'BS_19', 4, 22, '2019-06-23', 'Sunday', '16:30:00', '18:30:00', 1, 16, 6),
(22, NULL, 8, 'BS_19', 4, 22, '2019-06-30', 'Sunday', '16:30:00', '18:30:00', 1, 16, 6),
(23, NULL, 8, 'BS_19', 4, 22, '2019-07-07', 'Sunday', '16:30:00', '18:30:00', 1, 16, 6),
(24, NULL, 8, 'BS_19', 4, 22, '2019-07-14', 'Sunday', '16:30:00', '18:30:00', 1, 16, 6),
(25, NULL, 8, 'BS_19', 4, 21, '2019-02-03', 'Sunday', '14:00:00', '16:00:00', 1, 1, 3),
(26, NULL, 8, 'BS_19', 4, 21, '2019-02-10', 'Sunday', '14:00:00', '16:00:00', 1, 1, 3),
(27, NULL, 8, 'BS_19', 4, 21, '2019-02-17', 'Sunday', '14:00:00', '16:00:00', 1, 1, 3),
(28, NULL, 8, 'BS_19', 4, 21, '2019-02-24', 'Sunday', '14:00:00', '16:00:00', 1, 1, 3),
(29, NULL, 8, 'BS_19', 4, 21, '2019-03-03', 'Sunday', '14:00:00', '16:00:00', 1, 1, 3),
(30, NULL, 8, 'BS_19', 4, 21, '2019-03-10', 'Sunday', '14:00:00', '16:00:00', 1, 1, 3),
(31, NULL, 8, 'BS_19', 4, 21, '2019-03-17', 'Sunday', '14:00:00', '16:00:00', 1, 1, 3),
(32, NULL, 8, 'BS_19', 4, 21, '2019-03-24', 'Sunday', '14:00:00', '16:00:00', 1, 1, 3),
(33, NULL, 8, 'BS_19', 4, 21, '2019-03-31', 'Sunday', '14:00:00', '16:00:00', 1, 1, 3),
(36, NULL, 8, 'BS_19', 4, 21, '2019-04-21', 'Sunday', '14:00:00', '16:00:00', 1, 1, 3),
(37, NULL, 8, 'BS_19', 4, 21, '2019-04-28', 'Sunday', '14:00:00', '16:00:00', 1, 1, 3),
(38, NULL, 8, 'BS_19', 4, 21, '2019-05-05', 'Sunday', '14:00:00', '16:00:00', 1, 1, 3),
(39, NULL, 8, 'BS_19', 4, 21, '2019-05-12', 'Sunday', '14:00:00', '16:00:00', 1, 1, 3),
(41, NULL, 8, 'BS_19', 4, 21, '2019-05-26', 'Sunday', '14:00:00', '16:00:00', 1, 1, 3),
(42, NULL, 8, 'BS_19', 4, 21, '2019-06-02', 'Sunday', '14:00:00', '16:00:00', 1, 1, 3),
(43, NULL, 8, 'BS_19', 4, 21, '2019-06-09', 'Sunday', '14:00:00', '16:00:00', 1, 1, 3),
(45, NULL, 8, 'BS_19', 4, 21, '2019-06-23', 'Sunday', '14:00:00', '16:00:00', 1, 1, 3),
(46, NULL, 8, 'BS_19', 4, 19, '2019-02-03', 'Sunday', '08:30:00', '10:30:00', 1, 16, 7),
(47, NULL, 8, 'BS_19', 4, 19, '2019-02-10', 'Sunday', '08:30:00', '10:30:00', 1, 16, 7),
(48, NULL, 8, 'BS_19', 4, 19, '2019-02-17', 'Sunday', '08:30:00', '10:30:00', 1, 16, 7),
(49, NULL, 8, 'BS_19', 4, 19, '2019-02-24', 'Sunday', '08:30:00', '10:30:00', 1, 16, 7),
(50, NULL, 8, 'BS_19', 4, 19, '2019-03-03', 'Sunday', '08:30:00', '10:30:00', 1, 16, 7),
(51, NULL, 8, 'BS_19', 4, 19, '2019-03-10', 'Sunday', '08:30:00', '10:30:00', 1, 16, 7),
(52, NULL, 8, 'BS_19', 4, 19, '2019-03-17', 'Sunday', '08:30:00', '10:30:00', 1, 16, 7),
(53, NULL, 8, 'BS_19', 4, 19, '2019-03-24', 'Sunday', '08:30:00', '10:30:00', 1, 16, 7),
(54, NULL, 8, 'BS_19', 4, 19, '2019-03-31', 'Sunday', '08:30:00', '10:30:00', 1, 16, 7),
(57, NULL, 8, 'BS_19', 4, 19, '2019-04-21', 'Sunday', '08:30:00', '10:30:00', 1, 16, 7),
(58, NULL, 8, 'BS_19', 4, 19, '2019-04-28', 'Sunday', '08:30:00', '10:30:00', 1, 16, 7),
(59, NULL, 8, 'BS_19', 4, 19, '2019-05-05', 'Sunday', '08:30:00', '10:30:00', 1, 16, 7),
(60, NULL, 8, 'BS_19', 4, 19, '2019-05-12', 'Sunday', '08:30:00', '10:30:00', 1, 16, 7),
(62, NULL, 8, 'BS_19', 4, 19, '2019-05-26', 'Sunday', '08:30:00', '10:30:00', 1, 16, 7),
(63, NULL, 8, 'BS_19', 4, 19, '2019-06-02', 'Sunday', '08:30:00', '10:30:00', 1, 16, 7),
(64, NULL, 8, 'BS_19', 4, 19, '2019-06-09', 'Sunday', '08:30:00', '10:30:00', 1, 16, 7),
(66, NULL, 8, 'BS_19', 4, 19, '2019-06-23', 'Sunday', '08:30:00', '10:30:00', 1, 16, 7),
(67, NULL, 8, 'BS_19', 4, 20, '2019-02-03', 'Sunday', '11:00:00', '13:00:00', 1, 16, 12),
(68, NULL, 8, 'BS_19', 4, 20, '2019-02-10', 'Sunday', '11:00:00', '13:00:00', 1, 16, 12),
(69, NULL, 8, 'BS_19', 4, 20, '2019-02-17', 'Sunday', '11:00:00', '13:00:00', 1, 16, 12),
(70, NULL, 8, 'BS_19', 4, 20, '2019-02-24', 'Sunday', '11:00:00', '13:00:00', 1, 16, 12),
(71, NULL, 8, 'BS_19', 4, 20, '2019-03-03', 'Sunday', '11:00:00', '13:00:00', 1, 16, 12),
(72, NULL, 8, 'BS_19', 4, 20, '2019-03-10', 'Sunday', '11:00:00', '13:00:00', 1, 16, 12),
(73, NULL, 8, 'BS_19', 4, 20, '2019-03-17', 'Sunday', '11:00:00', '13:00:00', 1, 16, 12),
(74, NULL, 8, 'BS_19', 4, 20, '2019-03-24', 'Sunday', '11:00:00', '13:00:00', 1, 16, 12),
(75, NULL, 8, 'BS_19', 4, 20, '2019-03-31', 'Sunday', '11:00:00', '13:00:00', 1, 16, 12),
(78, NULL, 8, 'BS_19', 4, 20, '2019-04-21', 'Sunday', '11:00:00', '13:00:00', 1, 16, 12),
(79, NULL, 8, 'BS_19', 4, 20, '2019-04-28', 'Sunday', '11:00:00', '13:00:00', 1, 16, 12),
(80, NULL, 8, 'BS_19', 4, 20, '2019-05-05', 'Sunday', '11:00:00', '13:00:00', 1, 16, 12),
(81, NULL, 8, 'BS_19', 4, 20, '2019-05-12', 'Sunday', '11:00:00', '13:00:00', 1, 16, 12),
(83, NULL, 8, 'BS_19', 4, 20, '2019-05-26', 'Sunday', '11:00:00', '13:00:00', 1, 16, 12),
(84, NULL, 8, 'BS_19', 4, 20, '2019-06-02', 'Sunday', '11:00:00', '13:00:00', 1, 16, 12),
(85, NULL, 8, 'BS_19', 4, 20, '2019-06-09', 'Sunday', '11:00:00', '13:00:00', 1, 16, 12),
(86, NULL, 8, 'BS_21', 3, 16, '2019-02-02', 'Saturday', '14:00:00', '16:00:00', 1, 4, 14),
(87, NULL, 8, 'BS_21', 3, 16, '2019-02-09', 'Saturday', '14:00:00', '16:00:00', 1, 4, 14),
(88, NULL, 8, 'BS_21', 3, 16, '2019-02-16', 'Saturday', '14:00:00', '16:00:00', 1, 4, 14),
(89, NULL, 8, 'BS_21', 3, 16, '2019-02-23', 'Saturday', '14:00:00', '16:00:00', 1, 4, 14),
(90, NULL, 8, 'BS_21', 3, 16, '2019-03-02', 'Saturday', '14:00:00', '16:00:00', 1, 4, 14),
(91, NULL, 8, 'BS_21', 3, 16, '2019-03-09', 'Saturday', '14:00:00', '16:00:00', 1, 4, 14),
(92, NULL, 8, 'BS_22', 3, 16, '2019-03-16', 'Saturday', '14:00:00', '16:00:00', 12, 17, 14),
(93, NULL, 8, 'BS_21', 3, 16, '2019-03-23', 'Saturday', '14:00:00', '16:00:00', 1, 4, 14),
(94, NULL, 8, 'BS_21', 3, 16, '2019-03-30', 'Saturday', '14:00:00', '16:00:00', 1, 4, 14),
(95, NULL, 8, 'BS_21', 3, 16, '2019-04-06', 'Saturday', '14:00:00', '16:00:00', 1, 4, 14),
(100, NULL, 8, 'BS_21', 3, 16, '2019-04-20', 'Saturday', '14:00:00', '16:00:00', 12, 18, 22),
(101, NULL, 8, 'BS_21', 3, 16, '2019-03-16', 'Saturday', '14:00:00', '16:00:00', 12, 18, 22),
(102, NULL, 8, 'BS_21', 3, 16, '2019-04-27', 'Saturday', '14:00:00', '16:00:00', 1, 4, 14),
(104, NULL, 8, 'BS_21', 3, 16, '2019-05-11', 'Saturday', '14:00:00', '16:00:00', 1, 4, 14),
(106, NULL, 8, 'BS_21', 3, 16, '2019-05-25', 'Saturday', '14:00:00', '16:00:00', 1, 4, 14),
(107, NULL, 8, 'BS_21', 3, 16, '2019-06-01', 'Saturday', '14:00:00', '16:00:00', 1, 4, 14),
(108, NULL, 8, 'BS_21', 3, 16, '2019-06-08', 'Saturday', '14:00:00', '16:00:00', 2, 4, 14),
(109, NULL, 8, 'BS_21', 3, 17, '2019-02-02', 'Saturday', '16:30:00', '18:30:00', 1, 4, 18),
(110, NULL, 8, 'BS_21', 3, 17, '2019-02-09', 'Saturday', '16:30:00', '18:30:00', 1, 4, 18),
(111, NULL, 8, 'BS_21', 3, 17, '2019-02-16', 'Saturday', '16:30:00', '18:30:00', 1, 4, 18),
(112, NULL, 8, 'BS_21', 3, 17, '2019-02-23', 'Saturday', '16:30:00', '18:30:00', 1, 4, 18),
(113, NULL, 8, 'BS_21', 3, 17, '2019-03-02', 'Saturday', '16:30:00', '18:30:00', 1, 4, 18),
(114, NULL, 8, 'BS_21', 3, 17, '2019-03-09', 'Saturday', '16:30:00', '18:30:00', 1, 4, 18),
(115, NULL, 8, 'BS_21', 3, 17, '2019-03-16', 'Saturday', '00:00:16', '00:00:18', 12, 17, 18),
(116, NULL, 8, 'BS_21', 3, 17, '2019-03-23', 'Saturday', '16:30:00', '18:30:00', 1, 4, 18),
(117, NULL, 8, 'BS_21', 3, 17, '2019-03-30', 'Saturday', '16:30:00', '18:30:00', 1, 4, 18),
(118, NULL, 8, 'BS_21', 3, 17, '2019-04-06', 'Saturday', '16:30:00', '18:30:00', 1, 4, 18),
(120, NULL, 8, 'BS_21', 3, 17, '2019-04-20', 'Saturday', '16:30:00', '18:30:00', 1, 4, 18),
(121, NULL, 8, 'BS_21', 3, 17, '2019-04-27', 'Saturday', '16:30:00', '18:30:00', 1, 4, 18),
(122, NULL, 8, 'BS_21', 3, 17, '2019-05-11', 'Saturday', '16:30:00', '18:30:00', 2, 17, 18),
(123, NULL, 8, 'BS_21', 3, 16, '2019-06-08', 'Saturday', '14:00:00', '16:00:00', 12, 17, 22),
(124, NULL, 8, 'BS_21', 3, 17, '2019-05-11', 'Saturday', '16:30:00', '18:30:00', 12, 18, 22),
(125, NULL, 8, 'BS_21', 3, 17, '2019-06-15', 'Saturday', '16:30:00', '18:30:00', 12, 17, 18),
(126, NULL, 8, 'BS_21', 3, 17, '2019-06-15', 'Saturday', '16:30:00', '18:30:00', 12, 18, 22),
(127, NULL, 8, 'BS_21', 3, 14, '2019-02-03', 'Sunday', '08:30:00', '10:30:00', 1, 4, 11),
(128, NULL, 8, 'BS_21', 3, 14, '2019-02-10', 'Sunday', '08:30:00', '10:30:00', 1, 4, 11),
(129, NULL, 8, 'BS_21', 3, 14, '2019-02-17', 'Sunday', '08:30:00', '10:30:00', 1, 4, 11),
(130, NULL, 8, 'BS_21', 3, 14, '2019-02-24', 'Sunday', '08:30:00', '10:30:00', 1, 4, 11),
(131, NULL, 8, 'BS_21', 3, 14, '2019-03-03', 'Sunday', '08:30:00', '10:30:00', 1, 4, 11),
(132, NULL, 8, 'BS_21', 3, 14, '2019-03-10', 'Sunday', '08:30:00', '10:30:00', 1, 4, 11),
(133, NULL, 8, 'BS_21', 3, 14, '2019-03-17', 'Sunday', '16:30:00', '18:30:00', 1, 4, 11),
(134, NULL, 8, 'BS_21', 3, 14, '2019-03-24', 'Sunday', '16:30:00', '18:30:00', 1, 4, 11),
(135, NULL, 8, 'BS_21', 3, 14, '2019-03-31', 'Sunday', '16:30:00', '18:30:00', 1, 4, 11),
(138, NULL, 8, 'BS_21', 3, 14, '2019-04-21', 'Sunday', '16:30:00', '18:30:00', 1, 4, 11),
(139, NULL, 8, 'BS_21', 3, 14, '2019-04-28', 'Sunday', '16:30:00', '18:30:00', 1, 4, 11),
(140, NULL, 8, 'BS_21', 3, 14, '2019-05-05', 'Sunday', '16:30:00', '18:30:00', 1, 4, 11),
(141, NULL, 8, 'BS_21', 3, 14, '2019-05-12', 'Sunday', '16:30:00', '18:30:00', 1, 4, 11),
(143, NULL, 8, 'BS_21', 3, 14, '2019-05-26', 'Sunday', '16:30:00', '18:30:00', 1, 4, 11),
(144, NULL, 8, 'BS_21', 3, 14, '2019-06-02', 'Sunday', '16:30:00', '18:30:00', 1, 4, 11),
(145, NULL, 8, 'BS_21', 3, 14, '2019-06-09', 'Sunday', '16:30:00', '18:30:00', 1, 4, 11),
(146, NULL, 8, 'BS_21', 3, 18, '2019-02-03', 'Sunday', '11:00:00', '13:00:00', 1, 4, 11),
(147, NULL, 8, 'BS_21', 3, 18, '2019-02-10', 'Sunday', '11:00:00', '13:00:00', 1, 4, 11),
(148, NULL, 8, 'BS_21', 3, 18, '2019-02-17', 'Sunday', '11:00:00', '13:00:00', 1, 4, 11),
(149, NULL, 8, 'BS_21', 3, 18, '2019-02-24', 'Sunday', '11:00:00', '13:00:00', 1, 4, 11),
(150, NULL, 8, 'BS_21', 3, 18, '2019-03-03', 'Sunday', '11:00:00', '13:00:00', 1, 4, 11),
(151, NULL, 8, 'BS_21', 3, 18, '2019-03-10', 'Sunday', '11:00:00', '13:00:00', 1, 4, 11),
(152, NULL, 8, 'BS_21', 3, 18, '2019-03-17', 'Sunday', '14:00:00', '16:00:00', 1, 4, 11),
(153, NULL, 8, 'BS_21', 3, 18, '2019-03-24', 'Sunday', '14:00:00', '16:00:00', 1, 4, 11),
(154, NULL, 8, 'BS_21', 3, 18, '2019-03-31', 'Sunday', '14:00:00', '16:00:00', 12, 17, 11),
(169, NULL, 8, 'BS_21', 3, 18, '2019-04-21', 'Sunday', '14:00:00', '16:00:00', 1, 4, 11),
(171, NULL, 8, 'BS_21', 3, 18, '2019-05-05', 'Sunday', '14:00:00', '16:00:00', 1, 4, 11),
(172, NULL, 8, 'BS_21', 3, 18, '2019-05-12', 'Sunday', '14:00:00', '16:00:00', 1, 4, 11),
(173, NULL, 8, 'BS_21', 3, 15, '2019-02-03', 'Sunday', '14:00:00', '16:00:00', 1, 4, 15),
(174, NULL, 8, 'BS_21', 3, 15, '2019-02-10', 'Sunday', '14:00:00', '16:00:00', 1, 4, 15),
(175, NULL, 8, 'BS_21', 3, 15, '2019-02-17', 'Sunday', '14:00:00', '16:00:00', 1, 4, 15),
(176, NULL, 8, 'BS_21', 3, 15, '2019-03-17', 'Sunday', '11:00:00', '13:00:00', 12, 4, 15),
(177, NULL, 8, 'BS_21', 3, 15, '2019-03-24', 'Sunday', '11:00:00', '13:00:00', 12, 4, 15),
(180, NULL, 8, 'BS_21', 3, 15, '2019-03-31', 'Sunday', '11:00:00', '13:00:00', 1, 4, 15),
(183, NULL, 8, 'BS_21', 3, 15, '2019-04-21', 'Sunday', '11:00:00', '13:00:00', 1, 4, 15),
(184, NULL, 8, 'BS_21', 3, 15, '2019-04-28', 'Sunday', '11:00:00', '13:00:00', 1, 4, 15),
(185, NULL, 8, 'BS_21', 3, 15, '2019-05-05', 'Sunday', '11:00:00', '13:00:00', 12, 17, 15),
(186, NULL, 8, 'BS_21', 3, 15, '2019-05-12', 'Sunday', '11:00:00', '13:00:00', 1, 4, 15),
(188, NULL, 8, 'BS_21', 3, 15, '2019-05-26', 'Sunday', '11:00:00', '13:00:00', 1, 4, 15),
(189, NULL, 8, 'BS_21', 3, 15, '2019-06-02', 'Sunday', '11:00:00', '13:00:00', 1, 4, 15),
(190, NULL, 8, 'BS_21', 3, 15, '2019-06-09', 'Sunday', '11:00:00', '13:00:00', 12, 17, 15),
(192, NULL, 8, 'BS_21', 3, 13, '2019-02-03', 'Sunday', '00:00:16', '00:00:18', 1, 4, 6),
(193, NULL, 8, 'BS_21', 3, 13, '2019-02-10', 'Sunday', '00:00:16', '00:00:18', 1, 4, 6),
(194, NULL, 8, 'BS_21', 3, 13, '2019-02-17', 'Sunday', '00:00:16', '00:00:18', 1, 4, 6),
(195, NULL, 8, 'BS_21', 3, 13, '2019-02-24', 'Sunday', '00:00:16', '00:00:18', 1, 4, 6),
(196, NULL, 8, 'BS_21', 3, 13, '2019-03-03', 'Sunday', '00:00:16', '00:00:18', 1, 4, 6),
(197, NULL, 8, 'BS_21', 3, 13, '2019-03-10', 'Sunday', '00:00:16', '00:00:18', 1, 4, 6),
(198, NULL, 8, 'BS_21', 3, 13, '2019-03-17', 'Sunday', '08:30:00', '10:30:00', 1, 4, 6),
(199, NULL, 8, 'BS_21', 3, 13, '2019-03-24', 'Sunday', '08:30:00', '10:30:00', 1, 4, 6),
(200, NULL, 8, 'BS_21', 3, 13, '2019-03-31', 'Sunday', '08:30:00', '10:30:00', 1, 4, 6),
(203, NULL, 8, 'BS_21', 3, 13, '2019-04-21', 'Sunday', '08:30:00', '10:30:00', 1, 4, 6),
(204, NULL, 8, 'BS_21', 3, 13, '2019-04-28', 'Sunday', '08:30:00', '10:30:00', 1, 4, 6),
(205, NULL, 8, 'BS_23', 2, 9, '2019-01-12', 'Saturday', '14:00:00', '16:00:00', 1, 6, 9),
(206, NULL, 8, 'BS_23', 2, 9, '2019-01-19', 'Saturday', '14:00:00', '16:00:00', 1, 6, 9),
(207, NULL, 8, 'BS_23', 2, 9, '2019-01-26', 'Saturday', '14:00:00', '16:00:00', 1, 6, 9),
(208, NULL, 8, 'BS_23', 2, 9, '2019-02-02', 'Saturday', '14:00:00', '16:00:00', 12, 6, 9),
(209, NULL, 8, 'BS_23', 2, 9, '2019-02-09', 'Saturday', '14:00:00', '16:00:00', 1, 6, 9),
(210, NULL, 8, 'BS_23', 2, 9, '2019-02-16', 'Saturday', '14:00:00', '16:00:00', 1, 6, 9),
(211, NULL, 8, 'BS_23', 2, 9, '2019-02-23', 'Saturday', '14:00:00', '16:00:00', 1, 6, 9),
(212, NULL, 8, 'BS_23', 2, 9, '2019-03-02', 'Saturday', '14:00:00', '16:00:00', 1, 6, 9),
(217, NULL, 8, 'BS_23', 2, 9, '2019-03-16', 'Saturday', '14:00:00', '16:00:00', 1, 6, 9),
(218, NULL, 8, 'BS_23', 2, 9, '2019-03-23', 'Saturday', '14:00:00', '16:00:00', 1, 6, 9),
(219, NULL, 8, 'BS_23', 2, 9, '2019-03-30', 'Saturday', '14:00:00', '16:00:00', 1, 6, 9),
(220, NULL, 8, 'BS_23', 2, 9, '2019-04-06', 'Saturday', '14:00:00', '16:00:00', 1, 6, 9),
(222, NULL, 8, 'BS_23', 2, 9, '2019-04-20', 'Saturday', '14:00:00', '16:00:00', 1, 6, 9),
(223, NULL, 8, 'BS_23', 2, 9, '2019-04-27', 'Saturday', '14:00:00', '16:00:00', 1, 6, 9),
(225, NULL, 8, 'BS_23', 2, 9, '2019-05-11', 'Saturday', '14:00:00', '16:00:00', 1, 6, 9),
(226, NULL, 8, 'BS_23', 2, 8, '2019-01-12', 'Saturday', '16:30:00', '18:30:00', 1, 1, 3),
(227, NULL, 8, 'BS_23', 2, 8, '2019-01-19', 'Saturday', '16:30:00', '18:30:00', 1, 1, 3),
(228, NULL, 8, 'BS_23', 2, 8, '2019-01-26', 'Saturday', '16:30:00', '18:30:00', 1, 1, 3),
(229, NULL, 8, 'BS_23', 2, 8, '2019-02-02', 'Saturday', '16:30:00', '18:30:00', 1, 1, 3),
(230, NULL, 8, 'BS_23', 2, 8, '2019-02-09', 'Saturday', '16:30:00', '18:30:00', 12, 1, 3),
(231, NULL, 8, 'BS_23', 2, 8, '2019-02-16', 'Saturday', '16:30:00', '18:30:00', 1, 1, 3),
(232, NULL, 8, 'BS_23', 2, 8, '2019-02-23', 'Saturday', '16:30:00', '18:30:00', 1, 1, 3),
(233, NULL, 8, 'BS_23', 2, 8, '2019-03-02', 'Saturday', '16:30:00', '18:30:00', 1, 1, 3),
(234, NULL, 8, 'BS_23', 2, 8, '2019-03-09', 'Saturday', '16:30:00', '18:30:00', 1, 1, 3),
(235, NULL, 8, 'BS_23', 2, 8, '2019-03-16', 'Saturday', '16:30:00', '18:30:00', 1, 1, 3),
(236, NULL, 8, 'BS_23', 2, 8, '2019-03-23', 'Saturday', '16:30:00', '18:30:00', 12, 1, 3),
(237, NULL, 8, 'BS_23', 2, 8, '2019-03-30', 'Saturday', '16:30:00', '18:30:00', 1, 1, 3),
(238, NULL, 8, 'BS_23', 2, 8, '2019-04-06', 'Saturday', '16:30:00', '18:30:00', 1, 1, 3),
(240, NULL, 8, 'BS_23', 2, 8, '2019-04-20', 'Saturday', '16:30:00', '18:30:00', 1, 1, 3),
(241, NULL, 8, 'BS_23', 2, 8, '2019-04-27', 'Saturday', '16:30:00', '18:30:00', 1, 1, 3),
(243, NULL, 8, 'BS_23', 2, 8, '2019-05-11', 'Saturday', '16:30:00', '18:30:00', 1, 1, 3),
(244, NULL, 8, 'BS_23', 2, 8, '2019-05-25', 'Saturday', '16:30:00', '18:30:00', 12, 1, 3),
(245, NULL, 8, 'BS_23', 2, 10, '2019-01-13', 'Sunday', '08:30:00', '10:30:00', 1, 6, 10),
(246, NULL, 8, 'BS_23', 2, 10, '2019-01-27', 'Sunday', '11:00:00', '13:00:00', 1, 6, 10),
(247, NULL, 8, 'BS_23', 2, 10, '2019-02-03', 'Sunday', '11:00:00', '13:00:00', 1, 6, 10),
(248, NULL, 8, 'BS_23', 2, 10, '2019-02-10', 'Sunday', '11:00:00', '13:00:00', 1, 6, 10),
(249, NULL, 8, 'BS_23', 2, 10, '2019-02-17', 'Sunday', '11:00:00', '13:00:00', 1, 6, 10),
(250, NULL, 8, 'BS_23', 2, 10, '2019-02-24', 'Sunday', '11:00:00', '13:00:00', 12, 6, 10),
(251, NULL, 8, 'BS_23', 2, 10, '2019-03-03', 'Sunday', '11:00:00', '13:00:00', 1, 6, 10),
(252, NULL, 8, 'BS_23', 2, 10, '2019-03-10', 'Sunday', '11:00:00', '13:00:00', 1, 6, 10),
(253, NULL, 8, 'BS_23', 2, 10, '2019-03-17', 'Sunday', '11:00:00', '13:00:00', 1, 6, 10),
(254, NULL, 8, 'BS_23', 2, 10, '2019-03-24', 'Sunday', '11:00:00', '13:00:00', 1, 6, 10),
(255, NULL, 8, 'BS_23', 2, 10, '2019-03-31', 'Sunday', '11:00:00', '13:00:00', 12, 17, 10),
(256, NULL, 8, 'BS_23', 2, 10, '2019-03-31', 'Sunday', '11:00:00', '13:00:00', 12, 18, 22),
(257, NULL, 8, 'BS_23', 2, 10, '2019-04-21', 'Sunday', '11:00:00', '13:00:00', 1, 6, 10),
(258, NULL, 8, 'BS_23', 2, 10, '2019-04-28', 'Sunday', '11:00:00', '13:00:00', 1, 6, 10),
(259, NULL, 8, 'BS_23', 2, 10, '2019-05-05', 'Sunday', '11:00:00', '13:00:00', 1, 6, 10),
(260, NULL, 8, 'BS_23', 2, 10, '2019-05-12', 'Sunday', '11:00:00', '13:00:00', 12, 6, 10),
(261, NULL, 8, 'BS_23', 2, 7, '2019-01-13', 'Sunday', '11:00:00', '13:00:00', 1, 6, 7),
(262, NULL, 8, 'BS_23', 2, 7, '2019-01-13', 'Sunday', '14:00:00', '16:00:00', 1, 6, 7),
(263, NULL, 8, 'BS_23', 2, 7, '2019-02-10', 'Sunday', '16:30:00', '18:30:00', 1, 6, 7),
(264, NULL, 8, 'BS_23', 2, 7, '2019-02-17', 'Sunday', '16:30:00', '18:30:00', 12, 6, 7),
(265, NULL, 8, 'BS_23', 2, 7, '2019-02-24', 'Sunday', '16:30:00', '18:30:00', 1, 6, 7),
(266, NULL, 8, 'BS_23', 2, 7, '2019-03-03', 'Sunday', '16:30:00', '18:30:00', 1, 6, 7),
(267, NULL, 8, 'BS_23', 2, 7, '2019-03-10', 'Sunday', '16:30:00', '18:30:00', 12, 6, 7),
(268, NULL, 8, 'BS_23', 2, 7, '2019-03-17', 'Sunday', '16:30:00', '18:30:00', 1, 6, 7),
(269, NULL, 8, 'BS_23', 2, 7, '2019-03-24', 'Sunday', '16:30:00', '18:30:00', 1, 6, 7),
(270, NULL, 8, 'BS_23', 2, 7, '2019-03-31', 'Sunday', '16:30:00', '18:30:00', 1, 6, 7),
(271, NULL, 8, 'BS_23', 2, 7, '2019-04-21', 'Sunday', '16:30:00', '18:30:00', 12, 6, 7),
(272, NULL, 8, 'BS_23', 2, 7, '2019-04-28', 'Sunday', '16:30:00', '18:30:00', 1, 6, 7),
(273, NULL, 8, 'BS_23', 2, 7, '2019-05-05', 'Sunday', '16:30:00', '18:30:00', 1, 6, 7),
(274, NULL, 8, 'BS_23', 2, 7, '2019-05-12', 'Sunday', '16:30:00', '18:30:00', 1, 6, 7),
(276, NULL, 8, 'BS_23', 2, 7, '2019-05-26', 'Sunday', '16:30:00', '18:30:00', 1, 6, 7),
(277, NULL, 8, 'BS_23', 2, 7, '2019-06-02', 'Sunday', '16:30:00', '18:30:00', 1, 6, 7),
(278, NULL, 8, 'BS_23', 2, 7, '2019-05-12', 'Sunday', '14:00:00', '16:00:00', 1, 6, 7),
(279, NULL, 8, 'BS_23', 2, 7, '2019-05-26', 'Sunday', '14:00:00', '16:00:00', 12, 6, 7),
(280, NULL, 8, 'BS_23', 2, 7, '2019-06-02', 'Sunday', '14:00:00', '16:00:00', 1, 6, 7),
(281, NULL, 8, 'BS_23', 2, 7, '2019-06-09', 'Sunday', '14:00:00', '16:00:00', 12, 6, 7),
(282, NULL, 8, 'BS_23', 2, 11, '2019-01-13', 'Sunday', '16:30:00', '18:30:00', 1, 6, 15),
(283, NULL, 8, 'BS_23', 2, 11, '2019-01-27', 'Sunday', '16:30:00', '18:30:00', 1, 6, 15),
(284, NULL, 8, 'BS_23', 2, 11, '2019-03-24', 'Sunday', '14:00:00', '16:00:00', 1, 6, 15),
(285, NULL, 8, 'BS_23', 2, 11, '2019-03-31', 'Sunday', '14:00:00', '16:00:00', 1, 6, 15),
(288, NULL, 8, 'BS_23', 2, 11, '2019-04-21', 'Sunday', '14:00:00', '16:00:00', 1, 6, 15),
(289, NULL, 8, 'BS_23', 2, 11, '2019-04-28', 'Sunday', '14:00:00', '16:00:00', 1, 6, 15),
(290, NULL, 8, 'BS_23', 2, 11, '2019-05-05', 'Sunday', '14:00:00', '16:00:00', 12, 2, 15),
(291, NULL, 8, 'BS_23', 2, 12, '2019-01-27', 'Sunday', '08:30:00', '10:30:00', 1, 6, 13),
(292, NULL, 8, 'BS_23', 2, 12, '2019-02-03', 'Sunday', '08:30:00', '10:30:00', 1, 6, 13),
(293, NULL, 8, 'BS_23', 2, 12, '2019-02-10', 'Sunday', '08:30:00', '10:30:00', 1, 6, 13),
(294, NULL, 8, 'BS_23', 2, 12, '2019-02-17', 'Sunday', '08:30:00', '10:30:00', 1, 6, 13),
(295, NULL, 8, 'BS_23', 2, 12, '2019-02-24', 'Sunday', '08:30:00', '10:30:00', 1, 6, 13),
(296, NULL, 8, 'BS_23', 2, 12, '2019-03-03', 'Sunday', '08:30:00', '10:30:00', 1, 6, 13),
(297, NULL, 8, 'BS_23', 2, 12, '2019-03-10', 'Sunday', '08:30:00', '10:30:00', 1, 6, 13),
(298, NULL, 8, 'BS_23', 2, 12, '2019-03-17', 'Sunday', '08:30:00', '10:30:00', 1, 6, 13),
(299, NULL, 8, 'BS_23', 2, 12, '2019-03-24', 'Sunday', '08:30:00', '10:30:00', 1, 6, 13),
(300, NULL, 8, 'BS_23', 2, 12, '2019-03-31', 'Sunday', '08:30:00', '10:30:00', 1, 6, 13),
(303, NULL, 8, 'BS_23', 2, 12, '2019-04-21', 'Sunday', '08:30:00', '10:30:00', 1, 6, 13),
(304, NULL, 8, 'BS_23', 2, 12, '2019-04-28', 'Sunday', '08:30:00', '10:30:00', 1, 6, 13),
(305, NULL, 8, 'BS_23', 2, 12, '2019-05-05', 'Sunday', '08:30:00', '10:30:00', 1, 6, 13),
(306, NULL, 8, 'BS_23', 2, 12, '2019-05-12', 'Sunday', '08:30:00', '10:30:00', 1, 6, 13),
(307, NULL, 8, 'BS_23', 2, 12, '2019-05-26', 'Sunday', '00:00:08', '13:00:00', 12, 17, 13),
(308, NULL, 8, 'BS_23', 2, 12, '2019-05-26', 'Sunday', '08:30:00', '13:00:00', 12, 18, 13),
(309, NULL, 8, 'BS_24', 2, 8, '2019-03-18', 'Monday', '11:00:00', '13:00:00', 1, 1, 3),
(310, NULL, 8, 'BS_24', 2, 8, '2019-03-25', 'Monday', '11:00:00', '13:00:00', 1, 1, 3),
(311, NULL, 8, 'BS_24', 2, 8, '2019-04-01', 'Monday', '11:00:00', '13:00:00', 1, 1, 3),
(312, NULL, 8, 'BS_24', 2, 8, '2019-04-08', 'Monday', '11:00:00', '13:00:00', 1, 1, 3),
(314, NULL, 8, 'BS_24', 2, 8, '2019-04-22', 'Monday', '11:00:00', '13:00:00', 1, 1, 3),
(321, NULL, 8, 'BS_24', 2, 8, '2019-04-29', 'Monday', '11:00:00', '13:00:00', 12, 1, 3),
(322, NULL, 8, 'BS_24', 2, 8, '2019-05-06', 'Monday', '11:00:00', '13:00:00', 1, 1, 3),
(323, NULL, 8, 'BS_24', 2, 8, '2019-05-13', 'Monday', '11:00:00', '13:00:00', 1, 1, 3),
(324, NULL, 8, 'BS_24', 2, 8, '2019-05-20', 'Monday', '11:00:00', '13:00:00', 1, 1, 3),
(325, NULL, 8, 'BS_24', 2, 8, '2019-05-27', 'Monday', '11:00:00', '13:00:00', 12, 1, 3),
(326, NULL, 8, 'BS_24', 2, 8, '2019-06-10', 'Monday', '11:00:00', '13:00:00', 1, 1, 3),
(327, NULL, 8, 'BS_24', 2, 8, '2019-06-17', 'Monday', '11:00:00', '13:00:00', 1, 1, 3),
(328, NULL, 8, 'BS_24', 2, 8, '2019-06-24', 'Monday', '11:00:00', '13:00:00', 1, 1, 3),
(329, NULL, 8, 'BS_24', 2, 8, '2019-07-01', 'Monday', '11:00:00', '13:00:00', 1, 1, 3),
(330, NULL, 8, 'BS_24', 2, 8, '2019-07-08', 'Monday', '11:00:00', '13:00:00', 12, 1, 3),
(331, NULL, 8, 'BS_24', 2, 12, '2019-04-01', 'Monday', '14:00:00', '16:00:00', 1, 6, 13),
(332, NULL, 8, 'BS_24', 2, 12, '2019-04-08', 'Monday', '14:00:00', '16:00:00', 1, 6, 13),
(334, NULL, 8, 'BS_24', 2, 12, '2019-04-22', 'Monday', '14:00:00', '16:00:00', 1, 6, 13),
(335, NULL, 8, 'BS_24', 2, 12, '2019-04-29', 'Monday', '14:00:00', '16:00:00', 1, 6, 13),
(336, NULL, 8, 'BS_24', 2, 12, '2019-05-06', 'Monday', '14:00:00', '16:00:00', 1, 6, 13),
(337, NULL, 8, 'BS_24', 2, 12, '2019-05-13', 'Monday', '14:00:00', '16:00:00', 1, 6, 13),
(338, NULL, 8, 'BS_24', 2, 12, '2019-05-20', 'Monday', '14:00:00', '16:00:00', 1, 6, 13),
(339, NULL, 8, 'BS_24', 2, 12, '2019-05-27', 'Monday', '14:00:00', '16:00:00', 1, 6, 13),
(340, NULL, 8, 'BS_24', 2, 12, '2019-06-03', 'Monday', '14:00:00', '16:00:00', 1, 6, 13),
(341, NULL, 8, 'BS_24', 2, 12, '2019-06-10', 'Monday', '14:00:00', '16:00:00', 1, 6, 13),
(342, NULL, 8, 'BS_24', 2, 12, '2019-06-17', 'Monday', '14:00:00', '16:00:00', 1, 6, 13),
(343, NULL, 8, 'BS_24', 2, 12, '2019-06-24', 'Monday', '14:00:00', '16:00:00', 1, 6, 13),
(344, NULL, 8, 'BS_24', 2, 12, '2019-07-01', 'Monday', '14:00:00', '16:00:00', 1, 6, 13),
(345, NULL, 8, 'BS_24', 2, 12, '2019-07-08', 'Monday', '14:00:00', '16:00:00', 1, 6, 13),
(346, NULL, 8, 'BS_24', 2, 12, '2019-07-15', 'Monday', '11:00:00', '16:00:00', 12, 16, 13),
(351, NULL, 8, 'BS_24', 2, 10, '2019-03-19', 'Tuesday', '09:00:00', '12:00:00', 1, 1, 10),
(352, NULL, 8, 'BS_24', 2, 10, '2019-03-26', 'Tuesday', '09:00:00', '12:00:00', 1, 1, 10),
(353, NULL, 8, 'BS_24', 2, 10, '2019-04-02', 'Tuesday', '09:00:00', '12:00:00', 1, 1, 10),
(356, NULL, 8, 'BS_24', 2, 10, '2019-04-23', 'Tuesday', '09:00:00', '12:00:00', 1, 1, 10),
(357, NULL, 8, 'BS_24', 2, 10, '2019-04-30', 'Tuesday', '09:00:00', '12:00:00', 1, 1, 10),
(358, NULL, 8, 'BS_24', 2, 10, '2019-05-07', 'Tuesday', '09:00:00', '12:00:00', 1, 1, 10),
(359, NULL, 8, 'BS_24', 2, 10, '2019-05-14', 'Tuesday', '09:00:00', '12:00:00', 1, 1, 10),
(360, NULL, 8, 'BS_24', 2, 10, '2019-05-21', 'Tuesday', '09:00:00', '12:00:00', 1, 1, 10),
(361, NULL, 8, 'BS_24', 2, 10, '2019-05-28', 'Tuesday', '09:00:00', '12:00:00', 1, 1, 10),
(362, NULL, 8, 'BS_24', 2, 10, '2019-03-19', 'Tuesday', '09:00:00', '12:00:00', 1, 6, 17),
(363, NULL, 8, 'BS_24', 2, 10, '2019-03-26', 'Tuesday', '09:00:00', '12:00:00', 1, 6, 17),
(364, NULL, 8, 'BS_24', 2, 10, '2019-04-02', 'Tuesday', '09:00:00', '12:00:00', 1, 6, 17),
(366, NULL, 8, 'BS_24', 2, 10, '2019-04-16', 'Tuesday', '09:00:00', '12:00:00', 1, 6, 17),
(367, NULL, 8, 'BS_24', 2, 10, '2019-04-23', 'Tuesday', '09:00:00', '12:00:00', 1, 6, 17),
(368, NULL, 8, 'BS_24', 2, 10, '2019-04-30', 'Tuesday', '09:00:00', '12:00:00', 1, 6, 17),
(369, NULL, 8, 'BS_24', 2, 10, '2019-05-07', 'Tuesday', '09:00:00', '12:00:00', 1, 6, 17),
(370, NULL, 8, 'BS_24', 2, 10, '2019-05-14', 'Tuesday', '09:00:00', '12:00:00', 1, 6, 17),
(371, NULL, 8, 'BS_24', 2, 10, '2019-05-21', 'Tuesday', '09:00:00', '12:00:00', 1, 6, 17),
(372, NULL, 8, 'BS_24', 2, 10, '2019-05-28', 'Tuesday', '09:00:00', '12:00:00', 1, 6, 17),
(373, NULL, 8, 'BS_24', 2, 7, '2019-03-19', 'Tuesday', '01:00:00', '03:00:00', 1, 6, 7),
(374, NULL, 8, 'BS_24', 2, 7, '2019-03-26', 'Tuesday', '01:00:00', '03:00:00', 1, 6, 7),
(376, NULL, 8, 'BS_24', 2, 7, '2019-04-09', 'Tuesday', '01:00:00', '03:00:00', 1, 6, 7),
(377, NULL, 8, 'BS_24', 2, 7, '2019-04-16', 'Tuesday', '01:00:00', '03:00:00', 1, 6, 7),
(379, NULL, 8, 'BS_24', 2, 7, '2019-04-30', 'Tuesday', '13:00:00', '03:00:00', 12, 6, 7),
(380, NULL, 8, 'BS_24', 2, 7, '2019-03-19', 'Tuesday', '13:00:00', '15:00:00', 1, 6, 7),
(381, NULL, 8, 'BS_24', 2, 7, '2019-03-26', 'Tuesday', '13:00:00', '15:00:00', 1, 6, 7),
(382, NULL, 8, 'BS_24', 2, 7, '2019-04-02', 'Tuesday', '13:00:00', '15:00:00', 1, 6, 7),
(384, NULL, 8, 'BS_24', 2, 7, '2019-04-16', 'Tuesday', '13:00:00', '15:00:00', 1, 6, 7),
(385, NULL, 8, 'BS_24', 2, 7, '2019-04-23', 'Tuesday', '13:00:00', '15:00:00', 1, 6, 7),
(386, NULL, 8, 'BS_24', 2, 7, '2019-04-30', 'Tuesday', '13:00:00', '15:00:00', 12, 6, 7),
(387, NULL, 8, 'BS_24', 2, 7, '2019-05-07', 'Tuesday', '13:00:00', '15:00:00', 1, 6, 7),
(388, NULL, 8, 'BS_24', 2, 7, '2019-05-14', 'Tuesday', '13:00:00', '15:00:00', 1, 6, 7),
(389, NULL, 8, 'BS_24', 2, 7, '2019-05-21', 'Tuesday', '13:00:00', '15:00:00', 1, 6, 7),
(390, NULL, 8, 'BS_24', 2, 7, '2019-05-28', 'Tuesday', '13:00:00', '15:00:00', 1, 6, 7),
(391, NULL, 8, 'BS_24', 2, 7, '2019-06-04', 'Tuesday', '13:00:00', '15:00:00', 1, 6, 7),
(392, NULL, 8, 'BS_24', 2, 7, '2019-06-11', 'Tuesday', '13:00:00', '15:00:00', 1, 6, 7),
(393, NULL, 8, 'BS_24', 2, 7, '2019-06-18', 'Tuesday', '13:00:00', '15:00:00', 1, 6, 7),
(394, NULL, 8, 'BS_24', 2, 7, '2019-06-25', 'Tuesday', '13:00:00', '15:00:00', 1, 6, 7),
(395, NULL, 8, 'BS_24', 2, 7, '2019-07-02', 'Tuesday', '13:00:00', '15:00:00', 1, 6, 7),
(396, NULL, 8, 'BS_24', 2, 7, '2019-07-09', 'Tuesday', '13:00:00', '15:00:00', 1, 6, 7),
(397, NULL, 8, 'BS_24', 2, 7, '2019-07-16', 'Tuesday', '13:00:00', '15:00:00', 1, 6, 7),
(398, NULL, 8, 'BS_24', 2, 7, '2019-07-09', 'Tuesday', '09:00:00', '00:00:12', 1, 6, 7),
(399, NULL, 8, 'BS_24', 2, 9, '2019-04-04', 'Thursday', '08:30:00', '10:30:00', 1, 6, 5),
(400, NULL, 8, 'BS_24', 2, 9, '2019-04-25', 'Thursday', '08:30:00', '10:30:00', 1, 6, 5),
(401, NULL, 8, 'BS_24', 2, 9, '2019-05-02', 'Thursday', '08:30:00', '10:30:00', 12, 16, 5),
(402, NULL, 8, 'BS_24', 2, 9, '2019-05-02', 'Thursday', '08:30:00', '10:30:00', 12, 17, 22),
(406, NULL, 8, 'BS_24', 2, 9, '2019-05-09', 'Thursday', '08:30:00', '10:30:00', 1, 6, 5),
(407, NULL, 8, 'BS_24', 2, 9, '2019-05-16', 'Thursday', '08:30:00', '10:30:00', 1, 6, 5),
(408, NULL, 8, 'BS_24', 2, 9, '2019-05-23', 'Thursday', '08:30:00', '10:30:00', 1, 6, 5),
(409, NULL, 8, 'BS_24', 2, 9, '2019-05-30', 'Thursday', '08:30:00', '10:30:00', 12, 16, 5),
(410, NULL, 8, 'BS_24', 2, 9, '2019-05-30', 'Thursday', '08:30:00', '10:30:00', 12, 17, 22),
(411, NULL, 8, 'BS_24', 2, 9, '2019-06-06', 'Thursday', '08:30:00', '10:30:00', 1, 6, 5),
(412, NULL, 8, 'BS_24', 2, 9, '2019-06-13', 'Thursday', '08:30:00', '10:30:00', 1, 6, 5),
(413, NULL, 8, 'BS_24', 2, 9, '2019-06-20', 'Thursday', '08:30:00', '10:30:00', 1, 6, 5),
(414, NULL, 8, 'BS_24', 2, 9, '2019-06-27', 'Thursday', '08:30:00', '10:30:00', 1, 6, 5),
(415, NULL, 8, 'BS_24', 2, 9, '2019-07-04', 'Thursday', '08:30:00', '10:30:00', 12, 16, 5),
(416, NULL, 8, 'BS_24', 2, 9, '2019-07-04', 'Thursday', '08:30:00', '10:30:00', 12, 17, 22),
(417, NULL, 8, 'BS_26', 1, 2, '2019-03-11', 'Monday', '14:00:00', '16:00:00', 1, 13, 2),
(418, NULL, 8, 'BS_26', 1, 2, '2019-03-18', 'Monday', '14:00:00', '16:00:00', 1, 13, 2),
(419, NULL, 8, 'BS_26', 1, 2, '2019-03-25', 'Monday', '14:00:00', '16:00:00', 1, 13, 2),
(422, NULL, 8, 'BS_26', 1, 2, '2019-04-22', 'Monday', '14:00:00', '16:00:00', 1, 1, 2),
(423, NULL, 8, 'BS_26', 1, 2, '2019-04-29', 'Monday', '14:00:00', '16:00:00', 1, 1, 2),
(424, NULL, 8, 'BS_26', 1, 2, '2019-05-06', 'Monday', '14:00:00', '16:00:00', 1, 1, 2),
(425, NULL, 8, 'BS_26', 1, 2, '2019-04-01', 'Monday', '14:00:00', '16:00:00', 1, 1, 2),
(426, NULL, 8, 'BS_26', 1, 2, '2019-04-08', 'Monday', '14:00:00', '16:00:00', 1, 1, 2),
(427, NULL, 8, 'BS_26', 1, 2, '2019-05-13', 'Monday', '14:00:00', '16:00:00', 12, 1, 2),
(428, NULL, 8, 'BS_26', 1, 2, '2019-05-27', 'Monday', '14:00:00', '16:00:00', 1, 1, 2),
(429, NULL, 8, 'BS_26', 1, 2, '2019-06-03', 'Monday', '14:00:00', '16:00:00', 1, 1, 2),
(430, NULL, 8, 'BS_26', 1, 2, '2019-06-10', 'Monday', '14:00:00', '16:00:00', 1, 1, 2),
(431, NULL, 8, 'BS_26', 1, 2, '2019-06-17', 'Monday', '14:00:00', '16:00:00', 1, 1, 2),
(432, NULL, 8, 'BS_26', 1, 2, '2019-06-10', 'Monday', '08:30:00', '10:30:00', 1, 1, 2),
(433, NULL, 8, 'BS_26', 1, 2, '2019-06-17', 'Monday', '08:30:00', '10:30:00', 1, 1, 2),
(434, NULL, 8, 'BS_26', 1, 2, '2019-06-24', 'Monday', '08:30:00', '10:30:00', 1, 1, 2),
(435, NULL, 8, 'BS_26', 1, 2, '2019-06-24', 'Monday', '14:00:00', '16:00:00', 12, 1, 2),
(436, NULL, 8, 'BS_26', 1, 5, '2019-03-05', 'Tuesday', '09:30:00', '12:30:00', 1, 13, 17),
(437, NULL, 8, 'BS_26', 1, 5, '2019-03-12', 'Tuesday', '09:30:00', '12:30:00', 1, 13, 17),
(438, NULL, 8, 'BS_26', 1, 5, '2019-03-19', 'Tuesday', '09:30:00', '12:30:00', 12, 16, 17),
(442, NULL, 8, 'BS_26', 1, 5, '2019-03-19', 'Tuesday', '09:30:00', '12:30:00', 12, 17, 22),
(443, NULL, 8, 'BS_26', 1, 5, '2019-04-23', 'Tuesday', '12:30:00', '15:30:00', 1, 13, 17),
(444, NULL, 8, 'BS_26', 1, 5, '2019-04-30', 'Tuesday', '12:30:00', '15:30:00', 12, 16, 17),
(445, NULL, 8, 'BS_26', 1, 5, '2019-04-30', 'Tuesday', '12:30:00', '15:30:00', 12, 17, 22),
(446, NULL, 8, 'BS_26', 1, 5, '2019-05-07', 'Tuesday', '12:30:00', '15:30:00', 1, 13, 17),
(447, NULL, 8, 'BS_26', 1, 5, '2019-05-14', 'Tuesday', '12:30:00', '15:30:00', 1, 13, 17),
(448, NULL, 8, 'BS_26', 1, 5, '2019-05-21', 'Tuesday', '12:30:00', '15:30:00', 12, 16, 17),
(449, NULL, 8, 'BS_26', 1, 5, '2019-05-21', 'Tuesday', '12:30:00', '15:30:00', 12, 17, 22),
(450, NULL, 8, 'BS_26', 1, 6, '2019-03-05', 'Tuesday', '12:30:00', '15:30:00', 1, 13, 7),
(451, NULL, 8, 'BS_26', 1, 6, '2019-03-12', 'Tuesday', '12:30:00', '15:30:00', 1, 13, 7),
(452, NULL, 8, 'BS_26', 1, 6, '2019-03-19', 'Tuesday', '09:30:00', '11:30:00', 1, 13, 7),
(453, NULL, 8, 'BS_26', 1, 6, '2019-03-26', 'Tuesday', '09:30:00', '11:30:00', 12, 13, 7),
(454, NULL, 8, 'BS_26', 1, 6, '2019-04-23', 'Tuesday', '09:30:00', '11:30:00', 1, 13, 7),
(455, NULL, 8, 'BS_26', 1, 6, '2019-04-30', 'Tuesday', '09:30:00', '11:30:00', 1, 13, 7),
(456, NULL, 8, 'BS_26', 1, 6, '2019-05-07', 'Tuesday', '09:30:00', '11:30:00', 12, 13, 7),
(457, NULL, 8, 'BS_26', 1, 6, '2019-05-14', 'Tuesday', '09:30:00', '11:30:00', 1, 13, 7),
(458, NULL, 8, 'BS_26', 1, 6, '2019-05-21', 'Tuesday', '09:30:00', '11:30:00', 1, 13, 7),
(459, NULL, 8, 'BS_26', 1, 6, '2019-05-28', 'Tuesday', '09:30:00', '11:30:00', 1, 13, 7),
(460, NULL, 8, 'BS_26', 1, 6, '2019-06-04', 'Tuesday', '09:30:00', '11:30:00', 12, 13, 7),
(461, NULL, 8, 'BS_26', 1, 6, '2019-06-11', 'Tuesday', '09:30:00', '11:30:00', 1, 13, 7),
(462, NULL, 8, 'BS_26', 1, 6, '2019-06-18', 'Tuesday', '09:30:00', '11:30:00', 1, 13, 7),
(463, NULL, 8, 'BS_26', 1, 6, '2019-06-25', 'Tuesday', '09:30:00', '11:30:00', 12, 13, 7),
(464, NULL, 8, 'BS_26', 1, 3, '2019-03-06', 'Wednesday', '08:30:00', '10:30:00', 1, 13, 4),
(465, NULL, 8, 'BS_26', 1, 3, '2019-03-13', 'Wednesday', '08:30:00', '10:30:00', 1, 13, 4),
(466, NULL, 8, 'BS_26', 1, 3, '2019-03-27', 'Wednesday', '08:30:00', '10:30:00', 1, 13, 4),
(467, NULL, 8, 'BS_26', 1, 3, '2019-04-03', 'Wednesday', '08:30:00', '10:30:00', 1, 13, 4),
(468, NULL, 8, 'BS_26', 1, 3, '2019-04-24', 'Wednesday', '08:30:00', '10:30:00', 1, 13, 4),
(469, NULL, 8, 'BS_26', 1, 3, '2019-05-08', 'Wednesday', '08:30:00', '10:30:00', 12, 16, 4),
(470, NULL, 8, 'BS_26', 1, 3, '2019-05-08', 'Wednesday', '08:30:00', '10:30:00', 12, 17, 22),
(471, NULL, 8, 'BS_26', 1, 3, '2019-05-15', 'Wednesday', '08:30:00', '10:30:00', 1, 13, 4),
(472, NULL, 8, 'BS_26', 1, 3, '2019-05-22', 'Wednesday', '08:30:00', '10:30:00', 1, 13, 4),
(473, NULL, 8, 'BS_26', 1, 3, '2019-05-29', 'Wednesday', '08:30:00', '10:30:00', 1, 13, 4),
(474, NULL, 8, 'BS_26', 1, 3, '2019-06-05', 'Wednesday', '08:30:00', '10:30:00', 12, 16, 4),
(475, NULL, 8, 'BS_26', 1, 3, '2019-06-05', 'Wednesday', '08:30:00', '10:30:00', 1, 17, 22),
(476, NULL, 8, 'BS_26', 1, 3, '2019-06-26', 'Wednesday', '08:30:00', '10:30:00', 12, 13, 4),
(477, NULL, 8, 'BS_26', 1, 4, '2019-03-06', 'Wednesday', '11:00:00', '13:00:00', 1, 13, 5),
(478, NULL, 8, 'BS_26', 1, 4, '2019-03-13', 'Wednesday', '11:00:00', '13:00:00', 1, 13, 5),
(479, NULL, 8, 'BS_26', 1, 4, '2019-03-27', 'Wednesday', '11:00:00', '13:00:00', 1, 13, 5),
(480, NULL, 8, 'BS_26', 1, 4, '2019-04-03', 'Wednesday', '11:00:00', '13:00:00', 1, 13, 5),
(481, NULL, 8, 'BS_26', 1, 4, '2019-04-24', 'Wednesday', '11:00:00', '13:00:00', 1, 13, 5),
(482, NULL, 8, 'BS_26', 1, 4, '2019-05-08', 'Wednesday', '11:00:00', '13:00:00', 1, 13, 5),
(483, NULL, 8, 'BS_26', 1, 4, '2019-05-15', 'Wednesday', '11:00:00', '13:00:00', 1, 13, 5),
(484, NULL, 8, 'BS_26', 1, 4, '2019-05-22', 'Wednesday', '11:00:00', '13:00:00', 1, 13, 5),
(485, NULL, 8, 'BS_26', 1, 4, '2019-05-29', 'Wednesday', '11:00:00', '13:00:00', 12, 13, 5),
(486, NULL, 8, 'BS_26', 1, 4, '2019-06-05', 'Wednesday', '11:00:00', '13:00:00', 1, 13, 5),
(487, NULL, 8, 'BS_26', 1, 4, '2019-06-12', 'Wednesday', '11:00:00', '13:00:00', 1, 13, 5),
(488, NULL, 8, 'BS_26', 1, 4, '2019-06-19', 'Wednesday', '11:00:00', '13:00:00', 1, 13, 5),
(489, NULL, 8, 'BS_26', 1, 4, '2019-06-26', 'Wednesday', '11:00:00', '13:00:00', 12, 13, 5),
(490, NULL, 8, 'BS_27', 1, 3, '2019-04-06', 'Saturday', '14:00:00', '16:00:00', 1, 21, 18),
(491, NULL, 8, 'BS_27', 1, 3, '2019-04-20', 'Saturday', '14:00:00', '16:00:00', 1, 21, 18),
(492, NULL, 8, 'BS_27', 1, 3, '2019-05-04', 'Saturday', '14:00:00', '16:00:00', 1, 21, 18),
(493, NULL, 8, 'BS_27', 1, 3, '2019-05-11', 'Saturday', '14:00:00', '16:00:00', 12, 21, 18),
(494, NULL, 8, 'BS_27', 1, 3, '2019-05-11', 'Saturday', '14:00:00', '16:00:00', 12, 20, 22),
(495, NULL, 8, 'BS_27', 1, 3, '2019-05-25', 'Saturday', '14:00:00', '16:00:00', 1, 21, 18),
(496, NULL, 8, 'BS_27', 1, 3, '2019-06-08', 'Saturday', '14:00:00', '16:00:00', 1, 21, 18),
(497, NULL, 8, 'BS_27', 1, 3, '2019-06-15', 'Saturday', '14:00:00', '16:00:00', 1, 21, 18),
(498, NULL, 8, 'BS_27', 1, 3, '2019-06-22', 'Saturday', '14:00:00', '16:00:00', 1, 21, 18),
(500, NULL, 8, 'BS_27', 1, 3, '2019-06-29', 'Saturday', '14:00:00', '16:00:00', 12, 20, 22),
(501, NULL, 8, 'BS_27', 1, 3, '2019-06-29', 'Saturday', '14:00:00', '16:00:00', 12, 21, 4),
(502, NULL, 8, 'BS_27', 1, 3, '2019-07-06', 'Saturday', '14:00:00', '16:00:00', 1, 21, 18),
(503, NULL, 8, 'BS_27', 1, 3, '2019-07-13', 'Saturday', '14:00:00', '16:00:00', 1, 21, 18),
(504, NULL, 8, 'BS_27', 1, 3, '2019-07-20', 'Saturday', '14:00:00', '16:00:00', 1, 21, 18),
(505, NULL, 8, 'BS_27', 1, 3, '2019-07-27', 'Saturday', '14:00:00', '16:00:00', 1, 21, 18),
(506, NULL, 8, 'BS_27', 1, 3, '2019-08-03', 'Saturday', '14:00:00', '16:00:00', 1, 21, 18),
(507, NULL, 8, 'BS_27', 1, 3, '2019-08-10', 'Saturday', '14:00:00', '16:00:00', 12, 21, 18),
(508, NULL, 8, 'BS_27', 1, 3, '2019-08-10', 'Saturday', '14:00:00', '16:00:00', 12, 20, 22),
(509, NULL, 8, 'BS_27', 1, 4, '2019-04-21', 'Sunday', '08:30:00', '10:30:00', 1, 21, 5),
(510, NULL, 8, 'BS_27', 1, 4, '2019-04-28', 'Sunday', '08:30:00', '10:30:00', 1, 21, 5),
(511, NULL, 8, 'BS_27', 1, 4, '2019-05-05', 'Sunday', '08:30:00', '10:30:00', 1, 21, 5),
(512, NULL, 8, 'BS_27', 1, 4, '2019-05-12', 'Sunday', '08:30:00', '10:30:00', 1, 21, 5),
(513, NULL, 8, 'BS_27', 1, 4, '2019-05-26', 'Sunday', '08:30:00', '10:30:00', 1, 21, 5),
(514, NULL, 8, 'BS_27', 1, 4, '2019-06-02', 'Sunday', '08:30:00', '10:30:00', 1, 21, 5),
(515, NULL, 8, 'BS_27', 1, 4, '2019-06-09', 'Sunday', '08:30:00', '10:30:00', 12, 21, 5),
(516, NULL, 8, 'BS_27', 1, 4, '2019-06-23', 'Sunday', '08:30:00', '10:30:00', 1, 21, 5),
(517, NULL, 8, 'BS_27', 1, 4, '2019-06-30', 'Sunday', '08:30:00', '10:30:00', 1, 21, 5),
(518, NULL, 8, 'BS_27', 1, 4, '2019-07-07', 'Sunday', '08:30:00', '10:30:00', 1, 21, 5),
(519, NULL, 8, 'BS_27', 1, 4, '2019-07-14', 'Sunday', '08:30:00', '10:30:00', 1, 21, 5),
(520, NULL, 8, 'BS_27', 1, 4, '2019-07-21', 'Sunday', '08:30:00', '10:30:00', 1, 21, 5),
(521, NULL, 8, 'BS_27', 1, 4, '2019-07-28', 'Sunday', '08:30:00', '10:30:00', 12, 21, 5),
(522, NULL, 8, 'BS_27', 1, 1, '2019-03-17', 'Sunday', '14:00:00', '16:00:00', 1, 21, 13),
(523, NULL, 8, 'BS_27', 1, 1, '2019-03-24', 'Sunday', '11:00:00', '13:00:00', 1, 21, 13),
(524, NULL, 8, 'BS_27', 1, 1, '2019-03-31', 'Sunday', '11:00:00', '13:00:00', 1, 21, 13),
(525, NULL, 8, 'BS_27', 1, 1, '2019-04-21', 'Sunday', '11:00:00', '13:00:00', 1, 21, 13),
(526, NULL, 8, 'BS_27', 1, 1, '2019-04-28', 'Sunday', '11:00:00', '13:00:00', 12, 21, 13),
(529, NULL, 8, 'BS_27', 1, 1, '2019-05-05', 'Sunday', '11:00:00', '13:00:00', 1, 21, 13),
(530, NULL, 8, 'BS_27', 1, 1, '2019-05-12', 'Sunday', '11:00:00', '13:00:00', 1, 21, 13),
(531, NULL, 8, 'BS_27', 1, 1, '2019-05-26', 'Sunday', '11:00:00', '13:00:00', 1, 21, 13),
(532, NULL, 8, 'BS_27', 1, 1, '2019-06-02', 'Sunday', '11:00:00', '13:00:00', 1, 21, 13),
(533, NULL, 8, 'BS_27', 1, 1, '2019-06-09', 'Sunday', '11:00:00', '13:00:00', 12, 21, 13),
(534, NULL, 8, 'BS_27', 1, 1, '2019-06-23', 'Sunday', '11:00:00', '13:00:00', 1, 21, 13),
(535, NULL, 8, 'BS_27', 1, 1, '2019-06-30', 'Sunday', '11:00:00', '13:00:00', 1, 21, 13),
(536, NULL, 8, 'BS_27', 1, 1, '2019-07-07', 'Sunday', '11:00:00', '13:00:00', 1, 21, 13),
(537, NULL, 8, 'BS_27', 1, 1, '2019-07-14', 'Sunday', '11:00:00', '13:00:00', 1, 21, 13),
(538, NULL, 8, 'BS_27', 1, 1, '2019-07-21', 'Sunday', '11:00:00', '13:00:00', 12, 21, 13),
(539, NULL, 8, 'BS_27', 1, 6, '2019-03-17', 'Sunday', '11:00:00', '13:00:00', 1, 1, 7),
(540, NULL, 8, 'BS_27', 1, 6, '2019-03-24', 'Sunday', '14:00:00', '16:00:00', 1, 21, 7),
(541, NULL, 8, 'BS_27', 1, 6, '2019-03-31', 'Sunday', '14:00:00', '16:00:00', 1, 21, 7),
(542, NULL, 8, 'BS_27', 1, 6, '2019-04-21', 'Sunday', '14:00:00', '16:00:00', 12, 21, 7),
(543, NULL, 8, 'BS_27', 1, 6, '2019-04-28', 'Sunday', '14:00:00', '16:00:00', 1, 21, 7),
(544, NULL, 8, 'BS_27', 1, 6, '2019-05-05', 'Sunday', '14:00:00', '16:00:00', 1, 21, 7),
(545, NULL, 8, 'BS_27', 1, 6, '2019-05-12', 'Sunday', '14:00:00', '16:00:00', 1, 21, 7),
(546, NULL, 8, 'BS_27', 1, 6, '2019-05-26', 'Sunday', '14:00:00', '16:00:00', 12, 21, 7),
(547, NULL, 8, 'BS_27', 1, 6, '2019-06-02', 'Sunday', '14:00:00', '16:00:00', 1, 21, 7),
(548, NULL, 8, 'BS_27', 1, 6, '2019-06-09', 'Sunday', '14:00:00', '16:00:00', 1, 21, 7),
(549, NULL, 8, 'BS_27', 1, 6, '2019-06-23', 'Sunday', '14:00:00', '16:00:00', 1, 21, 7),
(550, NULL, 8, 'BS_27', 1, 6, '2019-06-30', 'Sunday', '14:00:00', '16:00:00', 12, 21, 7),
(551, NULL, 8, 'BS_27', 1, 6, '2019-07-07', 'Sunday', '14:00:00', '16:00:00', 1, 21, 7),
(552, NULL, 8, 'BS_27', 1, 6, '2019-07-14', 'Sunday', '14:00:00', '16:00:00', 1, 21, 7),
(553, NULL, 8, 'BS_27', 1, 6, '2019-07-21', 'Sunday', '14:00:00', '16:00:00', 1, 21, 7),
(554, NULL, 8, 'BS_27', 1, 6, '2019-07-28', 'Sunday', '14:00:00', '16:00:00', 12, 21, 7),
(555, NULL, 8, 'BS_27', 1, 5, '2019-03-17', 'Sunday', '16:30:00', '18:30:00', 1, 21, 10),
(556, NULL, 8, 'BS_27', 1, 5, '2019-03-24', 'Sunday', '16:30:00', '18:30:00', 1, 21, 10),
(557, NULL, 8, 'BS_27', 1, 5, '2019-03-31', 'Sunday', '16:30:00', '18:30:00', 1, 21, 10),
(558, NULL, 8, 'BS_27', 1, 5, '2019-04-21', 'Sunday', '16:30:00', '18:30:00', 1, 20, 10),
(559, NULL, 8, 'BS_27', 1, 5, '2019-04-28', 'Sunday', '16:30:00', '18:30:00', 12, 21, 10),
(560, NULL, 8, 'BS_27', 1, 5, '2019-04-28', 'Sunday', '16:30:00', '18:30:00', 12, 20, 22),
(561, NULL, 8, 'BS_27', 1, 5, '2019-05-05', 'Sunday', '16:30:00', '18:30:00', 1, 21, 10),
(562, NULL, 8, 'BS_27', 1, 5, '2019-05-12', 'Sunday', '16:30:00', '18:30:00', 1, 21, 10),
(563, NULL, 8, 'BS_27', 1, 5, '2019-06-09', 'Sunday', '16:30:00', '18:30:00', 12, 21, 10),
(564, NULL, 8, 'BS_27', 1, 5, '2019-06-09', 'Sunday', '16:30:00', '18:30:00', 12, 20, 22),
(565, NULL, 8, 'BS_27', 1, 5, '2019-06-23', 'Sunday', '16:30:00', '18:30:00', 1, 21, 10),
(566, NULL, 8, 'BS_27', 1, 5, '2019-06-30', 'Sunday', '16:30:00', '18:30:00', 1, 21, 10),
(567, NULL, 8, 'BS_27', 1, 5, '2019-07-07', 'Sunday', '16:30:00', '18:30:00', 1, 21, 10),
(568, NULL, 8, 'BS_27', 1, 5, '2019-07-14', 'Sunday', '16:30:00', '18:30:00', 1, 21, 10),
(569, NULL, 8, 'BS_27', 1, 5, '2019-07-21', 'Sunday', '16:30:00', '18:30:00', 12, 21, 10),
(570, NULL, 8, 'BS_27', 1, 2, '2019-04-06', 'Saturday', '16:30:00', '18:30:00', 1, 12, 25),
(571, NULL, 8, 'BS_27', 1, 2, '2019-04-20', 'Saturday', '16:30:00', '18:30:00', 1, 12, 25),
(572, NULL, 8, 'BS_27', 1, 2, '2019-05-04', 'Saturday', '16:30:00', '18:30:00', 1, 12, 25),
(573, NULL, 8, 'BS_27', 1, 2, '2019-05-11', 'Saturday', '16:30:00', '18:30:00', 12, 12, 25),
(574, NULL, 8, 'BS_27', 1, 2, '2019-05-25', 'Saturday', '16:30:00', '18:30:00', 1, 12, 25),
(575, NULL, 8, 'BS_27', 1, 2, '2019-06-08', 'Saturday', '16:30:00', '18:30:00', 1, 12, 25),
(576, NULL, 8, 'BS_27', 1, 2, '2019-06-15', 'Saturday', '16:30:00', '18:30:00', 1, 12, 25),
(577, NULL, 8, 'BS_27', 1, 2, '2019-06-22', 'Saturday', '16:30:00', '18:30:00', 1, 12, 25),
(578, NULL, 8, 'BS_27', 1, 2, '2019-06-29', 'Saturday', '16:30:00', '18:30:00', 1, 12, 25),
(579, NULL, 8, 'BS_27', 1, 2, '2019-07-06', 'Saturday', '16:30:00', '18:30:00', 1, 12, 25),
(580, NULL, 8, 'BS_27', 1, 2, '2019-07-13', 'Saturday', '16:30:00', '18:30:00', 1, 12, 25),
(581, NULL, 8, 'BS_27', 1, 2, '2019-07-20', 'Saturday', '16:30:00', '18:30:00', 1, 12, 25),
(582, NULL, 8, 'BS_27', 1, 2, '2019-07-27', 'Saturday', '16:30:00', '18:30:00', 1, 12, 25),
(583, NULL, 8, 'BS_27', 1, 2, '2019-08-03', 'Saturday', '16:30:00', '18:30:00', 1, 12, 25),
(584, NULL, 8, 'BS_27', 1, 2, '2019-08-10', 'Saturday', '16:30:00', '18:30:00', 12, 12, 25),
(585, NULL, 8, 'BS_27', 1, 2, '2019-04-06', 'Saturday', '16:30:00', '18:30:00', 1, 15, 26),
(586, NULL, 8, 'BS_27', 1, 2, '2019-04-20', 'Saturday', '16:30:00', '18:30:00', 1, 15, 26),
(587, NULL, 8, 'BS_27', 1, 2, '2019-05-04', 'Saturday', '16:30:00', '18:30:00', 1, 15, 26),
(588, NULL, 8, 'BS_27', 1, 2, '2019-05-11', 'Saturday', '16:30:00', '18:30:00', 12, 15, 26),
(589, NULL, 8, 'BS_27', 1, 2, '2019-05-25', 'Saturday', '16:30:00', '18:30:00', 1, 15, 26),
(590, NULL, 8, 'BS_27', 1, 2, '2019-06-08', 'Saturday', '16:30:00', '18:30:00', 1, 15, 26),
(591, NULL, 8, 'BS_27', 1, 2, '2019-06-15', 'Saturday', '16:30:00', '18:30:00', 1, 15, 26),
(592, NULL, 8, 'BS_27', 1, 2, '2019-06-22', 'Saturday', '16:30:00', '18:30:00', 1, 15, 26),
(593, NULL, 8, 'BS_27', 1, 2, '2019-06-29', 'Saturday', '16:30:00', '18:30:00', 1, 15, 26),
(594, NULL, 8, 'BS_27', 1, 2, '2019-07-06', 'Saturday', '16:30:00', '18:30:00', 1, 15, 26),
(595, NULL, 8, 'BS_27', 1, 2, '2019-07-13', 'Saturday', '16:30:00', '18:30:00', 1, 15, 26),
(596, NULL, 8, 'BS_27', 1, 2, '2019-07-20', 'Saturday', '16:30:00', '18:30:00', 1, 15, 26),
(597, NULL, 8, 'BS_27', 1, 2, '2019-07-27', 'Saturday', '16:30:00', '18:30:00', 1, 15, 26),
(598, NULL, 8, 'BS_27', 1, 2, '2019-08-03', 'Saturday', '16:30:00', '18:30:00', 1, 15, 26),
(599, NULL, 8, 'BS_27', 1, 2, '2019-08-10', 'Saturday', '16:30:00', '18:30:00', 12, 15, 26),
(600, NULL, 8, 'BS_26', 1, 1, '2019-04-01', 'Monday', '08:30:00', '10:30:00', 1, 13, 24),
(601, NULL, 8, 'BS_26', 1, 1, '2019-04-22', 'Monday', '08:30:00', '10:30:00', 1, 13, 24),
(602, NULL, 8, 'BS_26', 1, 1, '2019-04-29', 'Monday', '08:30:00', '10:30:00', 1, 13, 24),
(603, NULL, 8, 'BS_26', 1, 1, '2019-05-06', 'Monday', '08:30:00', '10:30:00', 12, 16, 24),
(604, NULL, 8, 'BS_26', 1, 1, '2019-05-06', 'Monday', '08:30:00', '10:30:00', 12, 17, 22),
(605, NULL, 8, 'BS_26', 1, 1, '2019-04-01', 'Monday', '11:00:00', '13:00:00', 1, 13, 24),
(606, NULL, 8, 'BS_26', 1, 1, '2019-04-08', 'Monday', '11:00:00', '13:00:00', 1, 13, 24),
(607, NULL, 8, 'BS_26', 1, 1, '2019-04-22', 'Monday', '11:00:00', '13:00:00', 1, 13, 24),
(608, NULL, 8, 'BS_26', 1, 1, '2019-04-29', 'Monday', '11:00:00', '13:00:00', 1, 13, 24),
(609, NULL, 8, 'BS_26', 1, 1, '2019-05-06', 'Monday', '11:00:00', '13:00:00', 1, 13, 24),
(610, NULL, 8, 'BS_26', 1, 1, '2019-05-13', 'Monday', '11:00:00', '13:00:00', 1, 13, 24),
(611, NULL, 8, 'BS_26', 1, 1, '2019-05-27', 'Monday', '11:00:00', '13:00:00', 12, 13, 24),
(612, NULL, 8, 'BS_26', 1, 1, '2019-06-03', 'Monday', '11:00:00', '13:00:00', 1, 13, 24),
(613, NULL, 8, 'BS_26', 1, 1, '2019-06-10', 'Monday', '11:00:00', '13:00:00', 1, 13, 24),
(614, NULL, 8, 'BS_26', 1, 1, '2019-06-17', 'Monday', '11:00:00', '13:00:00', 1, 13, 24),
(615, NULL, 8, 'BS_26', 1, 1, '2019-06-24', 'Monday', '11:00:00', '13:00:00', 12, 13, 24),
(616, NULL, 8, 'BS_20', 4, 20, '2019-03-19', 'Tuesday', '11:00:00', '13:00:00', 1, 5, 4),
(617, NULL, 8, 'BS_20', 4, 20, '2019-03-26', 'Tuesday', '11:00:00', '13:00:00', 1, 5, 4),
(618, NULL, 8, 'BS_20', 4, 20, '2019-04-23', 'Tuesday', '11:00:00', '13:00:00', 1, 5, 4),
(619, NULL, 8, 'BS_20', 4, 20, '2019-04-30', 'Tuesday', '11:00:00', '13:00:00', 1, 5, 4),
(620, NULL, 8, 'BS_20', 4, 20, '2019-05-07', 'Tuesday', '11:00:00', '13:00:00', 1, 5, 4),
(621, NULL, 8, 'BS_20', 4, 21, '2019-03-19', 'Tuesday', '14:00:00', '16:00:00', 1, 1, 3),
(622, NULL, 8, 'BS_20', 4, 21, '2019-03-26', 'Tuesday', '14:00:00', '16:00:00', 1, 1, 3),
(623, NULL, 8, 'BS_20', 4, 21, '2019-04-02', 'Tuesday', '14:00:00', '16:00:00', 1, 1, 3),
(624, NULL, 8, 'BS_20', 4, 21, '2019-04-23', 'Tuesday', '14:00:00', '16:00:00', 1, 1, 3),
(625, NULL, 8, 'BS_20', 4, 21, '2019-04-30', 'Tuesday', '14:00:00', '16:00:00', 1, 1, 3),
(626, NULL, 8, 'BS_20', 4, 21, '2019-05-07', 'Tuesday', '14:00:00', '16:00:00', 1, 1, 3),
(627, NULL, 8, 'BS_20', 4, 21, '2019-05-14', 'Tuesday', '14:00:00', '16:00:00', 1, 1, 3),
(628, NULL, 8, 'BS_20', 4, 21, '2019-05-21', 'Tuesday', '14:00:00', '16:00:00', 1, 1, 3),
(629, NULL, 8, 'BS_20', 4, 21, '2019-05-28', 'Tuesday', '14:00:00', '16:00:00', 12, 1, 3),
(630, NULL, 8, 'BS_20', 4, 21, '2019-04-04', 'Thursday', '08:30:00', '10:30:00', 1, 1, 3),
(631, NULL, 8, 'BS_20', 4, 21, '2019-04-25', 'Thursday', '08:30:00', '10:30:00', 1, 1, 3),
(632, NULL, 8, 'BS_20', 4, 21, '2019-05-02', 'Thursday', '08:30:00', '10:30:00', 1, 1, 3),
(633, NULL, 8, 'BS_20', 4, 21, '2019-05-09', 'Thursday', '08:30:00', '10:30:00', 12, 1, 3),
(634, NULL, 8, 'BS_20', 4, 22, '2019-03-27', 'Wednesday', '08:30:00', '10:30:00', 1, 5, 5),
(635, NULL, 8, 'BS_20', 4, 22, '2019-04-03', 'Wednesday', '08:30:00', '10:30:00', 1, 5, 5),
(636, NULL, 8, 'BS_20', 4, 22, '2019-04-10', 'Wednesday', '08:30:00', '10:30:00', 1, 5, 5),
(637, NULL, 8, 'BS_20', 4, 22, '2019-04-10', 'Wednesday', '11:00:00', '13:00:00', 1, 5, 5),
(638, NULL, 8, 'BS_20', 4, 22, '2019-04-24', 'Wednesday', '08:30:00', '10:30:00', 1, 5, 5),
(639, NULL, 8, 'BS_20', 4, 22, '2019-05-08', 'Wednesday', '08:30:00', '10:30:00', 1, 5, 5),
(640, NULL, 8, 'BS_20', 4, 22, '2019-05-15', 'Wednesday', '08:30:00', '10:30:00', 1, 5, 5),
(641, NULL, 8, 'BS_20', 4, 22, '2019-05-22', 'Wednesday', '08:30:00', '10:30:00', 1, 5, 5),
(642, NULL, 8, 'BS_20', 4, 22, '2019-05-29', 'Wednesday', '08:30:00', '10:30:00', 1, 5, 5),
(643, NULL, 8, 'BS_20', 4, 22, '2019-05-08', 'Wednesday', '14:00:00', '16:00:00', 1, 5, 5),
(644, NULL, 8, 'BS_20', 4, 22, '2019-05-15', 'Wednesday', '14:00:00', '16:00:00', 1, 5, 5),
(645, NULL, 8, 'BS_20', 4, 22, '2019-05-22', 'Wednesday', '14:00:00', '16:00:00', 1, 5, 5),
(646, NULL, 8, 'BS_20', 4, 22, '2019-05-29', 'Wednesday', '14:00:00', '16:00:00', 1, 5, 5),
(647, NULL, 8, 'BS_20', 4, 22, '2019-06-12', 'Wednesday', '08:30:00', '10:30:00', 1, 5, 5),
(648, NULL, 8, 'BS_20', 4, 22, '2019-06-19', 'Wednesday', '08:30:00', '10:30:00', 1, 5, 5),
(649, NULL, 8, 'BS_20', 4, 22, '2019-06-26', 'Wednesday', '08:30:00', '10:30:00', 1, 5, 5),
(650, NULL, 8, 'BS_20', 4, 22, '2019-06-19', 'Wednesday', '14:00:00', '16:00:00', 1, 5, 5),
(651, NULL, 8, 'BS_20', 4, 22, '2019-06-26', 'Wednesday', '14:00:00', '16:00:00', 1, 5, 5),
(652, NULL, 8, 'BS_20', 4, 19, '2019-03-27', 'Wednesday', '11:00:00', '13:00:00', 1, 5, 7),
(653, NULL, 8, 'BS_20', 4, 19, '2019-03-27', 'Wednesday', '14:00:00', '16:00:00', 1, 5, 7),
(654, NULL, 8, 'BS_20', 4, 19, '2019-04-24', 'Wednesday', '11:00:00', '13:00:00', 12, 5, 7);
INSERT INTO `allocate` (`id`, `name`, `courseId`, `batchId`, `semesterId`, `moduleId`, `date`, `day`, `startTime`, `endTime`, `purpose`, `classroomId`, `lecturerId`) VALUES
(655, NULL, 8, 'BS_20', 4, 19, '2019-04-24', 'Wednesday', '14:00:00', '16:00:00', 1, 5, 7),
(656, NULL, 8, 'BS_20', 4, 19, '2019-05-08', 'Wednesday', '11:00:00', '13:00:00', 12, 5, 7),
(657, NULL, 8, 'BS_20', 4, 19, '2019-05-15', 'Wednesday', '11:00:00', '13:00:00', 1, 5, 7),
(658, NULL, 8, 'BS_20', 4, 19, '2019-05-22', 'Wednesday', '11:00:00', '13:00:00', 1, 5, 7),
(659, NULL, 8, 'BS_20', 4, 19, '2019-05-29', 'Wednesday', '11:00:00', '13:00:00', 1, 5, 7),
(660, NULL, 8, 'BS_20', 4, 19, '2019-06-12', 'Wednesday', '11:00:00', '13:00:00', 1, 5, 7),
(661, NULL, 8, 'BS_20', 4, 19, '2019-06-19', 'Wednesday', '11:00:00', '13:00:00', 1, 5, 7),
(662, NULL, 8, 'BS_20', 4, 19, '2019-06-26', 'Wednesday', '11:00:00', '13:00:00', 12, 5, 7),
(663, NULL, 8, 'BS_20', 4, 19, '2019-04-25', 'Thursday', '11:00:00', '13:00:00', 1, 5, 7),
(664, NULL, 8, 'BS_22', 3, 16, '2019-03-19', 'Tuesday', '08:30:00', '10:30:00', 1, 4, 4),
(665, NULL, 8, 'BS_22', 3, 16, '2019-03-26', 'Tuesday', '08:30:00', '10:30:00', 1, 4, 4),
(666, NULL, 8, 'BS_22', 3, 16, '2019-04-02', 'Tuesday', '08:30:00', '10:30:00', 12, 4, 4),
(667, NULL, 8, 'BS_22', 3, 16, '2019-04-23', 'Tuesday', '08:30:00', '10:30:00', 1, 4, 4),
(668, NULL, 8, 'BS_22', 3, 16, '2019-04-30', 'Tuesday', '08:30:00', '10:30:00', 1, 4, 4),
(669, NULL, 8, 'BS_22', 3, 16, '2019-05-07', 'Tuesday', '08:30:00', '10:30:00', 1, 4, 4),
(670, NULL, 8, 'BS_22', 3, 16, '2019-05-14', 'Tuesday', '08:30:00', '10:30:00', 12, 4, 4),
(671, NULL, 8, 'BS_22', 3, 16, '2019-05-21', 'Tuesday', '08:30:00', '10:30:00', 1, 4, 4),
(672, NULL, 8, 'BS_22', 3, 16, '2019-05-28', 'Tuesday', '08:30:00', '10:30:00', 1, 4, 4),
(673, NULL, 8, 'BS_22', 3, 16, '2019-06-04', 'Tuesday', '08:30:00', '10:30:00', 12, 4, 4),
(674, NULL, 8, 'BS_22', 3, 13, '2019-03-18', 'Monday', '11:00:00', '13:00:00', 1, 4, 6),
(675, NULL, 8, 'BS_22', 3, 13, '2019-03-25', 'Monday', '11:00:00', '13:00:00', 1, 4, 6),
(676, NULL, 8, 'BS_22', 3, 13, '2019-04-01', 'Monday', '11:00:00', '13:00:00', 1, 4, 6),
(677, NULL, 8, 'BS_22', 3, 13, '2019-04-23', 'Tuesday', '11:00:00', '13:00:00', 1, 4, 6),
(678, NULL, 8, 'BS_22', 3, 13, '2019-04-30', 'Tuesday', '11:00:00', '13:00:00', 1, 4, 6),
(679, NULL, 8, 'BS_22', 3, 13, '2019-05-07', 'Tuesday', '11:00:00', '13:00:00', 1, 4, 6),
(680, NULL, 8, 'BS_22', 3, 13, '2019-05-14', 'Tuesday', '11:00:00', '13:00:00', 12, 4, 6),
(681, NULL, 8, 'BS_22', 3, 13, '2019-05-21', 'Tuesday', '11:00:00', '13:00:00', 1, 4, 6),
(682, NULL, 8, 'BS_22', 3, 13, '2019-05-28', 'Tuesday', '11:00:00', '13:00:00', 1, 4, 6),
(683, NULL, 8, 'BS_22', 3, 13, '2019-06-04', 'Tuesday', '11:00:00', '13:00:00', 12, 4, 6),
(684, NULL, 8, 'BS_22', 3, 17, '2019-03-19', 'Tuesday', '14:00:00', '16:00:00', 1, 4, 4),
(685, NULL, 8, 'BS_22', 3, 17, '2019-03-26', 'Tuesday', '14:00:00', '16:00:00', 1, 4, 4),
(686, NULL, 8, 'BS_22', 3, 17, '2019-04-02', 'Tuesday', '14:00:00', '16:00:00', 1, 4, 4),
(687, NULL, 8, 'BS_22', 3, 17, '2019-04-23', 'Tuesday', '14:00:00', '16:00:00', 1, 4, 4),
(688, NULL, 8, 'BS_22', 3, 17, '2019-04-30', 'Tuesday', '14:00:00', '16:00:00', 1, 4, 4),
(689, NULL, 8, 'BS_22', 3, 17, '2019-05-07', 'Tuesday', '14:00:00', '16:00:00', 12, 4, 4),
(690, NULL, 8, 'BS_19', 3, 17, '2019-05-14', 'Tuesday', '14:00:00', '16:00:00', 1, 4, 4),
(691, NULL, 8, 'BS_19', 3, 17, '2019-05-21', 'Tuesday', '14:00:00', '16:00:00', 1, 4, 4),
(692, NULL, 8, 'BS_19', 3, 17, '2019-05-28', 'Tuesday', '14:00:00', '16:00:00', 1, 4, 4),
(693, NULL, 8, 'BS_19', 3, 17, '2019-06-04', 'Tuesday', '14:00:00', '16:00:00', 1, 4, 4),
(694, NULL, 8, 'BS_19', 3, 17, '2019-06-11', 'Tuesday', '14:00:00', '16:00:00', 1, 4, 4),
(695, NULL, 8, 'BS_19', 3, 17, '2019-06-18', 'Tuesday', '14:00:00', '16:00:00', 1, 4, 4),
(696, NULL, 8, 'BS_19', 3, 17, '2019-06-25', 'Tuesday', '14:00:00', '16:00:00', 1, 4, 4),
(697, NULL, 8, 'BS_22', 3, 17, '2019-07-02', 'Tuesday', '14:00:00', '16:00:00', 12, 4, 4),
(698, NULL, 8, 'BS_22', 3, 17, '2019-04-09', 'Tuesday', '08:30:00', '10:30:00', 12, 4, 4),
(699, NULL, 8, 'BS_22', 3, 14, '2019-04-03', 'Wednesday', '08:30:00', '10:30:00', 1, 4, 23),
(700, NULL, 8, 'BS_22', 3, 14, '2019-04-24', 'Wednesday', '08:30:00', '10:30:00', 1, 4, 23),
(701, NULL, 8, 'BS_22', 3, 14, '2019-05-01', 'Wednesday', '08:30:00', '10:30:00', 1, 4, 23),
(702, NULL, 8, 'BS_22', 3, 14, '2019-05-15', 'Wednesday', '08:30:00', '10:30:00', 1, 4, 23),
(703, NULL, 8, 'BS_22', 3, 14, '2019-05-22', 'Wednesday', '08:30:00', '10:30:00', 1, 4, 23),
(704, NULL, 8, 'BS_22', 3, 14, '2019-05-29', 'Wednesday', '08:30:00', '10:30:00', 1, 4, 23),
(705, NULL, 8, 'BS_22', 3, 14, '2019-06-05', 'Wednesday', '08:30:00', '10:30:00', 1, 4, 23),
(706, NULL, 8, 'BS_22', 3, 14, '2019-06-19', 'Wednesday', '08:30:00', '10:30:00', 1, 4, 23),
(707, NULL, 8, 'BS_22', 3, 14, '2019-06-26', 'Wednesday', '08:30:00', '10:30:00', 12, 4, 23),
(708, NULL, 8, 'BS_22', 3, 14, '2019-05-23', 'Thursday', '08:30:00', '10:30:00', 1, 4, 23),
(709, NULL, 8, 'BS_22', 3, 14, '2019-05-30', 'Thursday', '08:30:00', '10:30:00', 1, 4, 23),
(710, NULL, 8, 'BS_22', 3, 14, '2019-06-06', 'Thursday', '08:30:00', '10:30:00', 1, 4, 23),
(711, NULL, 8, 'BS_22', 3, 14, '2019-06-20', 'Thursday', '08:30:00', '10:30:00', 1, 4, 23),
(712, NULL, 8, 'BS_22', 3, 15, '2019-04-03', 'Wednesday', '11:00:00', '13:00:00', 1, 4, 24),
(713, NULL, 8, 'BS_22', 3, 15, '2019-04-24', 'Wednesday', '11:00:00', '13:00:00', 1, 4, 24),
(714, NULL, 8, 'BS_22', 3, 15, '2019-05-08', 'Wednesday', '11:00:00', '13:00:00', 1, 4, 24),
(715, NULL, 8, 'BS_22', 3, 15, '2019-05-15', 'Wednesday', '11:00:00', '13:00:00', 12, 4, 24),
(716, NULL, 8, 'BS_22', 3, 15, '2019-05-22', 'Wednesday', '11:00:00', '13:00:00', 12, 4, 24),
(717, NULL, 8, 'BS_22', 3, 15, '2019-05-29', 'Wednesday', '11:00:00', '13:00:00', 1, 4, 24),
(718, NULL, 8, 'BS_22', 3, 15, '2019-06-05', 'Wednesday', '11:00:00', '13:00:00', 1, 4, 24),
(719, NULL, 8, 'BS_22', 3, 15, '2019-06-19', 'Wednesday', '11:00:00', '13:00:00', 1, 4, 24),
(720, NULL, 8, 'BS_22', 3, 15, '2019-06-26', 'Wednesday', '11:00:00', '13:00:00', 1, 4, 24),
(721, NULL, 8, 'BS_22', 3, 15, '2019-07-03', 'Wednesday', '11:00:00', '13:00:00', 12, 4, 24),
(722, NULL, 8, 'BS_22', 3, 15, '2019-05-23', 'Thursday', '11:00:00', '13:00:00', 1, 4, 24),
(723, NULL, 8, 'BS_22', 3, 15, '2019-05-30', 'Thursday', '11:00:00', '13:00:00', 1, 4, 24),
(724, NULL, 8, 'BS_22', 3, 15, '2019-06-06', 'Thursday', '11:00:00', '13:00:00', 12, 4, 24),
(725, NULL, 8, 'BS_22', 3, 15, '2019-06-20', 'Thursday', '11:00:00', '13:00:00', 1, 4, 24),
(726, NULL, 8, 'BS_22', 3, 18, '2019-04-03', 'Wednesday', '14:00:00', '16:00:00', 1, 4, 24),
(727, NULL, 8, 'BS_22', 3, 18, '2019-04-24', 'Wednesday', '14:00:00', '16:00:00', 1, 4, 24),
(728, NULL, 8, 'BS_22', 3, 18, '2019-05-08', 'Wednesday', '14:00:00', '16:00:00', 1, 4, 24),
(729, NULL, 8, 'BS_22', 3, 18, '2019-05-15', 'Wednesday', '14:00:00', '16:00:00', 12, 4, 24),
(730, NULL, 8, 'BS_22', 3, 18, '2019-05-22', 'Wednesday', '14:00:00', '16:00:00', 1, 4, 24),
(731, NULL, 8, 'BS_22', 3, 18, '2019-05-29', 'Wednesday', '14:00:00', '16:00:00', 1, 4, 24),
(732, NULL, 8, 'BS_22', 3, 18, '2019-06-05', 'Wednesday', '14:00:00', '16:00:00', 1, 4, 24),
(733, NULL, 8, 'BS_22', 3, 18, '2019-06-19', 'Wednesday', '14:00:00', '16:00:00', 1, 4, 24),
(734, NULL, 8, 'BS_22', 3, 18, '2019-06-26', 'Wednesday', '14:00:00', '16:00:00', 12, 4, 24),
(735, NULL, 8, 'BS_22', 3, 18, '2019-05-23', 'Thursday', '14:00:00', '16:00:00', 1, 4, 24),
(736, NULL, 8, 'BS_22', 3, 18, '2019-05-30', 'Thursday', '14:00:00', '16:00:00', 12, 4, 24),
(737, NULL, 8, 'BS_22', 3, 18, '2019-06-20', 'Thursday', '14:00:00', '16:00:00', 1, 4, 24),
(738, NULL, 7, 'CS_06', 4, 44, '2019-04-06', 'Saturday', '14:00:00', '16:00:00', 1, 10, 12),
(739, NULL, 7, 'CS_06', 4, 44, '2019-04-20', 'Saturday', '14:00:00', '16:00:00', 12, 10, 12),
(740, NULL, 7, 'CS_06', 4, 44, '2019-04-27', 'Saturday', '14:00:00', '16:00:00', 1, 10, 12),
(741, NULL, 7, 'CS_06', 4, 44, '2019-05-11', 'Saturday', '14:00:00', '16:00:00', 1, 10, 12),
(742, NULL, 7, 'CS_06', 4, 44, '2019-05-25', 'Saturday', '14:00:00', '16:00:00', 1, 10, 12),
(743, NULL, 7, 'CS_06', 4, 44, '2019-06-01', 'Saturday', '14:00:00', '16:00:00', 1, 10, 12),
(744, NULL, 7, 'CS_06', 4, 44, '2019-06-08', 'Saturday', '14:00:00', '16:00:00', 1, 10, 12),
(745, NULL, 7, 'CS_06', 4, 44, '2019-06-15', 'Saturday', '14:00:00', '16:00:00', 1, 10, 12),
(746, NULL, 7, 'CS_06', 4, 44, '2019-06-22', 'Saturday', '14:00:00', '16:00:00', 12, 10, 12),
(747, NULL, 7, 'CS_06', 4, 45, '2019-04-06', 'Saturday', '16:30:00', '18:30:00', 1, 1, 19),
(748, NULL, 7, 'CS_06', 4, 45, '2019-04-20', 'Saturday', '16:30:00', '18:30:00', 1, 10, 19),
(749, NULL, 7, 'CS_06', 4, 45, '2019-04-27', 'Saturday', '16:30:00', '18:30:00', 1, 10, 19),
(750, NULL, 7, 'CS_06', 4, 45, '2019-05-11', 'Saturday', '16:30:00', '18:30:00', 1, 10, 19),
(751, NULL, 7, 'CS_06', 4, 45, '2019-05-25', 'Saturday', '16:30:00', '18:30:00', 12, 10, 19),
(752, NULL, 7, 'CS_06', 4, 45, '2019-06-01', 'Saturday', '16:30:00', '18:30:00', 1, 10, 19),
(753, NULL, 7, 'CS_06', 4, 45, '2019-06-08', 'Saturday', '16:30:00', '18:30:00', 1, 10, 19),
(754, NULL, 7, 'CS_06', 4, 45, '2019-06-15', 'Saturday', '16:30:00', '18:30:00', 1, 10, 19),
(755, NULL, 7, 'CS_06', 4, 45, '2019-06-22', 'Saturday', '16:30:00', '18:30:00', 1, 10, 19),
(756, NULL, 7, 'CS_06', 4, 45, '2019-06-29', 'Saturday', '16:30:00', '18:30:00', 12, 10, 19),
(757, NULL, 7, 'CS_06', 3, 40, '2019-04-21', 'Sunday', '08:30:00', '10:30:00', 1, 15, 2),
(758, NULL, 7, 'CS_06', 3, 40, '2019-04-28', 'Sunday', '08:30:00', '10:30:00', 1, 15, 2),
(759, NULL, 7, 'CS_06', 3, 40, '2019-05-05', 'Sunday', '08:30:00', '10:30:00', 1, 15, 2),
(760, NULL, 7, 'CS_06', 3, 40, '2019-05-12', 'Sunday', '08:30:00', '10:30:00', 1, 15, 2),
(761, NULL, 7, 'CS_06', 4, 42, '2019-04-21', 'Sunday', '11:00:00', '13:00:00', 12, 15, 1),
(762, NULL, 7, 'CS_06', 4, 42, '2019-04-28', 'Sunday', '11:00:00', '13:00:00', 1, 15, 1),
(763, NULL, 7, 'CS_06', 4, 42, '2019-05-05', 'Sunday', '11:00:00', '13:00:00', 1, 15, 1),
(764, NULL, 7, 'CS_06', 4, 42, '2019-05-12', 'Sunday', '11:00:00', '13:00:00', 1, 15, 1),
(765, NULL, 7, 'CS_06', 4, 42, '2019-05-26', 'Sunday', '11:00:00', '13:00:00', 12, 15, 1),
(766, NULL, 7, 'CS_06', 4, 42, '2019-06-02', 'Sunday', '11:00:00', '13:00:00', 1, 15, 1),
(767, NULL, 7, 'CS_06', 4, 42, '2019-06-09', 'Sunday', '11:00:00', '13:00:00', 1, 15, 1),
(768, NULL, 7, 'CS_06', 4, 42, '2019-06-23', 'Sunday', '11:00:00', '13:00:00', 1, 15, 1),
(769, NULL, 7, 'CS_06', 4, 42, '2019-06-30', 'Sunday', '11:00:00', '13:00:00', 12, 15, 1),
(770, NULL, 7, 'CS_06', 4, 43, '2019-04-21', 'Sunday', '14:00:00', '16:00:00', 1, 15, 2),
(771, NULL, 7, 'CS_06', 4, 43, '2019-04-28', 'Sunday', '14:00:00', '16:00:00', 1, 15, 2),
(772, NULL, 7, 'CS_06', 4, 43, '2019-05-05', 'Sunday', '14:00:00', '16:00:00', 1, 15, 2),
(773, NULL, 7, 'CS_06', 4, 43, '2019-05-12', 'Sunday', '14:00:00', '16:00:00', 1, 15, 2),
(774, NULL, 7, 'CS_06', 4, 43, '2019-05-26', 'Sunday', '14:00:00', '16:00:00', 12, 15, 2),
(775, NULL, 7, 'CS_06', 4, 43, '2019-06-02', 'Sunday', '14:00:00', '16:00:00', 1, 15, 2),
(776, NULL, 7, 'CS_06', 4, 43, '2019-06-09', 'Sunday', '14:00:00', '16:00:00', 1, 15, 2),
(777, NULL, 7, 'CS_06', 4, 43, '2019-06-23', 'Sunday', '14:00:00', '16:00:00', 1, 15, 2),
(778, NULL, 7, 'CS_06', 4, 43, '2019-06-30', 'Sunday', '14:00:00', '16:00:00', 12, 15, 2),
(779, NULL, 7, 'CS_06', 4, 41, '2019-04-21', 'Sunday', '16:30:00', '18:30:00', 12, 15, 3),
(780, NULL, 7, 'CS_06', 4, 41, '2019-04-28', 'Sunday', '16:30:00', '18:30:00', 1, 15, 3),
(781, NULL, 7, 'CS_06', 4, 41, '2019-05-05', 'Sunday', '16:30:00', '18:30:00', 1, 15, 3),
(782, NULL, 7, 'CS_06', 4, 41, '2019-05-12', 'Sunday', '16:30:00', '18:30:00', 1, 15, 3),
(783, NULL, 7, 'CS_06', 4, 41, '2019-05-26', 'Sunday', '16:30:00', '18:30:00', 1, 15, 3),
(784, NULL, 7, 'CS_06', 4, 41, '2019-06-02', 'Sunday', '16:30:00', '18:30:00', 1, 15, 3),
(785, NULL, 7, 'CS_06', 4, 41, '2019-06-09', 'Sunday', '16:30:00', '18:30:00', 1, 15, 3),
(786, NULL, 7, 'CS_06', 4, 41, '2019-06-23', 'Sunday', '16:30:00', '18:30:00', 1, 15, 3),
(787, NULL, 7, 'CS_06', 4, 41, '2019-06-30', 'Sunday', '16:30:00', '18:30:00', 1, 15, 3),
(788, NULL, 7, 'CS_06', 4, 41, '2019-07-07', 'Sunday', '16:30:00', '18:30:00', 12, 15, 3),
(789, NULL, 7, 'CS_07', 3, 37, '2019-04-06', 'Saturday', '14:00:00', '16:00:00', 1, 11, 2),
(790, NULL, 7, 'CS_07', 3, 37, '2019-04-20', 'Saturday', '14:00:00', '16:00:00', 12, 11, 2),
(791, NULL, 7, 'CS_07', 3, 37, '2019-04-27', 'Saturday', '14:00:00', '16:00:00', 1, 11, 2),
(792, NULL, 7, 'CS_07', 3, 37, '2019-05-11', 'Saturday', '14:00:00', '16:00:00', 1, 11, 2),
(793, NULL, 7, 'CS_07', 3, 37, '2019-05-25', 'Saturday', '14:00:00', '16:00:00', 1, 11, 2),
(794, NULL, 7, 'CS_07', 3, 37, '2019-06-01', 'Saturday', '14:00:00', '16:00:00', 1, 11, 2),
(795, NULL, 7, 'CS_07', 3, 37, '2019-06-08', 'Saturday', '14:00:00', '16:00:00', 12, 11, 2),
(796, NULL, 7, 'CS_07', 3, 36, '2019-04-21', 'Sunday', '11:00:00', '13:00:00', 1, 12, 16),
(797, NULL, 7, 'CS_07', 3, 36, '2019-04-28', 'Sunday', '11:00:00', '13:00:00', 1, 12, 16),
(798, NULL, 7, 'CS_07', 3, 36, '2019-05-05', 'Sunday', '11:00:00', '13:00:00', 12, 12, 16),
(799, NULL, 7, 'CS_07', 3, 36, '2019-05-12', 'Sunday', '11:00:00', '13:00:00', 12, 12, 16),
(800, NULL, 7, 'CS_07', 3, 36, '2019-05-26', 'Sunday', '11:00:00', '13:00:00', 1, 12, 16),
(801, NULL, 7, 'CS_07', 3, 36, '2019-06-02', 'Sunday', '11:00:00', '13:00:00', 1, 12, 16),
(802, NULL, 7, 'CS_07', 3, 36, '2019-06-09', 'Sunday', '11:00:00', '13:00:00', 1, 12, 16),
(803, NULL, 7, 'CS_07', 3, 36, '2019-06-23', 'Sunday', '11:00:00', '13:00:00', 12, 12, 16),
(804, NULL, 7, 'CS_07', 3, 39, '2019-04-21', 'Sunday', '14:00:00', '16:00:00', 1, 12, 1),
(805, NULL, 7, 'CS_07', 3, 39, '2019-04-28', 'Sunday', '14:00:00', '16:00:00', 1, 12, 1),
(806, NULL, 7, 'CS_07', 3, 39, '2019-05-05', 'Sunday', '14:00:00', '16:00:00', 1, 12, 1),
(807, NULL, 7, 'CS_07', 3, 39, '2019-05-12', 'Sunday', '14:00:00', '16:00:00', 1, 12, 1),
(808, NULL, 7, 'CS_07', 3, 39, '2019-05-26', 'Sunday', '14:00:00', '16:00:00', 1, 12, 1),
(809, NULL, 7, 'CS_07', 3, 39, '2019-06-02', 'Sunday', '14:00:00', '16:00:00', 1, 12, 1),
(810, NULL, 7, 'CS_07', 3, 39, '2019-06-09', 'Sunday', '14:00:00', '16:00:00', 12, 12, 1),
(811, NULL, 7, 'CS_07', 3, 38, '2019-04-21', 'Sunday', '16:30:00', '18:30:00', 1, 12, 1),
(812, NULL, 7, 'CS_07', 3, 38, '2019-04-28', 'Sunday', '16:30:00', '18:30:00', 1, 12, 1),
(813, NULL, 7, 'CS_07', 3, 38, '2019-05-05', 'Sunday', '16:30:00', '18:30:00', 1, 12, 1),
(814, NULL, 7, 'CS_07', 3, 38, '2019-05-12', 'Sunday', '16:30:00', '18:30:00', 1, 12, 1),
(815, NULL, 7, 'CS_07', 3, 38, '2019-05-26', 'Sunday', '16:30:00', '18:30:00', 1, 12, 1),
(816, NULL, 7, 'CS_07', 3, 38, '2019-06-02', 'Sunday', '16:30:00', '18:30:00', 1, 12, 1),
(817, NULL, 7, 'CS_07', 3, 38, '2019-06-09', 'Sunday', '16:30:00', '18:30:00', 12, 12, 1),
(818, NULL, 7, 'CS_09', 1, 23, '2019-04-06', 'Saturday', '14:00:00', '16:00:00', 1, 9, 19),
(819, NULL, 7, 'CS_09', 1, 23, '2019-04-20', 'Saturday', '14:00:00', '16:00:00', 1, 9, 19),
(820, NULL, 7, 'CS_09', 1, 23, '2019-04-27', 'Saturday', '14:00:00', '16:00:00', 1, 9, 19),
(821, NULL, 7, 'CS_09', 1, 23, '2019-05-04', 'Saturday', '14:00:00', '16:00:00', 1, 9, 19),
(822, NULL, 7, 'CS_09', 1, 23, '2019-05-11', 'Saturday', '14:00:00', '16:00:00', 1, 9, 19),
(824, NULL, 7, 'CS_09', 1, 23, '2019-05-25', 'Saturday', '14:00:00', '16:00:00', 1, 9, 19),
(826, NULL, 7, 'CS_09', 1, 23, '2019-06-01', 'Saturday', '14:00:00', '16:00:00', 12, 9, 19),
(827, NULL, 7, 'CS_09', 1, 23, '2019-06-08', 'Saturday', '14:00:00', '16:00:00', 1, 9, 19),
(828, NULL, 7, 'CS_09', 1, 23, '2019-06-15', 'Saturday', '14:00:00', '16:00:00', 1, 9, 19),
(829, NULL, 7, 'CS_09', 1, 23, '2019-06-22', 'Saturday', '14:00:00', '16:00:00', 1, 9, 19),
(830, NULL, 7, 'CS_09', 1, 23, '2019-06-29', 'Saturday', '14:00:00', '16:00:00', 1, 9, 19),
(831, NULL, 7, 'CS_09', 1, 23, '2019-07-06', 'Saturday', '14:00:00', '16:00:00', 1, 9, 19),
(832, NULL, 7, 'CS_09', 1, 23, '2019-07-13', 'Saturday', '14:00:00', '16:00:00', 1, 9, 19),
(833, NULL, 7, 'CS_09', 1, 23, '2019-07-20', 'Saturday', '14:00:00', '16:00:00', 1, 9, 19),
(834, NULL, 7, 'CS_09', 1, 26, '2019-04-06', 'Saturday', '16:30:00', '18:30:00', 1, 9, 2),
(835, NULL, 7, 'CS_09', 1, 26, '2019-04-20', 'Saturday', '16:30:00', '18:30:00', 1, 9, 2),
(836, NULL, 7, 'CS_09', 1, 26, '2019-04-27', 'Saturday', '16:30:00', '18:30:00', 1, 9, 2),
(837, NULL, 7, 'CS_09', 1, 26, '2019-05-04', 'Saturday', '16:30:00', '18:30:00', 1, 9, 2),
(838, NULL, 7, 'CS_09', 1, 26, '2019-05-11', 'Saturday', '16:30:00', '18:30:00', 1, 9, 2),
(840, NULL, 7, 'CS_09', 1, 26, '2019-05-25', 'Saturday', '16:30:00', '18:30:00', 1, 9, 2),
(841, NULL, 7, 'CS_09', 1, 26, '2019-06-01', 'Saturday', '16:30:00', '18:30:00', 1, 9, 2),
(842, NULL, 7, 'CS_09', 1, 26, '2019-06-08', 'Saturday', '16:30:00', '18:30:00', 1, 9, 2),
(843, NULL, 7, 'CS_09', 1, 26, '2019-06-15', 'Saturday', '16:30:00', '18:30:00', 1, 9, 2),
(844, NULL, 7, 'CS_09', 1, 26, '2019-06-22', 'Saturday', '16:30:00', '18:30:00', 1, 9, 2),
(845, NULL, 7, 'CS_09', 1, 26, '2019-06-29', 'Saturday', '16:30:00', '18:30:00', 1, 9, 2),
(846, NULL, 7, 'CS_09', 1, 26, '2019-07-06', 'Saturday', '16:30:00', '18:30:00', 1, 9, 2),
(847, NULL, 7, 'CS_09', 1, 26, '2019-07-13', 'Saturday', '16:30:00', '18:30:00', 1, 9, 2),
(848, NULL, 7, 'CS_09', 1, 26, '2019-07-20', 'Saturday', '16:30:00', '18:30:00', 1, 9, 2),
(849, NULL, 7, 'CS_09', 1, 26, '2019-07-27', 'Saturday', '16:30:00', '18:30:00', 1, 9, 2),
(850, NULL, 7, 'CS_09', 1, 26, '2019-08-03', 'Saturday', '16:30:00', '18:30:00', 12, 9, 2),
(851, NULL, 7, 'CS_09', 1, 25, '2019-04-21', 'Sunday', '08:30:00', '10:30:00', 1, 12, 16),
(852, NULL, 7, 'CS_09', 1, 25, '2019-04-28', 'Sunday', '08:30:00', '10:30:00', 1, 12, 16),
(853, NULL, 7, 'CS_09', 1, 25, '2019-05-05', 'Sunday', '08:30:00', '10:30:00', 1, 12, 16),
(854, NULL, 7, 'CS_09', 1, 25, '2019-05-12', 'Sunday', '08:30:00', '10:30:00', 12, 12, 16),
(855, NULL, 7, 'CS_09', 1, 25, '2019-05-26', 'Sunday', '08:30:00', '10:30:00', 1, 12, 16),
(856, NULL, 7, 'CS_09', 1, 25, '2019-06-02', 'Sunday', '08:30:00', '10:30:00', 1, 12, 16),
(857, NULL, 7, 'CS_09', 1, 25, '2019-06-09', 'Sunday', '08:30:00', '10:30:00', 1, 12, 16),
(858, NULL, 7, 'CS_09', 1, 25, '2019-06-23', 'Sunday', '08:30:00', '10:30:00', 1, 12, 16),
(859, NULL, 7, 'CS_09', 1, 25, '2019-06-30', 'Sunday', '08:30:00', '10:30:00', 1, 12, 16),
(860, NULL, 7, 'CS_09', 1, 25, '2019-07-07', 'Sunday', '08:30:00', '10:30:00', 1, 12, 16),
(861, NULL, 7, 'CS_09', 1, 25, '2019-07-14', 'Sunday', '08:30:00', '10:30:00', 12, 12, 16),
(862, NULL, 7, 'CS_09', 1, 27, '2019-04-21', 'Sunday', '11:00:00', '13:00:00', 1, 1, 19),
(863, NULL, 7, 'CS_09', 1, 27, '2019-04-28', 'Sunday', '11:00:00', '13:00:00', 12, 1, 19),
(864, NULL, 7, 'CS_09', 1, 27, '2019-05-05', 'Sunday', '11:00:00', '13:00:00', 1, 1, 19),
(865, NULL, 7, 'CS_09', 1, 27, '2019-05-12', 'Sunday', '11:00:00', '13:00:00', 1, 1, 19),
(866, NULL, 7, 'CS_09', 1, 27, '2019-05-26', 'Sunday', '11:00:00', '13:00:00', 1, 1, 19),
(867, NULL, 7, 'CS_09', 1, 27, '2019-06-02', 'Sunday', '11:00:00', '13:00:00', 12, 1, 19),
(868, NULL, 7, 'CS_09', 1, 27, '2019-06-09', 'Sunday', '11:00:00', '13:00:00', 1, 1, 19),
(869, NULL, 7, 'CS_09', 1, 27, '2019-06-23', 'Sunday', '11:00:00', '13:00:00', 1, 1, 19),
(870, NULL, 7, 'CS_09', 1, 27, '2019-06-30', 'Sunday', '11:00:00', '13:00:00', 1, 1, 19),
(871, NULL, 7, 'CS_09', 1, 27, '2019-07-07', 'Sunday', '11:00:00', '13:00:00', 1, 1, 19),
(872, NULL, 7, 'CS_09', 1, 27, '2019-07-14', 'Sunday', '11:00:00', '13:00:00', 1, 1, 19),
(873, NULL, 7, 'CS_09', 1, 27, '2019-07-21', 'Sunday', '11:00:00', '13:00:00', 1, 1, 19),
(874, NULL, 7, 'CS_09', 1, 27, '2019-07-28', 'Sunday', '11:00:00', '13:00:00', 12, 1, 19),
(875, NULL, 7, 'CS_09', 1, 28, '2019-04-21', 'Sunday', '14:00:00', '16:00:00', 1, 11, 20),
(876, NULL, 7, 'CS_09', 1, 28, '2019-04-28', 'Sunday', '14:00:00', '16:00:00', 1, 11, 20),
(877, NULL, 7, 'CS_09', 1, 28, '2019-05-05', 'Sunday', '14:00:00', '16:00:00', 1, 11, 20),
(878, NULL, 7, 'CS_09', 1, 28, '2019-05-12', 'Sunday', '14:00:00', '16:00:00', 1, 11, 20),
(879, NULL, 7, 'CS_09', 1, 28, '2019-05-26', 'Sunday', '14:00:00', '16:00:00', 1, 11, 20),
(880, NULL, 7, 'CS_09', 1, 28, '2019-06-02', 'Sunday', '14:00:00', '16:00:00', 1, 11, 20),
(881, NULL, 7, 'CS_09', 1, 28, '2019-06-09', 'Sunday', '14:00:00', '16:00:00', 1, 11, 20),
(882, NULL, 7, 'CS_09', 1, 28, '2019-06-23', 'Sunday', '14:00:00', '16:00:00', 1, 11, 20),
(883, NULL, 7, 'CS_09', 1, 28, '2019-06-30', 'Sunday', '14:00:00', '16:00:00', 1, 11, 20),
(884, NULL, 7, 'CS_09', 1, 28, '2019-07-07', 'Sunday', '14:00:00', '16:00:00', 12, 11, 20),
(885, NULL, 7, 'CS_09', 1, 24, '2019-04-21', 'Sunday', '16:30:00', '18:30:00', 1, 11, 20),
(886, NULL, 7, 'CS_09', 1, 24, '2019-04-28', 'Sunday', '16:30:00', '18:30:00', 1, 11, 20),
(887, NULL, 7, 'CS_09', 1, 24, '2019-05-05', 'Sunday', '16:30:00', '18:30:00', 1, 11, 20),
(888, NULL, 7, 'CS_09', 1, 24, '2019-05-12', 'Sunday', '16:30:00', '18:30:00', 1, 11, 20),
(889, NULL, 7, 'CS_09', 1, 24, '2019-05-26', 'Sunday', '16:30:00', '18:30:00', 1, 11, 20),
(890, NULL, 7, 'CS_09', 1, 24, '2019-06-02', 'Sunday', '16:30:00', '18:30:00', 1, 11, 20),
(891, NULL, 7, 'CS_09', 1, 24, '2019-06-09', 'Sunday', '16:30:00', '18:30:00', 1, 11, 20),
(892, NULL, 5, 'DC_39', 1, 49, '2019-04-22', 'Monday', '08:30:00', '12:00:00', 1, 5, 27),
(893, NULL, 5, 'DC_39', 1, 49, '2019-04-29', 'Monday', '08:30:00', '12:00:00', 1, 5, 27),
(894, NULL, 5, 'DC_39', 1, 49, '2019-05-06', 'Monday', '08:30:00', '12:00:00', 1, 5, 27),
(895, NULL, 5, 'DC_40', 1, 49, '2019-04-22', 'Monday', '08:30:00', '12:00:00', 1, 4, 28),
(896, NULL, 5, 'DC_40', 1, 49, '2019-04-29', 'Monday', '08:30:00', '12:00:00', 1, 4, 28),
(897, NULL, 5, 'DC_40', 1, 49, '2019-05-06', 'Monday', '08:30:00', '12:00:00', 1, 4, 28),
(898, NULL, 5, 'DC_41', 1, 49, '2019-04-22', 'Monday', '13:00:00', '16:30:00', 1, 4, 29),
(899, NULL, 5, 'DC_41', 1, 49, '2019-04-29', 'Monday', '13:00:00', '16:30:00', 1, 4, 29),
(900, NULL, 5, 'DC_41', 1, 49, '2019-05-06', 'Monday', '13:00:00', '16:30:00', 1, 4, 29),
(901, NULL, 5, 'DC_41', 1, 49, '2019-04-23', 'Tuesday', '08:30:00', '12:00:00', 1, 14, 30),
(902, NULL, 5, 'DC_41', 1, 49, '2019-04-30', 'Tuesday', '08:30:00', '12:00:00', 1, 14, 30),
(903, NULL, 5, 'DC_41', 1, 49, '2019-05-07', 'Tuesday', '08:30:00', '12:00:00', 1, 14, 30),
(904, NULL, 5, 'DC_39', 1, 49, '2019-04-23', 'Tuesday', '13:00:00', '16:30:00', 1, 14, 28),
(905, NULL, 5, 'DC_39', 1, 49, '2019-04-30', 'Tuesday', '13:00:00', '16:30:00', 1, 14, 28),
(906, NULL, 5, 'DC_39', 1, 49, '2019-05-07', 'Tuesday', '13:00:00', '16:30:00', 1, 14, 28),
(907, NULL, 5, 'DC_40', 1, 49, '2019-04-23', 'Tuesday', '13:00:00', '16:30:00', 1, 16, 32),
(908, NULL, 5, 'DC_40', 1, 49, '2019-04-30', 'Tuesday', '13:00:00', '16:30:00', 1, 16, 32),
(909, NULL, 5, 'DC_40', 1, 49, '2019-05-07', 'Tuesday', '13:00:00', '16:30:00', 1, 16, 32),
(910, NULL, 5, 'DC_42', 1, 49, '2019-04-24', 'Wednesday', '13:00:00', '16:30:00', 1, 6, 30),
(911, NULL, 5, 'DC_42', 1, 49, '2019-05-01', 'Wednesday', '13:00:00', '16:30:00', 1, 6, 30),
(912, NULL, 5, 'DC_42', 1, 49, '2019-05-08', 'Wednesday', '13:00:00', '16:30:00', 1, 6, 30),
(913, NULL, 5, 'DC_42', 1, 49, '2019-04-25', 'Thursday', '08:30:00', '12:30:00', 1, 5, 32),
(914, NULL, 5, 'DC_42', 1, 49, '2019-05-02', 'Thursday', '08:30:00', '12:30:00', 1, 5, 32),
(915, NULL, 5, 'DC_42', 1, 49, '2019-05-09', 'Thursday', '08:30:00', '12:30:00', 1, 5, 32),
(916, NULL, 5, 'DC_43', 1, 49, '2019-04-20', 'Saturday', '08:30:00', '12:00:00', 1, 14, 30),
(917, NULL, 5, 'DC_43', 1, 49, '2019-04-27', 'Saturday', '08:30:00', '12:00:00', 1, 14, 30),
(918, NULL, 5, 'DC_43', 1, 49, '2019-05-04', 'Saturday', '08:30:00', '12:00:00', 1, 14, 30),
(919, NULL, 5, 'DC_43', 1, 49, '2019-05-11', 'Saturday', '08:30:00', '12:00:00', 1, 14, 30),
(920, NULL, 5, 'DC_43', 1, 49, '2019-04-20', 'Saturday', '13:00:00', '16:30:00', 1, 14, 28),
(921, NULL, 5, 'DC_43', 1, 49, '2019-04-27', 'Saturday', '13:00:00', '16:30:00', 1, 14, 28),
(922, NULL, 5, 'DC_43', 1, 49, '2019-05-04', 'Saturday', '13:00:00', '16:30:00', 1, 14, 28),
(923, NULL, 5, 'DC_43', 1, 49, '2019-05-11', 'Saturday', '13:00:00', '16:30:00', 1, 14, 28),
(924, NULL, 5, 'DC_44', 1, 49, '2019-04-20', 'Saturday', '08:30:00', '12:00:00', 1, 16, 33),
(925, NULL, 5, 'DC_44', 1, 49, '2019-04-27', 'Saturday', '08:30:00', '12:00:00', 1, 16, 33),
(926, NULL, 5, 'DC_44', 1, 49, '2019-05-04', 'Saturday', '08:30:00', '12:00:00', 1, 16, 33),
(927, NULL, 5, 'DC_44', 1, 49, '2019-05-11', 'Saturday', '08:30:00', '12:00:00', 1, 16, 33),
(928, NULL, 5, 'DC_44', 1, 49, '2019-04-20', 'Saturday', '13:00:00', '16:30:00', 1, 16, 29),
(929, NULL, 5, 'DC_44', 1, 49, '2019-04-27', 'Saturday', '13:00:00', '16:30:00', 1, 16, 29),
(930, NULL, 5, 'DC_44', 1, 49, '2019-05-04', 'Saturday', '13:00:00', '16:30:00', 1, 16, 29),
(931, NULL, 5, 'DC_44', 1, 49, '2019-05-11', 'Saturday', '13:00:00', '16:30:00', 1, 16, 29),
(932, NULL, 3, 'DE_65', 1, 47, '2019-04-26', 'Friday', '08:30:00', '12:00:00', 1, 5, 31),
(933, NULL, 3, 'DE_65', 1, 47, '2019-05-03', 'Friday', '08:30:00', '12:00:00', 1, 5, 31),
(934, NULL, 3, 'DE_65', 1, 47, '2019-05-10', 'Friday', '08:30:00', '12:00:00', 1, 5, 31),
(935, NULL, 3, 'DE_65', 1, 47, '2019-05-17', 'Friday', '08:30:00', '12:00:00', 1, 5, 31),
(936, NULL, 3, 'DE_65', 1, 47, '2019-05-24', 'Friday', '08:30:00', '12:00:00', 1, 5, 31),
(937, NULL, 3, 'DE_65', 1, 47, '2019-05-31', 'Friday', '08:30:00', '12:00:00', 1, 5, 31),
(938, NULL, 3, 'DE_65', 1, 47, '2019-06-07', 'Friday', '08:30:00', '12:00:00', 1, 5, 31),
(939, NULL, 3, 'DE_65', 1, 47, '2019-06-14', 'Friday', '08:30:00', '12:00:00', 1, 5, 31),
(940, NULL, 3, 'DE_65', 1, 47, '2019-06-21', 'Friday', '08:30:00', '12:00:00', 1, 5, 31),
(941, NULL, 3, 'DE_65', 1, 47, '2019-06-28', 'Friday', '08:30:00', '12:00:00', 1, 5, 31),
(942, NULL, 3, 'DE_65', 1, 47, '2019-07-05', 'Friday', '08:30:00', '12:00:00', 1, 5, 31),
(943, NULL, 3, 'DE_65', 1, 47, '2019-07-12', 'Friday', '08:30:00', '12:00:00', 1, 5, 31),
(944, NULL, 3, 'DE_65', 1, 47, '2019-07-19', 'Friday', '08:30:00', '12:00:00', 1, 5, 31),
(945, NULL, 3, 'DE_65', 1, 47, '2019-07-26', 'Friday', '08:30:00', '12:00:00', 1, 5, 31),
(946, NULL, 3, 'DE_65', 1, 47, '2019-08-02', 'Friday', '08:30:00', '12:00:00', 1, 5, 31),
(947, NULL, 3, 'DE_65', 1, 47, '2019-04-26', 'Friday', '13:00:00', '16:30:00', 1, 5, 29),
(948, NULL, 3, 'DE_65', 1, 47, '2019-05-03', 'Friday', '13:00:00', '16:30:00', 1, 5, 29),
(949, NULL, 3, 'DE_65', 1, 47, '2019-05-10', 'Friday', '13:00:00', '16:30:00', 1, 5, 29),
(950, NULL, 3, 'DE_65', 1, 47, '2019-05-17', 'Friday', '13:00:00', '16:30:00', 1, 5, 29),
(951, NULL, 3, 'DE_65', 1, 47, '2019-05-24', 'Friday', '13:00:00', '16:30:00', 1, 5, 29),
(952, NULL, 3, 'DE_65', 1, 47, '2019-05-31', 'Friday', '13:00:00', '16:30:00', 1, 5, 29),
(953, NULL, 3, 'DE_65', 1, 47, '2019-06-07', 'Friday', '13:00:00', '16:30:00', 1, 5, 29),
(954, NULL, 3, 'DE_65', 1, 47, '2019-06-14', 'Friday', '13:00:00', '16:30:00', 1, 5, 29),
(955, NULL, 3, 'DE_65', 1, 47, '2019-06-21', 'Friday', '13:00:00', '16:30:00', 1, 5, 29),
(956, NULL, 3, 'DE_65', 1, 47, '2019-06-28', 'Friday', '13:00:00', '16:30:00', 1, 5, 29),
(957, NULL, 3, 'DE_65', 1, 47, '2019-07-05', 'Friday', '13:00:00', '16:30:00', 1, 5, 29),
(958, NULL, 3, 'DE_65', 1, 47, '2019-07-12', 'Friday', '13:00:00', '16:30:00', 1, 5, 29),
(959, NULL, 3, 'DE_65', 1, 47, '2019-07-19', 'Friday', '13:00:00', '16:30:00', 1, 5, 29),
(960, NULL, 3, 'DE_65', 1, 47, '2019-07-26', 'Friday', '13:00:00', '16:30:00', 1, 5, 29),
(961, NULL, 3, 'DE_65', 1, 47, '2019-08-02', 'Friday', '13:00:00', '16:30:00', 1, 5, 29),
(962, NULL, 3, 'DE_66', 1, 47, '2019-04-20', 'Saturday', '08:30:00', '12:30:00', 1, 17, 31),
(963, NULL, 3, 'DE_66', 1, 47, '2019-04-27', 'Saturday', '08:30:00', '12:30:00', 1, 17, 31),
(964, NULL, 3, 'DE_66', 1, 47, '2019-05-04', 'Saturday', '08:30:00', '12:30:00', 1, 17, 31),
(965, NULL, 3, 'DE_66', 1, 47, '2019-05-11', 'Saturday', '08:30:00', '12:30:00', 1, 17, 31),
(966, NULL, 3, 'DE_66', 1, 47, '2019-05-18', 'Saturday', '08:30:00', '12:30:00', 1, 17, 31),
(967, NULL, 3, 'DE_66', 1, 47, '2019-05-25', 'Saturday', '08:30:00', '12:30:00', 1, 17, 31),
(968, NULL, 3, 'DE_66', 1, 47, '2019-06-01', 'Saturday', '08:30:00', '12:30:00', 1, 17, 31),
(969, NULL, 3, 'DE_66', 1, 47, '2019-06-08', 'Saturday', '08:30:00', '12:30:00', 1, 17, 31),
(970, NULL, 3, 'DE_66', 1, 47, '2019-06-15', 'Saturday', '08:30:00', '12:30:00', 1, 17, 31),
(971, NULL, 3, 'DE_66', 1, 47, '2019-06-22', 'Saturday', '08:30:00', '12:30:00', 1, 17, 31),
(972, NULL, 3, 'DE_66', 1, 47, '2019-06-29', 'Saturday', '08:30:00', '12:30:00', 1, 17, 31),
(973, NULL, 3, 'DE_66', 1, 47, '2019-07-06', 'Saturday', '08:30:00', '12:30:00', 1, 17, 31),
(974, NULL, 3, 'DE_66', 1, 47, '2019-07-13', 'Saturday', '08:30:00', '12:30:00', 1, 17, 31),
(975, NULL, 3, 'DE_66', 1, 47, '2019-07-20', 'Saturday', '08:30:00', '12:30:00', 1, 17, 31),
(976, NULL, 3, 'DE_66', 1, 47, '2019-07-27', 'Saturday', '08:30:00', '12:30:00', 1, 17, 31),
(977, NULL, 3, 'DE_66', 1, 47, '2019-08-03', 'Saturday', '08:30:00', '12:30:00', 1, 17, 31),
(978, NULL, 10, 'CB_01', 2, 50, '2019-04-20', 'Saturday', '14:00:00', '18:00:00', 1, 13, 5),
(979, NULL, 10, 'CB_01', 2, 50, '2019-04-27', 'Saturday', '14:00:00', '18:00:00', 1, 13, 5),
(980, NULL, 10, 'CB_01', 2, 50, '2019-05-04', 'Saturday', '14:00:00', '18:00:00', 1, 13, 5),
(981, NULL, 10, 'CB_01', 2, 51, '2019-04-21', 'Sunday', '09:00:00', '13:00:00', 1, 13, 4),
(982, NULL, 10, 'CB_01', 2, 51, '2019-04-28', 'Sunday', '09:00:00', '13:00:00', 1, 13, 4),
(983, NULL, 10, 'CB_01', 2, 51, '2019-05-05', 'Sunday', '09:00:00', '13:00:00', 1, 13, 4),
(984, NULL, 10, 'CB_01', 2, 52, '2019-04-21', 'Sunday', '14:00:00', '18:00:00', 1, 13, 9),
(985, NULL, 10, 'CB_01', 2, 52, '2019-04-28', 'Sunday', '14:00:00', '18:00:00', 1, 13, 9),
(986, NULL, 10, 'CB_01', 2, 52, '2019-05-05', 'Sunday', '14:00:00', '18:00:00', 1, 13, 9),
(988, NULL, 8, 'BS_19', 2, 7, '2019-12-08', 'Sunday', '11:00:00', '13:00:00', 1, 2, 7),
(989, NULL, 8, 'BS_19', 2, 7, '2019-12-15', 'Sunday', '11:00:00', '13:00:00', 1, 2, 7),
(990, NULL, 8, 'BS_19', 2, 7, '2019-12-22', 'Sunday', '11:00:00', '13:00:00', 1, 2, 7),
(991, NULL, 8, 'BS_19', 2, 7, '2019-12-29', 'Sunday', '11:00:00', '13:00:00', 1, 2, 7),
(992, NULL, 7, 'CS_06', 1, 23, '2019-12-01', 'Sunday', '10:00:00', '12:30:00', 1, 1, 19),
(993, NULL, 7, 'CS_06', 1, 23, '2019-12-08', 'Sunday', '10:00:00', '12:30:00', 1, 1, 19),
(994, NULL, 7, 'CS_06', 1, 23, '2019-12-15', 'Sunday', '10:00:00', '12:30:00', 1, 1, 19),
(995, NULL, 7, 'CS_06', 1, 23, '2019-12-22', 'Sunday', '10:00:00', '12:30:00', 1, 1, 19),
(996, NULL, 7, 'CS_06', 1, 23, '2019-12-29', 'Sunday', '10:00:00', '12:30:00', 1, 1, 19),
(997, NULL, 7, 'CS_07', 2, 32, '2019-12-01', 'Sunday', '11:00:00', '12:00:00', 1, 3, 3),
(998, NULL, 7, 'CS_07', 2, 32, '2019-12-08', 'Sunday', '11:00:00', '12:00:00', 1, 3, 3),
(999, NULL, 7, 'CS_07', 2, 32, '2019-12-15', 'Sunday', '11:00:00', '12:00:00', 1, 3, 3),
(1000, NULL, 7, 'CS_07', 2, 32, '2019-12-22', 'Sunday', '11:00:00', '12:00:00', 1, 3, 3),
(1001, NULL, 7, 'CS_07', 2, 32, '2019-12-29', 'Sunday', '11:00:00', '12:00:00', 1, 3, 3),
(1009, NULL, 8, 'BS_27', 1, 1, '2020-06-29', 'Monday', '08:30:00', '10:30:00', 1, 7, 13),
(1011, NULL, 8, 'BS_27', 1, 1, '2020-07-13', 'Monday', '08:30:00', '10:30:00', 1, 7, 13),
(1012, NULL, 8, 'BS_27', 1, 1, '2020-07-20', 'Monday', '08:30:00', '10:30:00', 1, 7, 13),
(1013, NULL, 8, 'BS_27', 1, 1, '2020-07-27', 'Monday', '08:30:00', '10:30:00', 1, 7, 13),
(1023, NULL, 8, 'BS_20', 1, 1, '2020-06-04', 'Thursday', '09:00:00', '11:00:00', 1, 8, 24),
(1024, NULL, 8, 'BS_20', 1, 1, '2020-06-11', 'Thursday', '09:00:00', '11:00:00', 1, 8, 24),
(1025, NULL, 8, 'BS_20', 1, 1, '2020-06-18', 'Thursday', '09:00:00', '11:00:00', 1, 8, 24),
(1026, NULL, 8, 'BS_20', 1, 1, '2020-06-25', 'Thursday', '09:00:00', '11:00:00', 1, 8, 24),
(1027, NULL, 8, 'BS_20', 1, 1, '2020-07-02', 'Thursday', '09:00:00', '11:00:00', 1, 8, 24),
(1028, NULL, 8, 'BS_20', 1, 1, '2020-07-09', 'Thursday', '09:00:00', '11:00:00', 1, 8, 24),
(1029, NULL, 8, 'BS_20', 1, 1, '2020-07-16', 'Thursday', '09:00:00', '11:00:00', 1, 8, 24),
(1030, NULL, 8, 'BS_20', 1, 1, '2020-07-23', 'Thursday', '09:00:00', '11:00:00', 1, 8, 24),
(1031, NULL, 8, 'BS_20', 1, 1, '2020-07-30', 'Thursday', '09:00:00', '11:00:00', 1, 8, 24);

-- --------------------------------------------------------

--
-- Table structure for table `attendance`
--

CREATE TABLE `attendance` (
  `studentId` varchar(8) NOT NULL,
  `date` date NOT NULL,
  `time` time NOT NULL,
  `is_pending_payment` tinyint(1) NOT NULL,
  `visited_finance` tinyint(1) NOT NULL,
  `remarks` varchar(200) NOT NULL,
  `finance_remarks` varchar(200) NOT NULL
) ENGINE=InnoDB DEFAULT CHARSET=utf8;

--
-- Dumping data for table `attendance`
--

INSERT INTO `attendance` (`studentId`, `date`, `time`, `is_pending_payment`, `visited_finance`, `remarks`, `finance_remarks`) VALUES
('20S08001', '2020-07-01', '13:35:42', 0, 0, 'Pending Payments', 'dsf fdsfdsfsd sfdsf fds sdf ds'),
('20S08001', '2020-07-02', '14:16:45', 0, 0, '', ''),
('20S08001', '2020-07-02', '14:17:47', 0, 0, '', ''),
('20S08001', '2020-07-02', '14:31:21', 0, 0, '', ''),
('20S08001', '2020-07-02', '14:33:26', 0, 0, '', ''),
('20S08001', '2020-07-02', '14:44:52', 0, 0, '', ''),
('20S08001', '2020-07-02', '15:31:46', 0, 0, '', ''),
('20S08001', '2020-07-02', '15:31:51', 0, 0, '', ''),
('20S08001', '2020-07-02', '16:38:44', 0, 0, '', ''),
('20s08001', '2020-07-03', '13:57:25', 0, 0, '', ''),
('20s08001', '2020-07-03', '14:05:20', 0, 0, '', ''),
('20s08001', '2020-07-03', '14:05:39', 0, 0, '', ''),
('20s08001', '2020-07-03', '14:10:14', 0, 0, '', ''),
('20s08001', '2020-07-03', '14:14:08', 0, 0, '', ''),
('20s08001', '2020-07-05', '11:37:25', 0, 0, '', ''),
('20s08001', '2020-07-05', '17:33:32', 0, 0, '', '<p><strong>sdfsdsf f sdf sfdfs </strong><em>dfgdgdfg</em></p>'),
('20S08002', '2020-07-02', '14:17:02', 0, 0, 'Pending Payments', ''),
('20S08002', '2020-07-02', '14:18:17', 0, 0, 'Pending Payments', ''),
('20S08002', '2020-07-02', '14:19:08', 0, 0, 'Pending Payments', ''),
('20S08002', '2020-07-02', '14:24:49', 0, 0, 'Pending Payments', ''),
('20S08002', '2020-07-02', '14:33:28', 0, 0, 'Pending Payments', ''),
('20S08002', '2020-07-02', '14:44:55', 0, 0, 'Pending Payments', ''),
('20S08002', '2020-07-02', '14:45:32', 0, 0, 'Pending Payments', ''),
('20S08002', '2020-07-02', '14:47:49', 0, 0, 'Pending Payments', ''),
('20S08002', '2020-07-02', '14:49:28', 0, 0, 'Pending Payments', ''),
('20S08002', '2020-07-02', '15:31:42', 0, 0, 'Pending Payments', ''),
('20S08002', '2020-07-02', '15:31:49', 0, 0, 'Pending Payments', ''),
('20S08002', '2020-07-02', '15:31:53', 0, 0, 'Pending Payments', ''),
('20S08002', '2020-07-02', '16:37:52', 0, 0, 'Pending Payments', ''),
('20S08002', '2020-07-02', '16:38:12', 0, 0, 'Pending Payments', ''),
('20S08002', '2020-07-02', '16:38:13', 0, 0, 'Pending Payments', ''),
('20S08002', '2020-07-02', '16:38:17', 0, 0, 'Pending Payments', ''),
('20s08002', '2020-07-02', '16:39:42', 0, 1, 'Pending Payments', ''),
('20s08002', '2020-07-03', '13:44:50', 0, 0, 'Pending Payments', ''),
('20s08002', '2020-07-03', '13:57:04', 0, 0, 'Pending Payments', ''),
('20s08002', '2020-07-03', '13:57:17', 0, 0, 'Pending Payments', ''),
('20s08002', '2020-07-03', '13:58:01', 0, 0, 'Pending Payments', ''),
('20s08002', '2020-07-03', '14:03:41', 0, 0, 'Pending Payments', ''),
('20s08002', '2020-07-03', '14:04:05', 0, 0, 'Pending Payments', ''),
('20s08002', '2020-07-03', '14:04:38', 0, 0, 'Pending Payments', ''),
('20s08002', '2020-07-03', '14:05:31', 0, 0, 'Pending Payments', ''),
('20s08002', '2020-07-03', '14:05:36', 0, 0, 'Pending Payments', ''),
('20s08002', '2020-07-03', '14:10:16', 0, 0, 'Pending Payments', ''),
('20s08002', '2020-07-03', '14:11:19', 0, 0, 'Pending Payments', ''),
('20s08002', '2020-07-03', '14:12:38', 0, 0, 'Pending Payments', ''),
('20s08002', '2020-07-03', '14:13:35', 0, 1, 'Pending Payments', ''),
('20s08002', '2020-07-03', '14:14:02', 0, 1, 'Pending Payments', ''),
('20s08002', '2020-07-05', '11:37:07', 1, 1, 'Pending Payments', ''),
('20s08002', '2020-07-05', '17:12:53', 1, 1, 'Pending Payments', ''),
('20s08002', '2020-07-05', '17:33:18', 1, 1, 'Pending Payments', ''),
('20s08002', '2020-07-05', '18:13:14', 1, 1, 'Pending Payments', ''),
('20s08002', '2020-07-05', '18:14:32', 1, 1, 'Pending Payments', '');

-- --------------------------------------------------------

--
-- Table structure for table `batch`
--

CREATE TABLE `batch` (
  `id` varchar(10) NOT NULL,
  `name` varchar(50) NOT NULL,
  `heads` int(11) NOT NULL,
  `courseId` int(11) NOT NULL,
  `batch_color` varchar(7) DEFAULT NULL,
  `status` int(11) NOT NULL
) ENGINE=InnoDB DEFAULT CHARSET=latin1;

--
-- Dumping data for table `batch`
--

INSERT INTO `batch` (`id`, `name`, `heads`, `courseId`, `batch_color`, `status`) VALUES
('BS_19', 'Advanced Diploma in Business 19 edited 7.13', 70, 8, '#0A0A0A', 0),
('BS_20', 'Advanced Diploma in Business 20', 35, 8, '#A03E47', 1),
('BS_21', 'Advanced Diploma in Business 21', 60, 8, '#4A4D90', 0),
('BS_22', 'Advanced Diploma in Business 22', 25, 8, '#4983AE', 0),
('BS_23', 'Advanced Diploma in Business 23', 53, 8, '#2B4B63', 0),
('BS_24', 'Advanced Diploma in Business 24', 55, 8, '#257773', 0),
('BS_25', 'Advanced Diploma in Business 25', 60, 8, '#319E6A', 0),
('BS_26', 'Advanced Diploma in Business 26', 45, 8, '#528A50', 0),
('BS_27', 'Advanced Diploma in Business 27', 80, 8, '#528A50', 0),
('CB_01', 'Top-Up CCCU Business Management', 72, 10, '#C27228', 0),
('CS_06', 'Advanced Diploma in Computer Science 06', 12, 7, '#966249', 0),
('CS_07', 'Advanced Diploma in Computer Science 07', 20, 7, '#732222', 0),
('CS_08', 'Advanced Diploma in Computer Science 08', 30, 7, '#530000', 0),
('CS_09', 'Advanced Diploma in Computer Science 09', 30, 7, '#2D5467', 0),
('DC_39', 'Dual Certificate in English and IT 39', 42, 5, '#042839', 0),
('DC_40', 'Dual Certificate in English and IT 40', 57, 5, '#9A3C16', 0),
('DC_41', 'Dual Certificate in English and IT  41', 22, 5, '#9A3C16', 0),
('DC_42', 'Dual Certificate in English and IT  42', 20, 5, '#9A3C16', 0),
('DC_43', 'Dual Certificate in English and IT  43', 40, 5, '#9A3C16', 0),
('DC_44', 'Dual Certificate in English and IT  44', 50, 5, '#9A3C16', 0),
('DE_54/55', 'Diploma in English 54/55', 20, 3, '#9A3C16', 0),
('DE_65', 'Diploma in English 65', 15, 3, '#9A3C16', 0),
('DE_66', 'Diploma in English 66', 40, 3, '#9A3C16', 0);

-- --------------------------------------------------------

--
-- Table structure for table `branch`
--

CREATE TABLE `branch` (
  `id` int(11) NOT NULL,
  `name` varchar(50) COLLATE utf8mb4_general_ci NOT NULL,
  `Location` varchar(50) COLLATE utf8mb4_general_ci DEFAULT NULL
) ENGINE=InnoDB DEFAULT CHARSET=utf8mb4 COLLATE=utf8mb4_general_ci;

--
-- Dumping data for table `branch`
--

INSERT INTO `branch` (`id`, `name`, `Location`) VALUES
(4, 'Gampaha', 'Gampaha Location'),
(6, 'Sakya Nugegoda', 'Negegoda');

-- --------------------------------------------------------

--
-- Table structure for table `classroom`
--

CREATE TABLE `classroom` (
  `id` int(11) NOT NULL,
  `name` varchar(11) NOT NULL,
  `type` int(11) NOT NULL,
  `capacity` int(11) NOT NULL,
  `floor` int(11) NOT NULL
) ENGINE=InnoDB DEFAULT CHARSET=latin1;

--
-- Dumping data for table `classroom`
--

INSERT INTO `classroom` (`id`, `name`, `type`, `capacity`, `floor`) VALUES
(1, '1L1', 2, 45, 0),
(2, '2L1', 1, 70, 0),
(3, '2L3', 1, 70, 0),
(4, '3L1', 1, 70, 0),
(5, '3L2', 1, 50, 0),
(6, '3L3', 1, 70, 0),
(7, '4L1', 1, 20, 0),
(8, '4L2', 1, 25, 0),
(9, '4L3', 1, 30, 0),
(10, '4L4', 1, 30, 0),
(11, '4L5', 1, 20, 0),
(12, '4L6', 2, 30, 0),
(13, '5L1', 1, 60, 0),
(14, '5L2', 1, 50, 0),
(15, '5L3', 2, 40, 0),
(16, '6L1', 1, 70, 0),
(17, '6L2', 1, 70, 0),
(18, '6L3', 1, 50, 0),
(20, '8L1', 1, 40, 0),
(21, '8L2', 1, 100, 0),
(22, '1L10', 1, 45, 0);

-- --------------------------------------------------------

--
-- Table structure for table `course`
--

CREATE TABLE `course` (
  `id` int(11) NOT NULL,
  `name` varchar(50) NOT NULL
) ENGINE=InnoDB DEFAULT CHARSET=latin1;

--
-- Dumping data for table `course`
--

INSERT INTO `course` (`id`, `name`) VALUES
(1, 'IELTS'),
(2, 'Saegis Degree Foundation'),
(3, 'Diploma in English'),
(4, 'Business English'),
(5, 'Dual Certificate in English and IT'),
(7, 'Advanced Diploma in Business edit 2'),
(8, 'Advanced Diploma in Business edit'),
(10, 'Top-Up CCCU Business Management'),
(12, 'CIM'),
(13, 'Top-Up CCCU Computing'),
(15, 'BIT'),
(18, 'MBA'),
(28, 'Nugegoda'),
(29, 'Nugegoda');

-- --------------------------------------------------------

--
-- Table structure for table `course_enroll`
--

CREATE TABLE `course_enroll` (
  `studentId` varchar(8) NOT NULL,
  `inquiryId` int(11) NOT NULL,
  `courseId` int(11) NOT NULL,
  `pplanId` int(11) NOT NULL,
  `batchId` varchar(10) NOT NULL,
  `datetime` datetime NOT NULL,
  `username` varchar(100) NOT NULL,
  `intakeId` int(11) NOT NULL,
  `is_enroll_valid` tinyint(1) NOT NULL,
  `is_dropout` tinyint(1) DEFAULT '0'
) ENGINE=InnoDB DEFAULT CHARSET=utf8;

--
-- Dumping data for table `course_enroll`
--

INSERT INTO `course_enroll` (`studentId`, `inquiryId`, `courseId`, `pplanId`, `batchId`, `datetime`, `username`, `intakeId`, `is_enroll_valid`, `is_dropout`) VALUES
('20S08001', 4705, 7, 11, 'CS_06', '2020-04-07 01:43:18', 'admin', 6, 0, 0),
('20S08001', 5201, 8, 5, 'BS_19', '2019-12-18 07:58:08', 'admin', 5, 1, 0),
('20S08002', 5100, 8, 10, 'BS_19', '2020-01-11 03:14:28', 'admin', 6, 0, 0);

-- --------------------------------------------------------

--
-- Table structure for table `default_rotation`
--

CREATE TABLE `default_rotation` (
  `username` varchar(100) NOT NULL,
  `courseId` int(11) NOT NULL
) ENGINE=InnoDB DEFAULT CHARSET=utf8;

-- --------------------------------------------------------

--
-- Table structure for table `departments`
--

CREATE TABLE `departments` (
  `id` int(11) NOT NULL,
  `name` varchar(100) NOT NULL
) ENGINE=InnoDB DEFAULT CHARSET=utf8;

--
-- Dumping data for table `departments`
--

INSERT INTO `departments` (`id`, `name`) VALUES
(1, 'IT'),
(2, 'Marketing'),
(3, 'Academic'),
(4, 'Front Office');

-- --------------------------------------------------------

--
-- Table structure for table `event`
--

CREATE TABLE `event` (
  `id` int(11) NOT NULL,
  `name` varchar(100) NOT NULL,
  `date` date NOT NULL,
  `day` varchar(15) NOT NULL,
  `startTime` time NOT NULL,
  `endTime` time NOT NULL,
  `classroomId` int(11) NOT NULL,
  `color` varchar(7) NOT NULL
) ENGINE=InnoDB DEFAULT CHARSET=utf8;

-- --------------------------------------------------------

--
-- Table structure for table `inquiry`
--

CREATE TABLE `inquiry` (
  `id` int(20) NOT NULL,
  `name` varchar(100) NOT NULL,
  `email` varchar(100) NOT NULL,
  `mobile` int(9) NOT NULL,
  `home` int(9) DEFAULT NULL,
  `address` varchar(255) NOT NULL,
  `city` varchar(100) NOT NULL,
  `medium` int(11) NOT NULL,
  `student_type` varchar(50) DEFAULT NULL,
  `reference` int(11) NOT NULL,
  `course` int(11) NOT NULL,
  `remarks` varchar(255) DEFAULT NULL,
  `datetime` datetime NOT NULL,
  `username` varchar(100) NOT NULL,
  `is_pending` tinyint(1) NOT NULL,
  `is_positive` tinyint(1) NOT NULL,
  `is_registered` tinyint(1) NOT NULL,
  `is_failed` tinyint(1) NOT NULL
) ENGINE=InnoDB DEFAULT CHARSET=utf8;

--
-- Dumping data for table `inquiry`
--

INSERT INTO `inquiry` (`id`, `name`, `email`, `mobile`, `home`, `address`, `city`, `medium`, `student_type`, `reference`, `course`, `remarks`, `datetime`, `username`, `is_pending`, `is_positive`, `is_registered`, `is_failed`) VALUES
(40, 'Induwara', 'bwalallawita@gmail.com', 765533442, 0, 'No, 07, Stage 02, Housing Scheme', 'Mattegoda', 2, NULL, 5, 8, 'test', '2019-05-17 02:36:17', 'poojani', 1, 0, 0, 0),
(41, 'Yashani Rodrigo', 'bwalallawita@gmail.com', 770431111, 0, 'No, 07, Stage 02, Housing Scheme', 'Mattegoda', 2, NULL, 5, 8, '', '2019-05-20 11:18:59', 'rajitha', 1, 0, 0, 0),
(42, 'Malshan Mendis', 'bwalallawita@gmail.com', 770430000, 0, 'No, 07, Stage 02, Housing Scheme', 'Mattegoda', 2, NULL, 8, 8, '', '2019-05-20 11:19:40', 'vihanga', 1, 0, 0, 0),
(462, 'Madushika', 'sandaya325@gmail.com', 712840337, 0, '-', 'Poogoda', 1, NULL, 3, 3, '', '2018-07-05 00:00:00', 'yashani', 0, 0, 1, 0),
(464, 'Ramesh', '-', 773258910, 0, '-', 'Dehivala', 1, NULL, 6, 3, 'poster', '2018-07-05 00:00:00', 'yashani', 1, 1, 0, 0),
(549, 'Lakmali Udeshika', '', 771940046, 112560562, '135/8, Hokamdara North, Hokandara', 'Hokandara', 1, NULL, 1, 3, '', '2018-07-07 00:00:00', 'yashani', 1, 1, 0, 0),
(589, 'SILVA', '-', 716816256, 0, '-', '-', 1, NULL, 3, 4, '', '2018-07-11 00:00:00', 'yashani', 1, 1, 0, 0),
(608, 'Dishara Sathsarani', '', 769077599, 0, '381A/56, Pragathi Mw, Kahathuduwa', 'Piliyanda', 1, NULL, 1, 3, 'Sep Intake 2018', '2018-07-12 00:00:00', 'yashani', 1, 1, 0, 0),
(610, 'Lakmi sadushani', '', 718734169, 0, '174/3, Weera Mawatha , Depanama, Pannipitiya', 'Pannipitiya', 1, NULL, 1, 8, '', '2018-07-14 00:00:00', 'yashani', 1, 1, 0, 0),
(617, 'Priyadarshana', 'priyadarshanahuc@yahoo.com', 714406795, 777921406, '693/2/127, super city , nawagamuwa', 'ranala', 1, NULL, 6, 3, 'poster', '2018-07-16 00:00:00', 'yashani', 1, 1, 0, 0),
(618, 'Darshani Nishangika', 'darshaninishangika@gmail.com', 771953753, 0, 'zxc', 'colombo', 1, NULL, 1, 8, 'September ', '2018-07-16 00:00:00', 'poojani', 1, 1, 0, 0),
(650, 'Keshini ayeshma', 'keshiniayeshma@yahoo.com', 717353887, 0, '69/1,hibutana road', 'angoda', 1, NULL, 6, 8, 'web', '2018-07-17 00:00:00', 'paramitha', 1, 1, 0, 0),
(704, 'Thushantha ', 'thushanthaisuru@gmail.com', 775277344, 0, '-', 'Kotte', 1, NULL, 6, 4, 'poster', '2018-07-17 00:00:00', 'yashani', 1, 1, 0, 0),
(830, 'Jeewani ', '', 772527055, 0, '132, Meegamuwa Road, Dankotuwa ', 'Dankotuwa', 3, NULL, 6, 3, '', '2018-07-20 00:00:00', 'yashani', 1, 1, 0, 0),
(832, 'Chanuka Nethmini', '', 713379481, 713325061, 'D35, Kandy Rd, Tholangama', 'Tholangama', 1, NULL, 1, 3, '', '2018-07-20 00:00:00', 'yashani', 1, 1, 0, 0),
(836, 'Savindi', 'savi@hotmail.com', 715688647, 0, '259/53, bandaranayakepura road,kalapaluwawa', 'rajagiriya', 1, NULL, 6, 3, 'Friend', '2018-07-20 00:00:00', 'yashani', 1, 1, 0, 0),
(840, 'Nipuni', '-', 719560184, 0, '427,kulathunga mw, makumbura', 'pannipitiya', 1, NULL, 3, 8, '', '2018-07-20 00:00:00', 'yashani', 1, 1, 0, 0),
(845, 'Hiranthi ', '', 773625970, 0, '26/4, Dahampasal Mawatha, Wewala, piliyandala ', 'piliyandala ', 1, NULL, 1, 3, '', '2018-07-23 00:00:00', 'yashani', 1, 1, 0, 0),
(855, 'Nadeera Fonseka', 'nadeerafonseka2@gmail.com', 785476111, 112806014, '24/3, Narahenpita Rd', 'Navala', 1, NULL, 6, 4, 'Poster', '2018-07-25 00:00:00', 'yashani', 1, 1, 0, 0),
(859, 'Nishamali ', '', 774151850, 0, 'Rabarwatta para, Kahatawila, Kotuatawana, Dankotuwa', 'Dankotuwa ', 1, NULL, 1, 1, '', '2018-07-26 00:00:00', 'yashani', 1, 1, 0, 0),
(865, 'Candula Perera', 'c.perera5252@gmail.com', 775283724, 0, '-', 'Colombo', 1, NULL, 6, 8, 'Online', '2018-07-26 00:00:00', 'poojani', 1, 1, 0, 0),
(877, 'Indika', 'chandraniindika@yahoo.com', 771298113, 0, '-', 'Moratuva', 1, NULL, 6, 3, 'Sakya ', '2018-07-28 00:00:00', 'yashani', 1, 1, 0, 0),
(894, 'K.M.A. Gayan', '-', 711939247, 0, '43, Malpola, Abevela', 'Ambevela', 1, NULL, 6, 8, 'Seen  ', '2018-08-01 00:00:00', 'poojani', 0, 0, 1, 0),
(897, 'Kasun', 'kasun.randima678@gmail.com', 712158892, 253257081, '-', 'Homagama', 1, NULL, 6, 3, 'Web ', '2018-08-02 00:00:00', 'yashani', 1, 1, 0, 0),
(939, 'SACHINI', '', 769384540, 0, '187/9C/2, 3RD LANE, MUNAMALE WATTA, KIRIWATHTHUDUWA', 'PILIYANDALA', 1, NULL, 1, 3, '', '2018-08-06 00:00:00', 'yashani', 1, 1, 0, 0),
(959, 'Suresh Ramanayake', 'sureshlankaramanayake@gmail.com', 759777051, 759777051, '123/H,Temple Road', 'Raththanapitiya', 1, NULL, 6, 12, 'web', '2018-08-08 00:00:00', 'poojani', 1, 1, 0, 0),
(982, 'Darshani ', 'dnisansalaheadgard@gmail.com', 778611600, 0, '-', 'Rajegiriya', 1, NULL, 6, 4, 'Sister', '2018-08-15 00:00:00', 'yashani', 1, 1, 0, 0),
(2535, 'Rashmitha Tarinda', 'chami_t81@yahoo.com', 716662169, 112783761, '-', 'Kottava', 1, NULL, 6, 3, 'Sakya  Student ', '2018-08-16 00:00:00', 'yashani', 1, 1, 0, 0),
(2540, 'Sadali ', '', 713386134, 0, 'Hettimulla , kotademiyawa', 'Gampaha', 1, NULL, 6, 3, 'She will come to collect the details ', '2018-08-17 00:00:00', 'yashani', 1, 1, 0, 0),
(2543, 'Ajith  Pushpakumara ', 'pathiranage.ajith9705@gmail.com', 713854064, 0, '37/6, Dahigahawatta, Wenivalkola ', 'Polgasovita', 1, NULL, 6, 7, 'friend', '2018-08-18 00:00:00', 'paramitha', 1, 1, 0, 0),
(2545, 'Dunith Dahanayake', 'dunithamiththadahanayake@gmail.com', 778237000, 0, 'asdas', 'colombo', 1, NULL, 6, 7, 'potential will register. another two students.', '2018-08-18 00:00:00', 'yashani', 1, 1, 0, 0),
(2552, 'Dinesha Mendis', 'dineshamendis2@gmail.com', 715462082, 0, '41,Andiris De Silva Mw, Rawatawatta,Moratuwa', '-', 1, NULL, 6, 18, '', '2018-08-19 00:00:00', 'poojani', 1, 1, 0, 0),
(2610, 'Fathima Rameesa', 'rameezacmb2017@gmail.com', 766966997, 0, 'Henamulla', 'Colombo 15', 7, NULL, 6, 10, 'CCCU student ', '2018-08-21 00:00:00', 'yashani', 1, 1, 0, 0),
(2626, 'Oshini Siriwardana', 'oshinisiriwardana96@gmail.com', 726639628, 0, 'Kesbawa', 'Colombo', 7, NULL, 6, 10, 'CCCU Student', '2018-08-21 00:00:00', 'paramitha', 1, 1, 0, 0),
(2627, 'Dasun Sandeeepa Karunarathne', 'dasunkarunarathne96@gmail.com', 756857019, 0, '197/2 Makola North, Makola', 'Makola', 7, NULL, 6, 10, '', '2018-08-21 00:00:00', 'yashani', 1, 1, 0, 0),
(2628, 'Mohamed Amri', 'amrihariz17@gmail.com', 758866771, 0, 'amrihariz17@gmail.com', 'Kalubowila', 7, NULL, 6, 10, '', '2018-08-21 00:00:00', 'poojani', 1, 1, 0, 0),
(2641, 'U.D.C. Rodrigo', 'gfcdj', 772104282, 0, 'fresadtygu', 'nugegoda', 1, NULL, 6, 10, '', '2018-08-21 00:00:00', 'paramitha', 1, 1, 0, 0),
(2642, 'D.S Panaluwa ', 'gfxh', 757714601, 0, 'erfgd', 'nugegoda', 7, NULL, 6, 10, '', '2018-08-21 00:00:00', 'yashani', 1, 1, 0, 0),
(2643, 'G T M Ranawaka', 'eryghfdsu', 775373453, 112531047, '135 s.d.s jayasinghe mawatha,kohuwala', 'nugegoda', 7, NULL, 6, 10, '', '2018-08-21 00:00:00', 'poojani', 1, 1, 0, 0),
(2645, 'H P R S Wickramasinghe', 'wretgdes', 778144981, 0, 'detygrw', 'nugegoda', 1, NULL, 6, 10, '', '2018-08-21 00:00:00', 'yashani', 1, 1, 0, 0),
(2646, 'S Karunarathne', 'dfgs', 112962808, 0, 'fdasgf', 'nugegoda', 7, NULL, 6, 10, '', '2018-08-21 00:00:00', 'poojani', 1, 1, 0, 0),
(2660, 'Sanjana', 'prasangi.abeywi@gmail.com', 714211921, 0, 'dzfgdfbh', 'kadawata', 7, NULL, 6, 10, '', '2018-08-23 00:00:00', 'paramitha', 1, 1, 0, 0),
(2662, 'Hashani ', '', 713228100, 0, '159/4,Kubuka, Uthura, Gonapola', 'Horana', 1, NULL, 6, 3, '', '2018-08-23 00:00:00', 'yashani', 1, 1, 0, 0),
(2669, 'Navishan ', '', 768843166, 0, 'Nugegoda', 'Navishan', 7, NULL, 1, 18, '', '2018-08-24 00:00:00', 'poojani', 1, 1, 0, 0),
(2670, 'Rismini', '', 719307088, 0, 'Boralasgamuwa', 'Boralasgamuwa', 1, NULL, 1, 18, 'She wants do an MBA but she is concerned about the ranking of the Canterbury Christ Church University. Could be converted.', '2018-08-24 00:00:00', 'poojani', 1, 1, 0, 0),
(2673, 'yogapriya ', '', 721770885, 0, '82,3rd lane , Abeysekara place, Mt lavinia', 'Mt Lavinia', 1, NULL, 6, 3, '', '2018-08-24 00:00:00', 'yashani', 1, 1, 0, 0),
(2674, 'Shatheesha', '', 757181727, 112074648, '83/4, Chiththampahuwa, wellampitiya', 'Wellampitiya', 1, NULL, 6, 3, '', '2018-08-24 00:00:00', 'yashani', 1, 1, 0, 0),
(2677, 'Avishka Nipuni', 'nipunia1996@gmail.com', 776406659, 0, '43/1/6,Gonamadiththa Road,Madapatha,Piliyandala', '-', 1, NULL, 6, 18, 'friend', '2018-08-24 00:00:00', 'poojani', 1, 1, 0, 0),
(2693, 'shanaka rajith', 'shanakarajith95@gmail.com', 776040366, 0, 'dewrw', 'kalutara', 7, NULL, 6, 10, '', '2018-08-27 00:00:00', 'paramitha', 1, 1, 0, 0),
(2696, 'Vidura Bandara Weerasinghe', 'vidudons@gmail.com', 719716417, 0, '24/BKanduboda,delgoda', 'Biyagama', 1, NULL, 6, 10, '', '2018-08-27 00:00:00', 'yashani', 1, 1, 0, 0),
(2700, 'Buddhi Imasha', '-', 713444051, 2750372, '36/57,Lionel Jayasinghe Mawatha,Godagama', 'Godagama', 1, NULL, 6, 3, 'leaflets', '2018-08-27 00:00:00', 'yashani', 1, 1, 0, 0),
(2708, 'Chathuni ', '', 112519477, 112519477, 'Nugegoda', 'Nugegoda', 1, NULL, 1, 3, 'DUAL STUDENT ', '2018-08-27 00:00:00', 'yashani', 1, 1, 0, 0),
(2709, 'Madushani Perera', 'maneedra123@gmail.com', 703790827, 112899199, '-', 'Kottava', 1, NULL, 6, 1, 'seen ', '2018-08-27 00:00:00', 'yashani', 1, 1, 0, 0),
(2719, 'Gimhani Dilusha', 'gimhanidilusha1234@gmail.com', 776989068, 112719924, '24/4c gamunu avenue attidiya Dehiwala', 'Dehiwala', 7, NULL, 6, 13, 'will come ', '2018-08-28 00:00:00', 'poojani', 1, 1, 0, 0),
(2722, 'Pabasara', '', 714585264, 0, 'Maharagama', 'Maharagahama', 1, NULL, 1, 8, '', '2018-08-29 00:00:00', 'poojani', 1, 1, 0, 0),
(2723, 'Yesith Chamara', '-', 777834153, 112892082, '-', 'Homagema ', 1, NULL, 6, 8, 'Friend', '2018-08-29 00:00:00', 'paramitha', 1, 1, 0, 0),
(2728, 'Predeep', 'amilan@softlogic.lk', 773742438, 0, '-', 'Malebe', 1, NULL, 1, 3, 'online', '2018-08-29 00:00:00', 'yashani', 1, 1, 0, 0),
(2733, 'Thushan ', '', 763845163, 0, '250/C/10, Daladahena, Pitipana North, Kiriwaththuduwa', 'Horana', 1, NULL, 6, 3, '', '2018-08-29 00:00:00', 'yashani', 1, 1, 0, 0),
(2734, 'Mr. W A T Madushanka', '', 772656545, 0, 'Ishara, Kiyulawaththe, Bombawala, Kaluthara', 'colombo', 1, NULL, 6, 8, '', '2018-08-29 00:00:00', 'yashani', 1, 1, 0, 0),
(2743, 'Ashen', '', 718033568, 112539495, '-', 'Kaduwela ', 1, NULL, 6, 8, 'Sakya Student', '2018-08-30 00:00:00', 'poojani', 1, 1, 0, 0),
(2749, 'Thunere Vilegoda', 'nalin0088@gmail.com', 786413070, 0, '-', 'Wadduva', 1, NULL, 6, 8, 'Sakya Student', '2018-08-30 00:00:00', 'poojani', 1, 1, 0, 0),
(2752, 'Sheena Ibrahim', 'shix00789@gmail.com', 776659898, 0, '-', 'Kohuvala', 1, NULL, 6, 2, 'web', '2018-08-30 00:00:00', 'paramitha', 1, 1, 0, 0),
(2754, 'Nadeeka Herath', 'hmnadee85@gmail.com', 718405052, 0, '-', 'Nigombo', 1, NULL, 6, 3, 'friend', '2018-08-30 00:00:00', 'yashani', 1, 1, 0, 0),
(2762, 'Yasuru Kavinda ', '', 711531134, 711531134, 'C/2/8, Soysa Plats, Moratuwa', 'Moratuwa', 1, NULL, 6, 3, '', '2018-08-31 00:00:00', 'yashani', 1, 1, 0, 0),
(2768, 'Chamoda Tehali', 'dsd1996@gmail.com', 712365359, 0, '-', 'Colombo', 1, NULL, 6, 8, 'English Dip Past Student', '2018-09-01 00:00:00', 'paramitha', 1, 1, 0, 0),
(2769, 'Roshmi Samarasinghe ', '', 778396097, 112732725, '219/4/Galle Rd, Dehiwala ', 'Dehiwala ', 1, NULL, 6, 3, '', '2018-09-01 00:00:00', 'yashani', 1, 1, 0, 0),
(2774, 'Aleena Rafeek', '-', 714402770, 0, '1575/175, New City,Horehene, Kottave.', 'Pannipitiya', 1, NULL, 6, 8, 'Sakya Student', '2018-09-01 00:00:00', 'yashani', 1, 1, 0, 0),
(2775, 'Hashaari ', '', 71393537, 0, '374/2, Hokandara soujth , Hokandara', 'Hokandara', 1, NULL, 6, 3, '', '2018-09-01 00:00:00', 'yashani', 1, 1, 0, 0),
(2784, 'Chathura Maduwantha', '-', 714415189, 0, '81,Yabereluva, Malvane.', '-', 1, NULL, 6, 3, 'Sakya Student', '2018-09-01 00:00:00', 'yashani', 1, 1, 0, 0),
(2787, 'Text A', 'rodrigoyashani@yahoo.com', 770439265, 0, 'Text A', 'Text A', 1, NULL, 6, 3, '', '2018-09-01 00:00:00', 'yashani', 1, 1, 0, 0),
(2801, 'Sanduni Geetha Kumari', 'sandunigeethakumari@gmail.com', 757269710, 0, '142/2, Galneluva Walivariya ', '-', 1, NULL, 6, 3, 'Sakya Student', '2018-09-02 00:00:00', 'yashani', 1, 1, 0, 0),
(2805, 'Yasuri Grero', '-', 777848447, 0, '6,Gal kanuwa Road,Gorakana,Keselwatta,Panadura', 'Panadura', 1, NULL, 6, 3, 'Sakya Student', '2018-09-03 00:00:00', 'yashani', 1, 1, 0, 0),
(2807, 'Buddika Prasanna ', '', 332259613, 332259613, '149/2, Galooluwa, Weliweriya ', 'Weliweriya ', 1, NULL, 6, 3, 'sumudu sharmali ', '2018-09-03 00:00:00', 'yashani', 1, 1, 0, 0),
(2810, ' Prasanna ', '', 149, 0, '149/2, Galooluwa, Weliweriya ', 'Weliweriya ', 1, NULL, 6, 3, 'sumudu sharmali ', '2018-09-03 00:00:00', 'yashani', 1, 1, 0, 0),
(2812, 'AVINDIKA ', 'avindika.kks@gmail.com', 711424001, 0, '-', 'Ragama', 1, NULL, 6, 5, 'Web', '2018-09-03 00:00:00', 'yashani', 1, 1, 0, 0),
(2815, 'Yashoda Chamoth', '', 770865252, 0, 'No. 14/5,Othale, madagama, Abepussa', 'Abepussa', 1, NULL, 6, 3, '', '2018-09-03 00:00:00', 'yashani', 1, 1, 0, 0),
(2817, 'Michelle', 'michelle@classicventure.com', 753632005, 0, '81,Weboda East,Weboda', 'Kadawatha', 1, NULL, 6, 3, 'web', '2018-09-03 00:00:00', 'yashani', 1, 1, 0, 0),
(2840, 'Kavini ', '', 710801552, 0, '23,3rd Lane, samanpura,Moratuwa', 'Moratuwa', 1, NULL, 6, 12, '', '2018-09-04 00:00:00', 'yashani', 1, 1, 0, 0),
(2883, 'K.V.Kavindi', '-', 768515132, 452256172, 'Kalevane Rathnapura', '-', 1, NULL, 6, 3, 'friend', '2018-09-05 00:00:00', 'yashani', 1, 1, 0, 0),
(2919, 'sakuni ', '', 761284020, 0, '249, Pragathi pura, madiwela kotte', 'kotte', 1, NULL, 6, 3, '', '2018-09-05 00:00:00', 'yashani', 1, 1, 0, 0),
(2927, 'Yashmi Ravindya', 'yashmiramindya99@gmail.com', 713943897, 113034221, '102/73/APuvakgaswatta Rd, Makandara Madepathe', '-', 1, NULL, 6, 3, 'Sakya student', '2018-09-05 00:00:00', 'yashani', 1, 1, 0, 0),
(2929, 'Niwarthana', '', 752930455, 0, '228/3,Kanaththard, Battharamulla ', 'Battharamulla ', 1, NULL, 3, 3, '', '2018-09-05 00:00:00', 'yashani', 1, 1, 0, 0),
(2941, 'Pasindu Kaumada', '', 765428821, 0, '326/8,lesly land, Munagama, Horana', 'Horana', 1, NULL, 1, 3, '', '2018-09-05 00:00:00', 'yashani', 1, 1, 0, 0),
(3025, 'Chathurangani', '', 718728222, 112418162, '236, K T C Road,Kotikawaththa, Angoda', 'Angoda', 1, NULL, 1, 3, 'Registered', '2018-09-05 00:00:00', 'yashani', 1, 1, 0, 0),
(3048, 'Wathsala ', '', 773017539, 0, '9,Newngama,Hiltraswatta,Piliyandala', 'Piliyandala', 1, NULL, 1, 3, '', '2018-09-05 00:00:00', 'yashani', 1, 1, 0, 0),
(3074, 'Lahiru', 'lahiruhperera96@gmail.com', 710447743, 117919569, '-', 'Mullariyava', 1, NULL, 6, 3, 'Sakya Student', '2018-09-07 00:00:00', 'yashani', 1, 1, 0, 0),
(3079, 'Tharushini', '', 773943193, 0, '508/B, Koswalana, Kadana', 'Kadana ', 1, NULL, 1, 3, '', '2018-09-07 00:00:00', 'yashani', 1, 1, 0, 0),
(3087, 'R M Thilina Nuraj ', '', 766580201, 0, '307/2,Ekamutha Rd, nadimala, Dehiwala', 'Dehiwala', 1, NULL, 1, 3, '', '2018-09-07 00:00:00', 'yashani', 1, 1, 0, 0),
(3088, 'Sachindu Madhushanka ', '', 766186765, 0, 'nNeath the Church rd, Handawila, Payagala ', 'Kaluthara', 1, NULL, 6, 3, '', '2018-09-07 00:00:00', 'yashani', 1, 1, 0, 0),
(3116, 'Fathima Hasfa', 'hasfashabin97@gmail.com', 766847755, 0, '-', '-', 1, NULL, 6, 3, 'Friend', '2018-09-09 00:00:00', 'yashani', 1, 1, 0, 0),
(3139, 'Rimaz', '-', 779197508, 0, '-', '-', 1, NULL, 6, 3, '', '2018-09-10 00:00:00', 'yashani', 1, 1, 0, 0),
(3142, 'Malith Mindula ', '', 713328779, 0, '123/5/1, Pinnawala rd, Maapatha ', 'Piliyandala ', 1, NULL, 6, 3, '', '2018-09-10 00:00:00', 'yashani', 1, 1, 0, 0),
(3144, 'Ranushi Ilangakoon ', '', 716205253, 0, '465/E, wewa para, Akuregoda, Thalangama', 'Battaramulla ', 1, NULL, 6, 3, '', '2018-09-10 00:00:00', 'yashani', 1, 1, 0, 0),
(3173, 'Senuri Peris ', '', 712810065, 0, '32/2, temple rd, Kalubowila', 'Kalubowila', 1, NULL, 6, 3, '', '2018-09-10 00:00:00', 'yashani', 1, 1, 0, 0),
(3182, 'Nethmi Chamoda', 'Horana', 767092898, 0, '242/A, Kuda Gonaduwa, Moranthuduwa', 'Horanna', 1, NULL, 6, 3, '', '2018-09-10 00:00:00', 'yashani', 1, 1, 0, 0),
(3188, 'Manosha ', '', 769446682, 0, '59/22,Aramaya Place, Dematagoda, Colombo 09', 'Colombo 09', 1, NULL, 6, 3, '', '2018-09-10 00:00:00', 'yashani', 1, 1, 0, 0),
(3190, 'Tharinda ', '', 786184311, 0, '193,Kaldemulla , Moratuwa ', 'Moratuwa ', 1, NULL, 6, 3, '', '2018-09-10 00:00:00', 'yashani', 1, 1, 0, 0),
(3203, 'Pasindu Munaweera ', '', 770321459, 0, '142,Nallawatta, Maharagama', 'Maharagama', 1, NULL, 6, 3, '', '2018-09-10 00:00:00', 'yashani', 1, 1, 0, 0),
(3211, 'Nimashi ', '', 715423036, 0, 'No.378/9/C,Keselatta, Panadura', 'Panadura ', 1, NULL, 6, 3, '', '2018-09-11 00:00:00', 'yashani', 1, 1, 0, 0),
(3212, 'Tharuka ', '', 702321442, 0, 'No. 378/9/C,Keselwatta, Panadura', 'Panadura ', 1, NULL, 6, 3, '', '2018-09-11 00:00:00', 'yashani', 1, 1, 0, 0),
(3213, 'Stephan', 'fsherifa27@gmail.com', 767321459, 0, '-', '-', 1, NULL, 6, 12, 'Friend', '2018-09-11 00:00:00', 'poojani', 1, 1, 0, 0),
(3217, 'Kavitha Ranesingha ', 'khs99ranasinghe@gmail.com', 785030607, 0, '175/3/1, Horene Rd, Kottava Pannipitiya ', '-', 1, NULL, 6, 3, 'Sakya Student', '2018-09-11 00:00:00', 'yashani', 1, 1, 0, 0),
(3235, 'Darshana ', '', 778442102, 0, '135 s.d.s jayasinghe mawatha,kohuwala', 'nugegoda', 1, NULL, 1, 8, 'will come ', '2018-09-11 00:00:00', 'poojani', 1, 1, 0, 0),
(3306, 'Nimasha', '', 776120513, 0, '182/2K, Hibutana ,Angoda', 'Angoda', 1, NULL, 6, 3, '', '2018-09-13 00:00:00', 'yashani', 1, 1, 0, 0),
(3309, 'H L Kavindi ', '', 771743359, 0, '48/4,Henagedra rd, Godigamuwa,Maharagama', 'Maharagama', 1, NULL, 6, 3, '', '2018-09-13 00:00:00', 'yashani', 1, 1, 0, 0),
(3310, 'Naadira Madhuwantha ', '', 77294392, 0, 'St winson rd, Deyalagoda, Maggona', 'Maggona', 1, NULL, 6, 3, '', '2018-09-13 00:00:00', 'yashani', 1, 1, 0, 0),
(3321, 'Deumini Kandalaarachchi', '-', 705712303, 112624006, 'Kallamulla Moratuva.', '-', 1, NULL, 6, 3, '', '2018-09-13 00:00:00', 'yashani', 1, 1, 0, 0),
(3367, 'Heshani', '-', 771154778, 752797091, '-', 'Padukka', 1, NULL, 3, 12, '', '2018-09-14 00:00:00', 'paramitha', 1, 1, 0, 0),
(3374, 'Lihini ', '', 774856524, 0, '374/5, Somaweera Palce, cross Rd, Hanwella ', 'Hanwella ', 1, NULL, 1, 3, '', '2018-09-14 00:00:00', 'yashani', 1, 1, 0, 0),
(3391, 'Thilini Chethana ', '', 752291951, 0, '240, Ududmulla, Mulleriya ', 'Angoda', 1, NULL, 1, 3, '', '2018-09-14 00:00:00', 'yashani', 1, 1, 0, 0),
(3397, 'Shashen ', '', 774619952, 0, 'Ja Ela', 'Ja Ela', 1, NULL, 1, 12, '', '2018-09-14 00:00:00', 'poojani', 1, 1, 0, 0),
(3398, 'Kavindi Wikremesingha ', 'kavindisanchila09@gmail.com', 779501985, 112533210, '-', 'wallampitiya', 1, NULL, 6, 8, 'Friend', '2018-09-14 00:00:00', 'poojani', 1, 1, 0, 0),
(3413, 'Zainab Rizan', 'zainabrizan123@gmail.com', 788003599, 0, '9/9Malwatta Mw, Kohuwala', '-', 1, NULL, 6, 3, 'Sakya Student', '2018-09-14 00:00:00', 'yashani', 1, 1, 0, 0),
(3420, 'Ihsaan', 'awamihsaan@gmail.com', 771616636, 0, '-', '-', 1, NULL, 6, 10, 'web', '2018-09-14 00:00:00', 'paramitha', 1, 1, 0, 0),
(3423, 'Thishala', '', 770287665, 0, '824/8/A, Morawetiya,Gothtuwa', 'Gothatuwa', 1, NULL, 6, 3, '', '2018-09-14 00:00:00', 'yashani', 1, 1, 0, 0),
(3450, 'Hasini sjakya Rathnayake ', '', 777610273, 0, '31/C, dinakara, Halpita, polgasowita ', 'Polgasowita ', 1, NULL, 6, 3, '', '2018-09-15 00:00:00', 'yashani', 1, 1, 0, 0),
(3486, 'Anjuxj@gmail.com', '', 778336141, 0, 'Kolonnawa', 'Kolonnawa', 1, NULL, 1, 18, '', '2018-09-16 00:00:00', 'poojani', 1, 1, 0, 0),
(3635, 'Shashika Ruvindi ', '', 711476172, 0, '249/1, Uswatta, Kotuwila,Wellampitiya', 'Wellampitiya', 1, NULL, 6, 3, '', '2018-09-20 00:00:00', 'yashani', 1, 1, 0, 0),
(3682, 'wathsala nishamini wickramasinghe', 'wathsalawickramasinghe962@gmail.com', 768783893, 0, '.', 'colombo', 1, NULL, 1, 10, '', '2018-09-21 00:00:00', 'paramitha', 1, 1, 0, 0),
(3683, 'Visha Silva', 'vishan.net@gmail.com', 777312267, 382234521, 'dfse', 'dsf', 3, NULL, 6, 10, '', '2018-09-21 00:00:00', 'paramitha', 1, 1, 0, 0),
(3685, 'Prasangi', 'prasangi.abeywi@gmail.com', 75742742, 112920151, '135 s.d.s jayasinghe mawatha,kohuwala', 'nugegoda', 1, NULL, 6, 10, '', '2018-09-21 00:00:00', 'yashani', 1, 1, 0, 0),
(3686, 'Shanka rajith nirmal john', 'shanakarajith95@gmail.com', 711913068, 342236490, '135 s.d.s jayasinghe mawatha,kohuwala', 'nugegoda', 1, NULL, 1, 10, '', '2018-09-21 00:00:00', 'poojani', 1, 1, 0, 0),
(3687, 'Chamika Jayasanka', 'chamikabalasooriya123@gmail.com', 776938650, 75476274, '135 s.d.s jayasinghe mawatha,kohuwala', 'nugegoda', 1, NULL, 6, 10, '', '2018-09-21 00:00:00', 'paramitha', 1, 1, 0, 0),
(3688, 'Gihan tharuka madushanka ranawaka', 'gihanranawaka1@gmail.com', 713072238, 112531047, '135 s.d.s jayasinghe mawatha,kohuwala', 'nugegoda', 1, NULL, 1, 10, '', '2018-09-21 00:00:00', 'yashani', 1, 1, 0, 0),
(3689, 'devindi randeepani perera', 'pererrarandevindi@gmail.com', 715400132, 112816659, '135 s.d.s jayasinghe mawatha,kohuwala', 'nugegoda', 1, NULL, 1, 10, '', '2018-09-21 00:00:00', 'poojani', 1, 1, 0, 0),
(3690, 'Pamlaka dissanayake', 'lasni.dissanayake@gmail.com', 777938861, 112826895, '135 s.d.s jayasinghe mawatha,kohuwala', 'nugegoda', 1, NULL, 6, 10, '', '2018-09-21 00:00:00', 'paramitha', 1, 1, 0, 0),
(3698, 'vihanga perera', '', 76, 0, 'Pear Mount, Akurugoda, Sulthnak goda, Mathara', 'Matara', 1, NULL, 6, 12, '', '2018-09-22 00:00:00', 'yashani', 1, 1, 0, 0),
(3719, 'Pabasara Bandara', '', 714481071, 713485412, '141/C, Pitipana, Homagama', 'Homagama', 1, NULL, 6, 3, '', '2018-09-23 00:00:00', 'yashani', 1, 1, 0, 0),
(3733, 'Hasini Shakya ', '', 711827814, 0, '31/C,Dinakara, Halpita, Polgasowita', 'Polgasowita', 1, NULL, 6, 3, '', '2018-09-23 00:00:00', 'yashani', 1, 1, 0, 0),
(3791, 'Rashini ', '', 702626327, 0, '15/B,Koralawella, Moratuwa', 'Moratuwa', 1, NULL, 1, 3, '', '2018-09-25 00:00:00', 'yashani', 1, 1, 0, 0),
(3805, 'Chinthaka', 'chinthakaubf@gmail.com', 716823094, 0, '-', '-', 1, NULL, 5, 18, '', '2018-09-25 00:00:00', 'yashani', 1, 1, 0, 0),
(3818, 'Oshadhi', 'Oshadhi891@gmail.com ', 772769872, 0, '7,Lake Rd, Kothalawala, Bandaragama', 'Bandaragama', 1, NULL, 6, 3, 'Will join with January Intake 2019', '2018-09-25 00:00:00', 'yashani', 1, 1, 0, 0),
(3875, 'Inushi Fernando', 'inufdo1999@gmail', 728833363, 0, '-', '-', 7, NULL, 6, 12, '', '2018-09-25 00:00:00', 'poojani', 1, 1, 0, 0),
(3952, 'Maduni  peiris', 'maduni.h.peiris@gmail.com', 712631553, 0, '-', 'Kaduvela', 1, NULL, 6, 18, 'web', '2018-09-26 00:00:00', 'paramitha', 1, 1, 0, 0),
(3955, 'Chathuri Upeksha', 'chathuriupekshaperera@gmail.com', 702980944, 0, '135 s.d.s jayasinghe mawatha,kohuwala', 'nugegoda', 1, NULL, 6, 15, '', '2018-09-26 00:00:00', 'poojani', 1, 1, 0, 0),
(3967, 'M T S M Perera ', '', 769723884, 0, 'No. 56,1st  lane, Gothami rd. Borella ', 'Colombo 8', 1, NULL, 6, 3, '', '2018-09-27 00:00:00', 'yashani', 1, 1, 0, 0),
(3969, 'Sumeya ', '', 772520839, 0, '87/8,Subradrarama rd, Gamasaba Junction, Nugegoda ', 'Nugegoda', 1, NULL, 1, 3, 'she will Join with Jan intake', '2018-09-27 00:00:00', 'yashani', 1, 1, 0, 0),
(3972, 'T H  S Malalagama', '', 777642069, 0, '51, Thalwatta, Gonawala ', 'Kelaniya', 1, NULL, 1, 3, '', '2018-09-27 00:00:00', 'yashani', 1, 1, 0, 0),
(3980, 'Pramod Nissanka', '', 720827659, 0, '895c, pahalawela road, pelawaththe , baththaramulla', 'colombo', 1, NULL, 6, 7, 'with friend', '2018-09-27 00:00:00', 'paramitha', 1, 1, 0, 0),
(3987, 'Nirosha wanigasekara', '', 785423792, 0, '135 s.d.s jayasinghe mawatha,kohuwala', 'nugegoda', 1, NULL, 1, 15, '', '2018-09-27 00:00:00', 'yashani', 1, 1, 0, 0),
(3993, 'Preveen', 'praveen999@live.com', 771957009, 0, '-', '-', 1, NULL, 6, 8, 'web', '2018-09-27 00:00:00', 'paramitha', 1, 1, 0, 0),
(3996, 'Kavindu Nimsara ', 'kavindubaddewlthana@gmail.com', 778600829, 0, 'korralagewaththa,kommala,', 'bentota', 1, NULL, 1, 3, '', '2018-09-28 00:00:00', 'yashani', 1, 1, 0, 0),
(3997, 'Dilshan Yethmina', 'yethminaddishan@gmail.com', 784347156, 0, 'Rathna mali,kommala', 'Benthota', 1, NULL, 1, 3, '', '2018-09-28 00:00:00', 'yashani', 1, 1, 0, 0),
(4002, 'akalanka', '', 770204406, 0, 'hdfr', 'colombo', 1, NULL, 1, 8, 'potential. will come to get details', '2018-09-28 00:00:00', 'poojani', 1, 1, 0, 0),
(4013, 'O.K.Ranashinharachchi', '', 755573082, 0, '44/32,Koswaththa rd,nawala ', 'Rajagiriya', 1, NULL, 1, 3, '', '2018-09-28 00:00:00', 'yashani', 1, 1, 0, 0),
(4025, 'Dursha Nethmi ', '', 765297744, 0, '135 s.d.s jayasinghe mawatha,kohuwala', 'nugegoda', 1, NULL, 1, 8, 'will come ', '2018-09-28 00:00:00', 'paramitha', 1, 1, 0, 0),
(4033, 'Shenal Radheesha ', '', 715670132, 0, 'No.240D, Batakeththara, Piliyandala', 'Piliyandala', 1, NULL, 6, 3, '', '2018-09-28 00:00:00', 'yashani', 1, 1, 0, 0),
(4045, 'Hirushi Chamodhi', '', 768014513, 0, '119/26, Abeyraththna mw, Makuluwa, Piliyandala', 'Piliyandala', 1, NULL, 1, 3, '', '2018-09-29 00:00:00', 'yashani', 1, 1, 0, 0),
(4107, 'Piumi Pallewela', '-', 729171692, 0, '-', '-', 1, NULL, 6, 3, 'Seen Location', '2018-10-01 00:00:00', 'yashani', 1, 1, 0, 0),
(4130, 'nadeera fernando', '', 710187335, 0, '135 s.d.s jayasinghe mawatha,kohuwala', 'nugegoda', 1, NULL, 1, 8, '', '2018-10-01 00:00:00', 'yashani', 1, 1, 0, 0),
(4141, 'Anushka prathapasinghe ', '', 718730852, 0, '135 s.d.s jayasinghe mawatha,kohuwala', 'nugegoda', 1, NULL, 6, 8, '', '2018-10-02 00:00:00', 'paramitha', 1, 1, 0, 0),
(4166, 'Ashvini', 'ashvini.piumani@gmail.com', 778992459, 0, '-', '-', 1, NULL, 6, 18, 'web', '2018-10-03 00:00:00', 'yashani', 1, 1, 0, 0),
(4177, 'Anushika Bandara ', 'anu.bandara8@gmail.com', 713010629, 112235906, '-', '-', 1, NULL, 6, 12, 'friend', '2018-10-03 00:00:00', 'yashani', 1, 1, 0, 0),
(4215, 'R M J Prashan ', '', 779836563, 0, 'No.B3G6, sosys Flats, Moratuwa', 'Moratuwa', 1, NULL, 6, 3, '', '2018-10-04 00:00:00', 'yashani', 1, 1, 0, 0),
(4324, 'Shamila', 'bpdealwis@yahoo.com', 783886506, 0, '-', 'Moretuva', 1, NULL, 6, 3, 'web', '2018-10-09 00:00:00', 'yashani', 1, 1, 0, 0),
(4331, 'Kasuni Weerasinghe', 'lochanakasuni@gmail.com', 716598376, 0, '-', '-', 1, NULL, 6, 18, '', '2018-10-09 00:00:00', 'yashani', 1, 1, 0, 0),
(4355, 'Thushen Sithuminda', 'thushensithuminda@gmail.com', 714001917, 0, '135 s.d.s jayasinghe mawath', 'nugegoda', 1, NULL, 1, 8, '', '2018-10-10 00:00:00', 'poojani', 1, 1, 0, 0),
(4372, 'Nethmi Dunusinghe', '', 705316121, 0, '135 s.d.s jayasinghe mawatha,kohuwala', 'nugegoda', 1, NULL, 1, 8, '', '2018-10-10 00:00:00', 'paramitha', 1, 1, 0, 0),
(4403, 'K A Lakshani Sewwandi ', '', 754923639, 0, 'No. 120, Dewatagaha watta,Halpita, Polgasowita', 'Polgasowita', 1, NULL, 1, 3, '', '2018-10-11 00:00:00', 'yashani', 1, 1, 0, 0),
(4445, 'Umal Ashminda', 'ashmindap@mobitel.lk', 712158159, 0, '135 s.d.s jayasinghe mawatha,kohuwala', 'nugegoda', 1, NULL, 1, 18, '', '2018-10-13 00:00:00', 'yashani', 1, 1, 0, 0),
(4447, 'Sachini', 'hbsanuruddhika@gmail.com', 769121282, 0, '135 s.d.s jayasinghe mawatha,kohuwala', 'nugegoda', 1, NULL, 1, 10, '', '2018-10-13 00:00:00', 'poojani', 1, 1, 0, 0),
(4481, 'M A Ashfak', '', 765554585, 0, 'No. 161/12/A, Mihirani street, Colomobo 12', 'Colomobo 12', 1, NULL, 1, 3, '', '2018-10-15 00:00:00', 'yashani', 1, 1, 0, 0),
(4501, 'Chathuri Upeksha', '', 702980944, 0, '135 s.d.s jayasinghe mawatha,kohuwala', 'nugegoda', 1, NULL, 1, 8, '', '2018-10-16 00:00:00', 'paramitha', 1, 1, 0, 0),
(4543, 'Dulitha Perera ', '', 716846986, 112882806, '135 s.d.s jayasinghe mawatha,kohuwala', 'nugegoda', 1, NULL, 6, 8, '', '2018-10-19 00:00:00', 'yashani', 1, 1, 0, 0),
(4546, 'Chamika Malshan', 'chamika240@gmail.com', 775373932, 0, '135 s.d.s jayasinghe mawatha,kohu', 'nugegoda', 1, NULL, 1, 8, '', '2018-10-19 00:00:00', 'poojani', 1, 1, 0, 0),
(4547, 'vimukthi kasun', 'kasundeshappriya3@gmail.com', 755776349, 0, '-', '-', 1, NULL, 1, 7, '', '2018-10-19 00:00:00', 'paramitha', 1, 1, 0, 0),
(4554, 'Dulanjeni', 'dulanjaliyashodha@gmail.com', 786560603, 0, '-', '-', 1, NULL, 6, 7, 'Sakya Student', '2018-10-20 00:00:00', 'paramitha', 1, 1, 0, 0),
(4557, 'Shanika Subashini', 'noemail@gmail.com', 761833676, 0, 'Nugegoda', 'Nugegoda', 1, NULL, 1, 8, '', '2018-10-21 00:00:00', 'poojani', 1, 1, 0, 0),
(4580, 'Pasindu Randula', '', 750535477, 0, 'no.48B, Amarahena rd, Bandaragama', ' Bandaragama', 1, NULL, 1, 3, '', '2018-10-22 00:00:00', 'yashani', 1, 1, 0, 0),
(4598, 'Priyangani', '', 719202533, 0, '-', '-', 1, NULL, 1, 8, 'web', '2018-10-26 00:00:00', 'paramitha', 1, 1, 0, 0),
(4654, 'Sadiya Samath', 'noemail@gmail.com', 716374420, 0, 'Kolonnawa', 'Kollonnawa', 1, NULL, 1, 12, '', '2018-10-31 00:00:00', 'poojani', 1, 1, 0, 0),
(4666, 'a', '', 712226776, 0, 'a', 'a', 1, NULL, 1, 3, '', '2018-11-01 00:00:00', 'yashani', 1, 1, 0, 0),
(4668, 'W A D Samandari ', '', 762033923, 0, '21/3,A,Thappawatta rd, Godogmauwa, Maharagama', ' Maharagama', 1, NULL, 1, 3, '', '2018-11-01 00:00:00', 'yashani', 1, 1, 0, 0),
(4670, 'charuni iresha rajapaksha', 'charuniiresharajapaksha@gmail.com', 718088560, 774068191, '12/a3/08, siyana uyana, yakkala', 'yakkala', 1, NULL, 1, 7, '', '2018-11-01 00:00:00', 'paramitha', 1, 1, 0, 0),
(4678, 'Sanduni upamali', 'saduniupamali2@gmail.com', 718996514, 0, '-', '-', 1, NULL, 4, 8, '', '2018-11-02 00:00:00', 'paramitha', 1, 1, 0, 0),
(4679, 'Ameesha Hansani', 'ameeshahansani7890@gmail.com', 721546455, 114858130, '-', '-', 1, NULL, 4, 8, '', '2018-11-03 00:00:00', 'poojani', 1, 1, 0, 0),
(4684, 'Udara Sankalpa', 'Udarasankalpa007@gmail.com', 752853581, 0, 'Rajagiriya', 'Rajagiriya', 1, NULL, 1, 8, '', '2018-11-04 00:00:00', 'poojani', 1, 1, 0, 0),
(4691, 'Rajitha', 'rajithanuwan18@gmail.com', 777722948, 0, '-', '-', 1, NULL, 6, 18, 'web', '2018-11-04 00:00:00', 'yashani', 1, 1, 0, 0),
(4693, 'Vihan', 'noemail@gmail.com', 763607693, 0, 'a', 'a', 1, NULL, 1, 12, '', '2018-11-04 00:00:00', 'yashani', 1, 1, 0, 0),
(4699, 'V G S Jayarathna', '', 719952414, 0, '429/J Pitipana North, Halgadeniya, Homagama', ' Homagama', 1, NULL, 1, 3, '', '2018-11-05 00:00:00', 'yashani', 1, 1, 0, 0),
(4705, 'nipunika', '', 713871120, 0, '-', '-', 1, NULL, 1, 7, '', '2018-11-06 00:00:00', 'paramitha', 0, 0, 1, 0),
(4727, 'H.M Nilushika', '-', 713279983, 0, '-', '-', 1, NULL, 6, 3, 'Frm Sakya', '2018-11-11 00:00:00', 'yashani', 1, 1, 0, 0),
(4728, 'Ravindu Nipun Kasthuriarachchi', 'yavi.nipun85@gmail.com', 774592433, 0, '-', '-', 1, NULL, 6, 8, '', '2018-11-12 00:00:00', 'paramitha', 1, 1, 0, 0),
(4732, 'sansala sewmini ', 'sansalasewmini31@gmail.com', 768733714, 0, '44/7,sydneyhillhousing scheme,gramodayamawatha,madiwela,kotte', 'kotte', 1, NULL, 1, 8, '', '2018-11-12 00:00:00', 'paramitha', 1, 1, 0, 0),
(4735, 'marjee muthushani', 'marjeepathirana@gmail.com', 767958105, 777831624, '103/2,18th lane, ambillawathtta road, boralesgamuwa', 'boralesgamuwa', 1, NULL, 1, 8, '', '2018-11-12 00:00:00', 'paramitha', 1, 1, 0, 0),
(4756, 'Nilki Shashinika', '-', 776061217, 0, '-', '-', 1, NULL, 6, 8, 'Sakya Student', '2018-11-14 00:00:00', 'poojani', 1, 1, 0, 0),
(4761, 'Achini', 'achiniupakshika@gmail.com', 711971515, 0, '-', '-', 1, NULL, 6, 8, 'Sakya Student', '2018-11-15 00:00:00', 'yashani', 1, 1, 0, 0),
(4762, 'Yasara', '', 763908892, 0, '-', '-', 1, NULL, 6, 8, 'sakya Student ', '2018-11-15 00:00:00', 'paramitha', 1, 1, 0, 0),
(4767, 'Kasun Thiwanka', '', 716700800, 0, 'No. 83, New City, Gadabuwana, Piliyandala', ' Piliyandala', 1, NULL, 3, 3, '', '2018-11-17 00:00:00', 'yashani', 1, 1, 0, 0),
(4769, 'Rithmi Samadhi', 'ridmimaldeniya@gmail.com', 763622812, 0, '-', '-', 1, NULL, 6, 8, 'Sakya Student', '2018-11-17 00:00:00', 'poojani', 1, 1, 0, 0),
(4784, 'Nipuni Maheshika', 'nipunigunawardhena@gmail.com', 778125513, 0, 'Piliyandala', 'Piliyandala', 1, NULL, 6, 8, '', '2018-11-19 00:00:00', 'paramitha', 1, 1, 0, 0),
(4790, 'Ravindi Kaveesha', 'ravindikaveesha17@gmail.com', 712222199, 0, '61/2, awasa road, kirigampamunuwa, polgasowita', 'polgasowita', 1, NULL, 1, 8, '', '2018-11-19 00:00:00', 'yashani', 1, 1, 0, 0),
(4795, 'lashika', 'anneselix.as07@gmai.com', 712871148, 112626872, '-', '-', 1, NULL, 6, 18, 'web', '2018-11-23 00:00:00', 'poojani', 1, 1, 0, 0),
(4799, 's.perera', '-', 768333906, 0, '-', '-', 1, NULL, 6, 8, 'Sakya student', '2018-11-24 00:00:00', 'yashani', 1, 1, 0, 0),
(4834, 'Narthena', 'rithmiv@mail.gmail.com', 719485023, 0, '-', '-', 1, NULL, 6, 2, 'Sakya', '2018-12-01 00:00:00', 'poojani', 1, 1, 0, 0),
(4842, 'Rukshika', 'noemail@gmail.com', 773286306, 0, 'i', 'i', 1, NULL, 1, 8, '', '2018-12-02 00:00:00', 'poojani', 1, 1, 0, 0),
(4846, 'Gayathre', '', 718064527, 0, '-', '-', 1, NULL, 6, 18, '', '2018-12-02 00:00:00', 'paramitha', 1, 1, 0, 0),
(4851, 'R M Ukwatta', 'kolitha@nibm.lk', 776910912, 0, '125, Vidya Mawatha', 'Colombo', 1, NULL, 1, 3, '', '2018-12-03 00:00:00', 'yashani', 1, 1, 0, 0),
(4867, 'Pamodya Bashini ', '', 779006889, 0, '91/11, Wanatha rd, Pamunuwa,', 'Maharagama', 1, NULL, 1, 3, '', '2018-12-03 00:00:00', 'yashani', 1, 1, 0, 0),
(4894, 'Mahnedra', 'noemil@gmail.com', 770433007, 0, 'q', 'q', 1, NULL, 1, 18, '', '2018-12-04 00:00:00', 'poojani', 1, 1, 0, 0),
(4900, 'Navodha', 'navodha@gmail.com', 769334452, 0, '-', '-', 1, NULL, 1, 18, 'web', '2018-12-06 00:00:00', 'poojani', 1, 1, 0, 0),
(4919, 'Rasika', 'noemail@GMAIL.COM', 718082393, 0, 'W', 'W', 1, NULL, 1, 18, '', '2018-12-10 00:00:00', 'poojani', 1, 1, 0, 0),
(4929, 'Thushan Sujith', 'thushansujith@gmail.com', 77537, 0, '135 s.d.s jayasinghe mawatha,kohuwala', 'nugegoda', 1, NULL, 1, 15, '', '2018-12-11 00:00:00', 'paramitha', 1, 1, 0, 0),
(4965, 'Eranda', 'eranwee@gmail.com', 710755809, 0, '-', '-', 1, NULL, 4, 18, '', '2018-12-14 00:00:00', 'yashani', 1, 1, 0, 0),
(4979, 'ihara', '', 773797314, 0, '-', '-', 1, NULL, 10, 5, '', '2018-12-15 00:00:00', 'yashani', 1, 1, 0, 0),
(4982, 'Chanaka', 'chanaka@cgr@gmail.com', 777337177, 0, '-', '-', 1, NULL, 4, 18, '', '2018-12-16 00:00:00', 'yashani', 1, 1, 0, 0),
(4986, 'Induja', 'indu98331@gmail.com', 750350703, 0, '--', '-', 1, NULL, 4, 3, '', '2018-12-16 00:00:00', 'yashani', 1, 1, 0, 0),
(5000, 'Danushka', 'danushka.smdm@gmail.com', 719794656, 0, '-', '-', 1, NULL, 7, 18, '', '2018-12-18 00:00:00', 'poojani', 1, 1, 0, 0),
(5027, 'Piumi', 'piumisfernando1995@gmail.com', 714516034, 0, '-', '-', 1, NULL, 7, 8, '', '2018-12-21 00:00:00', 'yashani', 1, 1, 0, 0),
(5038, 'Sachibi Sewmini Gunarathne ', '', 777044416, 112734425, 'No. 61/B, Sri MAha Vihara MW, Kalubowoila, Dehiwala', 'Dehiwala', 1, NULL, 4, 5, '', '2018-12-26 00:00:00', 'yashani', 1, 1, 0, 0),
(5039, 'Vihan', 'noemail@gamail.com', 763607693, 0, '-', '-', 1, NULL, 7, 8, 'Sakya student', '2018-12-26 00:00:00', 'poojani', 1, 1, 0, 0),
(5041, 'Nuvin Tharana', '', 714436712, 0, '-', '-', 1, NULL, 11, 5, 'Hand Bill ', '2018-12-26 00:00:00', 'yashani', 1, 1, 0, 0),
(5042, 'Dilan Lakmidu Aluthge', '', 718315293, 0, '40,Jayanthi viddyala mw, Nampamunuwa', 'Piliyandala', 1, NULL, 3, 5, '200206802391B S Amarasooriya', '2018-12-26 00:00:00', 'yashani', 1, 1, 0, 0),
(5054, 'J Chanuka Chandira Perera ', '', 112791272, 112791272, 'No.9/B/80/8, Maththegoda housing scheem, Polgasowita', 'Kottawa', 1, NULL, 3, 5, '112791272', '2018-12-28 00:00:00', 'yashani', 1, 1, 0, 0),
(5059, 'Rukshani Perera', '', 728339659, 112381792, 'No. 54/3,S A Garden, Colombo 12', 'Colombo 12', 1, NULL, 7, 5, '', '2018-12-28 00:00:00', 'yashani', 1, 1, 0, 0),
(5081, 'Akshala', '-', 766068741, 0, '-', '-', 1, NULL, 7, 8, '', '2018-12-30 00:00:00', 'poojani', 1, 1, 0, 0),
(5095, 'Hashan', 'impressweddingplaner@gmail.com', 776614189, 0, '-', '-', 1, NULL, 6, 8, '', '2018-12-31 00:00:00', 'yashani', 1, 0, 0, 0),
(5096, 'Hemanga', '94hemanga@gmail.com', 712507473, 0, '-', '-', 1, NULL, 6, 18, '', '2018-12-31 00:00:00', 'poojani', 1, 1, 0, 0),
(5100, 'Ridmi Narthana', 'noemail@gmail.com', 719485023, 0, '-', '-', 1, NULL, 6, 8, '', '2019-01-01 00:00:00', 'yashani', 0, 0, 1, 0),
(5124, 'Malika', '-', 702324623, 0, '-', '-', 1, NULL, 10, 3, '', '2019-01-02 00:00:00', 'paramitha', 1, 1, 0, 0),
(5140, 'Chamoth Shenal Kaluarachchi ', '', 773027020, 0, 'No. 376/B, Kaalani  Mulla, Angoda ', 'Angoda ', 1, NULL, 3, 5, '', '2019-01-03 00:00:00', 'yashani', 1, 1, 0, 0),
(5163, 'Hazna Ruzain', '.', 772747778, 772747778, '.', '.', 1, NULL, 4, 10, 'ICBT HND ', '2019-01-04 00:00:00', 'paramitha', 1, 1, 0, 0),
(5165, 'Tharushi Himaya ', '.', 766702646, 766702646, '.', 'Colombo', 1, NULL, 7, 8, '', '2019-01-04 00:00:00', 'paramitha', 1, 0, 0, 0),
(5166, 'Bimsara Walallawita', 'bwalallawita@gmail.com', 777143462, 0, 'No, 07, Stage 02, Housing Scheme', 'Mattegoda', 2, NULL, 3, 8, '', '2019-05-23 07:02:29', 'malshan', 1, 0, 0, 0),
(5167, 'Bimsara Walallawita', 'bwalallawita@gmail.com', 777143444, 0, 'No, 07, Stage 02, Housing Scheme', 'Mattegoda', 2, NULL, 5, 8, '', '2019-05-23 07:18:26', 'paramitha', 1, 0, 0, 0),
(5168, 'Bimsara Walallawita', 'bwalallawita@gmail.com', 777143499, 0, 'No, 07, Stage 02, Housing Scheme', 'Mattegoda', 2, NULL, 5, 8, '', '2019-05-23 07:19:10', 'poojani', 1, 0, 0, 0),
(5169, 'Bimsara Walallawita', 'bwalallawita@gmail.com', 777143466, 0, 'No, 07, Stage 02, Housing Scheme', 'Mattegoda', 2, NULL, 5, 8, '', '2019-05-23 07:21:13', 'rajitha', 1, 0, 0, 0),
(5170, 'Bimsara Walallawita', 'bwalallawita@gmail.com', 777143498, 0, 'No, 07, Stage 02, Housing Scheme', 'Mattegoda', 2, NULL, 5, 8, '', '2019-05-23 07:25:00', 'vihanga', 1, 0, 0, 0),
(5171, 'Bimsara Walallawita', 'bwalallawita@gmail.com', 777143472, 0, 'No, 07, Stage 02, Housing Scheme', 'Mattegoda', 2, NULL, 5, 8, '', '2019-05-23 07:26:30', 'malshan', 1, 0, 0, 0),
(5172, 'Bimsara Walallawita', 'bwalallawita@gmail.com', 777143411, 0, 'No, 07, Stage 02, Housing Scheme', 'Mattegoda', 2, NULL, 5, 8, '', '2019-05-23 07:29:50', 'paramitha', 1, 0, 0, 0),
(5177, 'Bimsara Walallawita', 'bwalallawita@gmail.com', 2147483647, 0, 'No, 07, Stage 02, Housing Scheme', 'Mattegoda', 2, NULL, 5, 8, '', '2019-05-23 07:36:35', 'poojani', 1, 0, 0, 0),
(5178, 'Bimsara Walallawita', 'bwalallawita@gmail.com', 777143534, 0, 'No, 07, Stage 02, Housing Scheme', 'Mattegoda', 2, NULL, 8, 8, '', '2019-05-23 07:39:09', 'rajitha', 1, 0, 0, 0),
(5179, 'Bimsara Walallawita', 'bwalallawita@gmail.com', 777232889, 0, 'No, 07, Stage 02, Housing Scheme', 'Mattegoda', 2, NULL, 5, 8, '', '2019-05-23 07:41:54', 'vihanga', 1, 0, 0, 0),
(5180, 'Yashani Rodrigo', 'yashani.rodrigo@saegis.edu.lk', 770432222, 0, 'No, 07, Stage 02, Housing Scheme', 'Mattegoda', 2, NULL, 5, 8, '', '2019-05-23 07:44:55', 'malshan', 1, 0, 0, 0),
(5181, 'Bimsara Walallawita', 'bwalallawita@gmail.com', 777143111, 0, 'No, 07, Stage 02, Housing Scheme', 'Mattegoda', 2, NULL, 5, 8, '<p>test</p>', '2019-05-24 03:22:35', 'paramitha', 1, 0, 0, 0),
(5182, 'Bimsara Walallawita', 'bwalallawita@gmail.com', 771123998, 0, 'No, 07, Stage 02, Housing Scheme', 'Mattegoda', 2, NULL, 5, 8, '', '2019-05-24 03:23:25', 'poojani', 1, 0, 0, 0),
(5183, 'Bimsara Walallawita', 'bwalallawita@gmail.com', 770143492, 0, 'No, 07, Stage 02, Housing Scheme', 'Mattegoda', 2, NULL, 8, 8, '', '2019-05-24 03:25:01', 'rajitha', 1, 0, 0, 0),
(5184, 'Bimsara Walallawita', 'bwalallawita@gmail.com', 777112939, 0, 'No, 07, Stage 02, Housing Scheme', 'Mattegoda', 2, NULL, 5, 8, '', '2019-05-24 03:27:02', 'vihanga', 1, 0, 0, 0),
(5186, 'Bimsara Walallawita', 'bwalallawita@gmail.com', 777123090, 0, 'No, 07, Stage 02, Housing Scheme', 'Mattegoda', 2, NULL, 5, 8, '', '2019-05-24 03:27:58', 'malshan', 1, 0, 0, 0),
(5187, 'Bimsara Walallawita', 'bwalallawita@gmail.com', 777143492, 0, 'No, 07, Stage 02, Housing Scheme', 'Mattegoda', 2, NULL, 5, 15, '', '2019-05-24 03:32:45', 'paramitha', 1, 0, 0, 0),
(5188, 'Bimsara Walallawita', '', 777453909, 0, 'No, 07, Stage 02, Housing Scheme', 'Mattegoda', 2, NULL, 5, 8, '', '2019-05-24 03:33:30', 'paramitha', 1, 0, 0, 0),
(5189, 'Bimsara Walallawita', 'bwalallawita@gmail.com', 777143408, 0, 'No, 07, Stage 02, Housing Scheme', 'Mattegoda', 2, NULL, 5, 8, '', '2019-05-24 03:56:10', 'poojani', 1, 0, 0, 0),
(5190, 'Bimsara Walallawita', 'bwalallawita@gmail.com', 770438888, 0, 'No, 07, Stage 02, Housing Scheme', 'Mattegoda', 2, NULL, 5, 8, '', '2019-05-24 03:58:17', 'rajitha', 1, 0, 0, 0),
(5191, 'Bimsara Walallawita', 'bwalallawita@gmail.com', 777989011, 0, 'No, 07, Stage 02, Housing Scheme', 'Mattegoda', 2, NULL, 5, 8, '', '2019-05-27 08:59:22', 'vihanga', 1, 0, 0, 0),
(5192, 'Bimsara Walallawita', 'bwalallawita@gmail.com', 777143441, 0, 'No, 07, Stage 02, Housing Scheme', 'Mattegoda', 2, NULL, 5, 8, '', '2019-05-27 10:06:55', 'paramitha', 1, 0, 0, 0),
(5193, 'Bimsara Walallawita', 'bwalallawita@gmail.com', 777143424, 0, 'No, 07, Stage 02, Housing Scheme', 'Mattegoda', 2, NULL, 5, 8, '', '2019-05-27 10:09:11', 'poojani', 1, 0, 0, 0),
(5194, 'Bimsara Walallawita', 'bwalallawita@gmail.com', 777143323, 0, 'No, 07, Stage 02, Housing Scheme', 'Mattegoda', 2, NULL, 5, 8, '', '2019-05-27 10:11:26', 'rajitha', 1, 0, 0, 0),
(5195, 'Bimsara Walallawita', 'bwalallawita@gmail.com', 777143422, 0, 'No, 07, Stage 02', 'Mattegoda', 2, NULL, 8, 8, '', '2019-05-27 10:12:10', 'malshan', 1, 0, 0, 0),
(5196, 'Bimsara Walallawita', 'bwalallawita@gmail.com', 777143523, 0, 'No, 07, Stage 02, Housing Scheme', 'Mattegoda', 2, 'Sakya Student', 5, 8, '', '2019-05-27 10:14:25', 'paramitha', 1, 0, 0, 0),
(5197, 'Bimsara Walallawita', 'bwalallawita@gmail.com', 772143422, 0, 'No, 07, Stage 02, Housing Scheme', 'Mattegoda', 2, NULL, 8, 8, '', '2019-05-27 10:25:38', 'poojani', 1, 0, 0, 0),
(5200, 'Bimsara Walallawita', 'bwalallawita@gmail.com', 777143492, 0, 'No, 07, Stage 02, Housing Scheme', 'Mattegoda', 2, 'Sakya Student', 5, 8, '', '2019-05-27 02:21:12', 'malshan', 1, 0, 0, 0),
(5201, 'Bimsara Walallawita', 'bwalallawita@gmail.com', 777143109, 0, 'No, 07, Stage 02, Housing Scheme', 'Mattegoda', 2, 'Sakya Student', 5, 8, '', '2019-05-29 12:00:37', 'admin', 0, 0, 1, 0),
(5202, 'Bimsara Walallawita', 'bwalallawita@gmail.com', 772143492, 0, 'No, 07, Stage 02, Housing Scheme', 'Mattegoda', 2, 'Nanik Student', 5, 7, '', '2019-08-26 08:55:51', 'malshan', 0, 0, 1, 0),
(13000, 'N M A Gunawardana', 'nipunigunawardhena@gmail.com', 778122513, 112618420, 'No.411/13 Abagahawaththa, Gadabuwana Rd, Miriswaththa', 'Piliyandala', 10, '', 16, 8, '', '2019-01-31 00:00:00', 'admin', 0, 0, 1, 0),
(13001, 'R D S L Mahanama', 'shenalmahanama04@gmail.com', 766788935, 112057337, 'No.11/A Neelammahara rd, katuwawela', 'Boralesgamuwa', 10, '', 16, 8, '', '2019-01-31 00:00:00', 'admin', 0, 0, 1, 0),
(13002, 'A N P Wijesinghe', 'nishaus97@gmail.com', 702522414, 252220618, 'No.2506,Stage 3 ', 'Anuradhapura', 10, '', 16, 8, '', '2019-01-31 00:00:00', 'admin', 0, 0, 1, 0),
(13003, 'K A D H Kavindya', 'harshanikawindya96@gmail.com', 779828947, 114905804, 'No.336/6 Dewala Rd, Batakeththara, Madapatha', 'Piliyandala', 10, '', 16, 8, '', '2019-01-31 00:00:00', 'admin', 0, 0, 1, 0),
(13004, 'D N U M Mihiraj', 'dnummihiraj@gmail.com', 773431452, 112705197, 'No.24/1,Undurugoda', 'Polgasowita', 10, '', 16, 8, '', '2019-01-31 00:00:00', 'admin', 0, 0, 1, 0),
(13005, 'W M A T U Madushani', '', 771629098, 0, 'No.20/58, Nugagahapura,Kirulapana', 'Colombo 05', 10, '', 16, 8, '', '2019-01-31 00:00:00', 'admin', 0, 0, 1, 0),
(13006, 'L A N Perera', '', 719628596, 112812126, 'No.20/37, Nugagahapura, Kirulapone', 'Colombo 05', 10, '', 16, 8, '', '2019-01-31 00:00:00', 'admin', 0, 0, 1, 0),
(13007, 'H M K S Herath', 'painlove285@gmail.com', 779720724, 112761649, 'No.45/13 Mayura mw, Bellanvila', 'Boralesgamuwa', 10, '', 16, 8, '', '2019-01-31 00:00:00', 'admin', 0, 0, 1, 0),
(13008, 'A M B Deshapriya', 'buddhikadeshapriya9615@gmail.com', 774598115, 0, 'No.292/D Pepiliyana', 'Boralesgamuwa', 10, '', 16, 8, '', '2019-01-31 00:00:00', 'admin', 0, 0, 1, 0),
(13009, 'R H Anagiyadda', 'ravinduha075@gmail.com', 752841593, 0, 'No.2/19A Gramodaya mw, Obesekarapura', 'Rajagiriya', 10, '', 16, 8, '', '2019-01-31 00:00:00', 'admin', 0, 0, 1, 0),
(13010, 'S H M Peiris', 'hashini.madara22@gmail.com', 766618699, 112632729, 'No.M2/16, Soysapura', 'Moratuwa', 10, '', 16, 8, '', '2019-01-31 00:00:00', 'admin', 0, 0, 1, 0),
(13011, 'G K R De Silva', 'hanz.ravi@gmail.com', 702771060, 112715834, 'No.18 First lane,bellanthara rd', 'Dehiwala', 10, '', 16, 8, '', '2019-01-31 00:00:00', 'admin', 0, 0, 1, 0),
(13012, 'P Aluwihare', 'praveen.aluwihare.pa@gmail.com', 722690696, 112635555, 'No.2 Sumudu place, asiri uyana', 'Katubadde', 10, '', 16, 8, '', '2019-01-31 00:00:00', 'admin', 0, 0, 1, 0),
(13013, 'W A S V G Wanni Arachchi', 'sasilavimukthi97@gmail.com', 713072068, 0, 'Keselwattapitiya, Malabatuhena, Yalkubura', 'Bibile', 10, '', 16, 8, '', '2019-01-31 00:00:00', 'admin', 0, 0, 1, 0),
(13014, 'W I Madhushanka', 'i.madhushanka.712@gmail.com', 721765275, 0, 'No.A/14, Government houses', 'Kolonnawa', 10, '', 16, 8, '', '2019-01-31 00:00:00', 'admin', 0, 0, 1, 0),
(13015, 'G Y Niroshana', 'yasith.ginge19@gmail.com', 768502210, 912253017, 'No.164 Andadola', 'Wathugedara', 10, '', 16, 8, '', '2019-01-31 00:00:00', 'admin', 0, 0, 1, 0),
(13016, 'R T Wickramasinghe', 'ranminitamali@gmail.com', 757040532, 112617606, 'No.27 Kopikawaththa rd, Kesbawa', 'Piliyandala', 10, '', 16, 8, '', '2019-01-31 00:00:00', 'admin', 0, 0, 1, 0),
(13017, 'W A K Sathira Dinara', 'sathiradinara123@gmail.com', 717116871, 112560510, 'No.335/A Hokandara North', 'Hokandara', 10, '', 16, 8, '', '2019-01-31 00:00:00', 'admin', 0, 0, 1, 0),
(13018, 'M S H Fonseka', 'hansinifonseka123@gmail.com', 766408153, 315614262, 'No.228/3 Ethgala rd, Kandawala', 'Katana', 10, '', 16, 8, '', '2019-01-31 00:00:00', 'admin', 0, 0, 1, 0),
(13019, 'H R D Fernando', 'hrdfernando98@gmail.com', 766729168, 112650230, 'No.23 Newton I De Silva mw, Willorawatte', 'Moratuwa', 10, '', 16, 8, '', '2019-01-31 00:00:00', 'admin', 0, 0, 1, 0),
(13020, 'I H I Hassan', 'ishadihasna716@gmail.com', 765842285, 382287007, 'No.176/18 Galkanuwa rd, Gorakana', 'Keselwatta', 10, '', 16, 8, '', '2019-01-31 00:00:00', 'admin', 0, 0, 1, 0),
(13021, 'U N Manisha', 'uluvitigemanisha@gmail.com', 779513121, 112778366, 'No.78 Bodhiya rd, Mirihana ', 'Nugegoda', 10, '', 16, 8, '', '2019-01-31 00:00:00', 'admin', 0, 0, 1, 0),
(13022, 'A U Wijethunga', 'amilaudayangawijethunga123@gmail.com', 765366992, 0, 'No.30/A Ytalathissa mw, Sinharamulla', 'Kelaniya', 10, '', 16, 8, '', '2019-01-31 00:00:00', 'admin', 0, 0, 1, 0),
(13023, 'C D S H Peiris', 'dulanisri99@gmail.com', 719020176, 382297363, 'No.121 \"Prabhasri\", Mosque lane, Ambalanduwa', 'Panadura', 10, '', 16, 8, '', '2019-01-31 00:00:00', 'admin', 0, 0, 1, 0),
(13024, 'M L C Fernando', 'layangachamodi@gmail.com', 761762380, 112706256, 'No.98/25 Wendiswatta, Madapatha', 'Piliyandala', 10, '', 16, 8, '', '2019-01-31 00:00:00', 'admin', 0, 0, 1, 0),
(13025, 'D T Mitraratne', 'dhananjamitraratne@yahoo.com', 702335523, 112602781, 'No.6/2 Morendha', 'Kesbewa', 10, '', 16, 8, '', '2019-01-31 00:00:00', 'admin', 0, 0, 1, 0),
(13026, 'W D G L Nanayakkara', 'gashinanayakkara@gmail.com', 752090130, 335685525, 'No.95/1B, Station Rd, Bandara batawela', 'Bemmulla', 10, '', 16, 8, '', '2019-01-31 00:00:00', 'admin', 0, 0, 1, 0),
(13027, 'm A K G Fernando', 'antongimhan@gmail.com', 752375997, 113113705, 'No.242/E, Jaya mw', 'Uswetakiyawa', 10, '', 16, 8, '', '2019-01-31 00:00:00', 'admin', 0, 0, 1, 0),
(13028, 'G D D Perera', 'dahamgamage@300gmail.com', 769292943, 382246231, 'No.98/A Mahabellana, Welithudawatta', 'Alubomulla', 10, '', 16, 8, '', '2019-01-31 00:00:00', 'admin', 0, 0, 1, 0),
(13029, 'H H Mudalige', 'hansajamudalige@gmail.com', 779883866, 0, 'No.530 Nawala Rd', 'Rajagiriya', 10, '', 16, 8, '', '2019-01-31 00:00:00', 'admin', 0, 0, 1, 0),
(13030, 'N W G G S K Gurusinha', '', 763739610, 0, 'No.24/15C Balapokuna Purana Vihara Rd, Kirulapone', 'Colombo 06', 10, '', 16, 8, '', '2019-01-31 00:00:00', 'admin', 0, 0, 1, 0),
(13031, 'Y A M Panduka', 'pandukayahampath@gmail.com', 710133491, 0, 'No.111 Sunethradevi rd, Kohuwala', 'Nugegoda', 10, '', 16, 8, '', '2019-01-31 00:00:00', 'admin', 0, 0, 1, 0),
(13032, 'K D T K D Thanthirige', 'firefox99@gmail.com', 763903403, 112500126, 'No.73/1 Hampden lane', 'Wellawatta', 10, '', 16, 8, '', '2019-01-31 00:00:00', 'admin', 0, 0, 1, 0),
(13033, 'M D K Costha', 'dilshanikaushalya867@gmail.com', 762012715, 0, 'No.86/12/D I Jothipala mw', 'Malabe', 10, '', 16, 8, '', '2019-01-31 00:00:00', 'admin', 0, 0, 1, 0),
(13034, 'S L H M Jayasekara', 'hashini96929@gmail.com', 776280344, 0, 'No.397/3 Weera mw, Deepanama', 'Pannipitiya', 10, '', 16, 8, '', '2019-01-31 00:00:00', 'admin', 0, 0, 1, 0),
(13035, 'N B Warushi Lasantha', 'warushi1994@gmail.com', 766802475, 112052735, 'No.14/3,Polhena, Madapatha', 'Piliyandala', 10, '', 16, 8, '', '2019-01-31 00:00:00', 'admin', 0, 0, 1, 0),
(13036, 'D M S N Kumarasinghe', 'n.kmadagoda@gmail.com', 779054196, 344915577, '\"Sethsirisewana\",Maduwelkotunna,Kalawila', 'Beruwala', 10, '', 16, 8, '', '2019-01-31 00:00:00', 'admin', 0, 0, 1, 0),
(13037, 'K H N Madushanka', 'g9838.nadun@gmail.com', 728212200, 112746966, 'No.304/10 \'Nadun\' pelenwatte ', 'Pannipitiya', 10, '', 16, 8, '', '2019-01-31 00:00:00', 'admin', 0, 0, 1, 0),
(13038, 'K A T V Dharmappriya', 'tvdharmappriya123@gmail.com', 775282264, 112712144, 'No.56/1 Kawudana Rd, Atthidiya ', 'Dehiwala', 10, '', 16, 8, '', '2019-01-31 00:00:00', 'admin', 0, 0, 1, 0),
(13039, 'A H C Perera', 'himasu123@gmail.com', 774241668, 0, 'No.17/1 Mendis wedha mw, Thalpitiya North', 'Wadduwa', 10, '', 16, 8, '', '2019-01-31 00:00:00', 'admin', 0, 0, 1, 0),
(13040, 'M H Fazil Fareez', 'fazilfareez14@gmail.com', 750351049, 115613545, 'No.31 Nelson Place', 'Colombo -06', 10, '', 16, 8, '', '2019-01-31 00:00:00', 'admin', 0, 0, 1, 0),
(13041, 'W K D Lasith Manohara', 'manoharalasith@gmail.com', 778837160, 112896466, 'No.1072/1/A Liyanagoda', 'Pannipitiya', 10, '', 16, 8, '', '2019-01-31 00:00:00', 'admin', 0, 0, 1, 0),
(13042, 'S H Eshani Chamathka', 'shsfashions@gmail.com', 711680766, 112618589, 'No.64 Kottawa rd, Miriswatta', 'Piliyandala', 10, '', 16, 8, '', '2019-01-31 00:00:00', 'admin', 0, 0, 1, 0),
(13043, 'J P Y K Jayathunge', 'yasirukavind837@gmail.com', 711579021, 112635405, 'No.C/2/8, Soyzapura flats,Soyzapura', 'Moratuwa', 10, '', 16, 8, '', '2019-01-31 00:00:00', 'admin', 0, 0, 1, 0),
(13044, 'W S S Nanayakkara', 'sewwandinana99@gmail.com', 764184392, 112895977, 'No.58/13, 2nd Avenue, Malapana', 'Homagama', 10, '', 16, 8, '', '2019-01-31 00:00:00', 'admin', 0, 0, 1, 0),
(13045, 'K G B Dileka', 'binugeeganage@gmail.com', 771254066, 0, 'No.79 Siddamulla', 'Piliyandala', 10, '', 16, 8, '', '2019-01-31 00:00:00', 'admin', 0, 0, 1, 0),
(13046, 'W M K W N Imalka', 'nethmaliimalka20@gmail.com', 710766454, 332294471, 'No.57/F/14 Dimuthu mw', 'Kalagedihena', 10, '', 16, 8, '', '2019-01-31 00:00:00', 'admin', 0, 0, 1, 0);
INSERT INTO `inquiry` (`id`, `name`, `email`, `mobile`, `home`, `address`, `city`, `medium`, `student_type`, `reference`, `course`, `remarks`, `datetime`, `username`, `is_pending`, `is_positive`, `is_registered`, `is_failed`) VALUES
(13047, 'P D K Thilanka', 'kevinthilanka@icloud.com', 775730764, 112405201, 'No.15/A Senasungoda', 'Pugoda', 10, '', 16, 8, '', '2019-01-31 00:00:00', 'admin', 0, 0, 1, 0),
(13048, 'N Abeysekara', 'nisal.abey246@gmail.com', 705874502, 0, 'No.58/14/I Neelammahara rd, Godigamuwa', 'Maharagama', 10, '', 16, 8, '', '2019-01-31 00:00:00', 'admin', 0, 0, 1, 0),
(13049, 'Y T Hasalanka', '', 714204687, 0, 'No.182/4 Thawalgoda ', 'Kosgama', 10, '', 16, 8, '', '2019-01-31 00:00:00', 'admin', 0, 0, 1, 0),
(13050, 'W A P P R Withanayaka', 'piuwithanayake@gmail.com', 766491998, 0, 'No.8/4C Rajamawatha', 'Pitakotte', 10, '', 16, 8, '', '2019-01-31 00:00:00', 'admin', 0, 0, 1, 0),
(13051, 'R S Perera', 'ruchirasirimal456@gmail.com', 773389900, 0, 'No.38 Central rd, Thalpitiya north', 'Wadduwa', 10, '', 16, 8, '', '2019-01-31 00:00:00', 'admin', 0, 0, 1, 0),
(13052, 'A L D R Pinsirini', 'liyanageridmi@gmail.com', 779255974, 112562712, 'No.525 1/A Anura mw, Hokandara North', 'Horakandara', 10, '', 16, 8, '', '2019-01-31 00:00:00', 'admin', 0, 0, 1, 0),
(13054, 'H A S Randima', 'usupun.randima049@gmail.com', 762171741, 112578020, 'No.142/1 Kohilawatta', 'Angoda', 10, '', 16, 8, '', '2019-01-31 00:00:00', 'admin', 0, 0, 1, 0),
(13055, 'U V Thalagala', 'uvinvt@gmail.com', 704444556, 112705118, 'No.84/Egodawatte, Ambalangoda', 'Polgasowita', 10, '', 16, 8, '', '2019-01-31 00:00:00', 'admin', 0, 0, 1, 0),
(13056, 'S.Roshani', 'roshanishanmugam@gmail.com', 776260898, 112339493, 'No.AG/5 St.Sebastian street', 'Colombo-12', 10, '', 16, 8, '', '2019-01-31 00:00:00', 'admin', 0, 0, 1, 0),
(13058, 'B S U Rathnabharathi', 'rathnabharathiuthpala@gmail.com', 774787027, 112659448, 'No.57 Kalana,Egodauyana', 'Moratuwa', 10, '', 16, 8, '', '2019-01-31 00:00:00', 'admin', 0, 0, 1, 0),
(13059, 'G H M T D Baa', 'danukabandara1997@gmail.com', 716660578, 333830901, 'No.65/1, Walbolana ', 'Pallewala', 10, '', 16, 8, '', '2019-01-31 00:00:00', 'admin', 0, 0, 1, 0),
(13060, 'L R S Vibhath', 'sasrika.vibath@gmail.com', 784701127, 112189227, 'No.54/5, Rokmale', 'Pannipitya', 10, '', 16, 8, '', '2019-01-31 00:00:00', 'admin', 0, 0, 1, 0),
(13061, 'M A M B Madurapperuma', 'mithun.bimsara@gmail.com', 767557576, 0, 'No.46/19A, Robert Drive, Robert Gunawardhana mw', 'Kirulapone', 10, '', 16, 8, '', '2019-01-31 00:00:00', 'admin', 0, 0, 1, 0),
(13062, 'W H P Perera', 'phansani8@gmail.com', 770510037, 382291297, 'No.157/A, Maithri mw, Walgama', 'Bandaragama', 10, '', 16, 8, '', '2019-01-31 00:00:00', 'admin', 0, 0, 1, 0),
(13063, 'S Thushani', 'thushanisuresh66@gmail.com', 777369893, 0, 'No.514/58, Roxy Garden', 'Wellawatte', 10, '', 16, 8, '', '2019-01-31 00:00:00', 'admin', 0, 0, 1, 0),
(13064, 'D G H T Dharmapriya', 'hirunitharuki@gmail.com', 766016623, 0, 'No.210, Mandavila rd', 'Angoda', 10, '', 16, 8, '', '2019-01-31 00:00:00', 'admin', 0, 0, 1, 0),
(13065, 'B G B Y Wickramasooriya', 'binuray84@gmail.com', 779633776, 112765833, 'No.103/2 Sudarshi rd,Prathibimbarama rd, Kalubowila', 'Dehiwala', 10, '', 16, 8, '', '2019-01-31 00:00:00', 'admin', 0, 0, 1, 0),
(13066, 'S N Senanayake', 'sasindisenanayake@gmail.com', 760931619, 342228623, 'No.380A Nilu saloon Nagoda rd', 'Kaluthara', 10, '', 16, 8, '', '2019-01-31 00:00:00', 'admin', 0, 0, 1, 0),
(13067, 'L N Jayalath', 'niranjanjayalath@gmail.com', 776764212, 0, 'Kumburugama', 'Deraniyagala', 10, '', 16, 8, '', '2019-01-31 00:00:00', 'admin', 0, 0, 1, 0),
(13068, 'K A N Priyabhashini', 'priyabhashini95@gmail.com', 770667436, 332275574, 'No.171/1, Bothale', 'Ambepussa', 10, '', 16, 8, '', '2019-01-31 00:00:00', 'admin', 0, 0, 1, 0),
(13069, 'D D I Sewwandi', 'ishanideyalage94@gmail.com', 766975736, 0, 'No.328/2, Dewala rd, Batakettara', 'Piliyandala', 10, '', 16, 8, '', '2019-01-31 00:00:00', 'admin', 0, 0, 1, 0),
(13070, 'D L Perumal', 'darshikaloreain@gmail.com', 764189879, 0, 'No.586, Sama Uyana rd, Duwa temple Rd', 'Kaluthara south', 10, '', 16, 8, '', '2019-01-31 00:00:00', 'admin', 0, 0, 1, 0),
(13071, 'S A Kandegedara', 'akilasulakshani1999@mail.com', 704434380, 0, 'No.17A, Church Rd', 'Wattala', 10, '', 16, 8, '', '2019-01-31 00:00:00', 'admin', 0, 0, 1, 0),
(13072, 'M K T T Wijesiri', 'tharushthivanka@gmail.com', 729217004, 0, 'No.216/1C,Dhammaratne rd,Madiwela', 'Kotte', 10, '', 16, 8, '', '2019-01-31 00:00:00', 'admin', 0, 0, 1, 0),
(13073, 'M L Y Lavanthi', 'yereshalavanthi@gmail.com', 714813434, 0, 'No.391/6 Sirimavo Bandaranayake', 'Col-14', 10, '', 16, 8, '', '2019-01-31 00:00:00', 'admin', 0, 0, 1, 0),
(13074, 'N M K L S Wickramasinghe', 'lakshanwic66@gmail.com', 772940240, 0, 'No.393/1, Weliwala rd, Kotikawatta', 'Angoda', 10, '', 16, 8, '', '2019-01-31 00:00:00', 'admin', 0, 0, 1, 0),
(13075, 'K A T P Dhananjaya', 'dhananjayakahavita@gmail.com', 717085446, 0, 'No.139/20, Thalehena', 'Malabe', 10, '', 16, 8, '', '2019-01-31 00:00:00', 'admin', 0, 0, 1, 0),
(13076, 'E R C Sandarenu', 'chathusandarenu9@gmail.com', 710635178, 0, 'No.42/Katukurunda watta Halpe', 'Mirigama', 10, '', 16, 8, '', '2019-01-31 00:00:00', 'admin', 0, 0, 1, 0),
(13077, 'U Elwitigala', 'udenielwitigala89@gmail.com', 716881567, 0, 'No.123/1A, Old rd', 'Pannipitya', 10, '', 16, 8, '', '2019-01-31 00:00:00', 'admin', 0, 0, 1, 0),
(13078, 'P G C K Srinayaka', 'chathurikakithsarini2@gmail.com', 778285203, 112741901, 'No.91/5,Parakrama mw, Thalahena', 'Malabe', 10, '', 16, 8, '', '2019-01-31 00:00:00', 'admin', 0, 0, 1, 0),
(13079, 'K N Vandort', 'kasunivandort52@gmail.com', 716575302, 0, 'No.335, Bathalahena watta, Gonawala', 'Kelaniya', 10, '', 16, 8, '', '2019-01-31 00:00:00', 'admin', 0, 0, 1, 0),
(13080, 'M B S D Manohari', 'dinushamanohari9496@gmail.com', 770758223, 0, 'No.49/56A, 3rd Lane, Ramanayake rd', 'Hokandara(south)', 10, '', 16, 8, '', '2019-01-31 00:00:00', 'admin', 0, 0, 1, 0),
(13081, 'H A N H Manujaya', 'nimeshhettiarachchi99@gmail.com', 729018537, 352255167, 'No.181/5, Suduwella,Kaluaggala', 'Hanwella', 10, '', 16, 8, '', '2019-01-31 00:00:00', 'admin', 0, 0, 1, 0),
(13082, 'R M S Rathnayake', 'sewwandirathnayake1997@gmail.com', 717169707, 0, 'No.68,Dombawala', 'Udugampola', 10, '', 16, 8, '', '2019-01-31 00:00:00', 'admin', 0, 0, 1, 0),
(13083, 'G S Thushara', '', 712670782, 0, 'No.193/10/1 Bandaranayapuraya ', 'Maththegoda', 10, '', 16, 8, '', '2019-01-31 00:00:00', 'admin', 0, 0, 1, 0),
(13084, 'H C A Fernando', 'clementfernando72@gmail.com', 713554381, 112598010, 'No.30/10,Mallika lane', 'Col-06', 10, '', 16, 8, '', '2019-01-31 00:00:00', 'admin', 0, 0, 1, 0),
(13085, 'D A N Maheesha', 'nmahesha263@gmail.com', 752337477, 0, 'No.134/D2,A,Thalangama south,Ruhunupura', 'Battaramulla', 10, '', 16, 8, '', '2019-01-31 00:00:00', 'admin', 0, 0, 1, 0),
(13086, 'W K A D J M Weerasinghe', 'janithweerasinghe@gmail.com', 774815939, 0, 'No.1118/2/1, Dhammodaya mw, Mihindupura', 'Battaramulla', 10, '', 16, 8, '', '2019-01-31 00:00:00', 'admin', 0, 0, 1, 0),
(13087, 'S S Siriwardhana', 'sachithrasaranga4@gmail.com', 777229438, 112601050, 'No.47/1C Mavithara', 'Piliyandala', 10, '', 16, 8, '', '2019-01-31 00:00:00', 'admin', 0, 0, 1, 0),
(13088, 'K U Dedunu', 'uthpaladedunu17@gmail.com', 755836145, 0, 'No.9/A, Urakaduwa', 'Alubomulla', 10, '', 16, 8, '', '2019-01-31 00:00:00', 'admin', 0, 0, 1, 0),
(13089, 'K S S Thilakasiri', 'suraj.sadeepa@gmail.com', 750442151, 362255028, 'No.503/A/3, Ihala Kosgama', 'Kosgama', 10, '', 16, 8, '', '2019-01-31 00:00:00', 'admin', 0, 0, 1, 0),
(13090, 'K M A Kavini', 'ameshakavini085@gmail.com', 769790085, 112054587, 'No.91/6/1,Swarnananda Rd,Ihala Bomiriya', 'Kaduwela', 10, '', 16, 8, '', '2019-01-31 00:00:00', 'admin', 0, 0, 1, 0),
(13091, 'G D M Perera', 'dilkiperera9606@gmail.com', 771362155, 112608555, 'No.471/1,Mampe North, Wijeya rd', 'Piliyandala', 10, '', 16, 8, '', '2019-01-31 00:00:00', 'admin', 0, 0, 1, 0),
(13092, 'R M T V C Rathnayaka', 'vindanatharinduvindana@gmail.com', 775679819, 114320653, 'No.192/2 Al Mayura mw, Thalahena', 'Malabe', 10, '', 16, 8, '', '2019-01-31 00:00:00', 'admin', 0, 0, 1, 0),
(13093, 'K S Manisha', 'shaveenmani97@gmail.com', 763248548, 0, 'No.40/8 Sri Premaratna mw,Moratumulla', 'Moratuwa', 10, '', 16, 8, '', '2019-01-31 00:00:00', 'admin', 0, 0, 1, 0),
(13094, 'O D K Vithanawasam', 'ovindu.karunaratne@gmail.com', 769143219, 0, 'No.18, Dhakshinarama rd', 'Mt Lavinia', 10, '', 16, 8, '', '2019-01-31 00:00:00', 'admin', 0, 0, 1, 0),
(13096, 'A K P Rukshan', 'pasindurukshan17@gmail.com', 770819061, 115244508, '1212/1-G,Kottawa North', 'Hokandara', 10, '', 16, 8, '', '2019-01-31 00:00:00', 'admin', 0, 0, 1, 0),
(13097, 'H G I M Jayathilaka', 'manujiirusha@gmail.com', 715794977, 112844884, '123/8,2nd Lane, Pamunuwa rd', 'Maharagama', 10, '', 16, 8, '', '2019-01-31 00:00:00', 'admin', 0, 0, 1, 0),
(13098, 'R A N Sewwandhi', 'nadeekasewwandhi123@gmail.com', 768504494, 114947690, '653/A/1 Aruppitiya south thalangama', 'Thalangama', 10, '', 16, 8, '', '2019-01-31 00:00:00', 'admin', 0, 0, 1, 0),
(13099, 'B M T R Ekanayake', 'tharushirandara@gmail.com', 712049778, 112790421, 'No.452/4, Dutugamunu rd, Thalangama North', 'Battaramulla', 10, '', 16, 8, '', '2019-01-31 00:00:00', 'admin', 0, 0, 1, 0),
(13100, 'H N Katugampala', 'hn98katugampala@gmail.com', 702338687, 114975102, 'No.54/8, Sumaga mw, Siddhamula', 'Piliyandala', 10, '', 16, 8, '', '2019-01-31 00:00:00', 'admin', 0, 0, 1, 0),
(13101, 'W J M C P Weerasinghe', 'chathup766@gmail.com', 771386106, 112891694, 'No.161/25, Classic terrace, Katuwana rd', 'Homagama', 10, '', 16, 8, '', '2019-01-31 00:00:00', 'admin', 0, 0, 1, 0),
(13102, 'A S Jayarathna', 'ashensasank1997@gmail.com', 713864516, 0, 'No.195, Dombawala', 'Udugampola', 10, '', 16, 8, '', '2019-01-31 00:00:00', 'admin', 0, 0, 1, 0),
(13103, 'E K Alahakoon', 'kalpanacooray123@gmail.com', 712195102, 0, 'No.75/4, Meththananda mw, Gangodawila', 'Nugegoda', 10, '', 16, 8, '', '2019-01-31 00:00:00', 'admin', 0, 0, 1, 0),
(13104, 'M W Asjadh Ahamedh', 'asjadhmohomed2@gmail.com', 764354261, 0, 'No.204/1, Old Rd, Mahagoda ', 'Beruwala', 10, '', 16, 8, '', '2019-01-31 00:00:00', 'admin', 0, 0, 1, 0),
(13105, 'W A H K Gunathilaka', 'heshankavinda007@gmail.com', 774587497, 0, 'No.174/6A, Gagadisigama, Kotagedara', 'Madapatha', 10, '', 16, 8, '', '2019-01-31 00:00:00', 'admin', 0, 0, 1, 0),
(13106, 'R K Jayasekara', 'raveesha.jayasekara@gmail.com ', 713383344, 112157786, 'No.241/3, Keerthi mw,Delgahawatta', 'Angoda', 10, '', 16, 8, '', '2019-01-31 00:00:00', 'admin', 0, 0, 1, 0),
(13107, 'R A N S Ranaweera', 'nandunsranaweera@gmail.com ', 775589852, 0, 'No.245/3, Kaduwela rd', 'Malabe', 10, '', 16, 8, '', '2019-01-31 00:00:00', 'admin', 0, 0, 1, 0),
(13108, 'A M V T De Silva', 'teenadesilva16@gmail.com ', 755753070, 342221607, 'Eva Cottage\', Redee mw,Kalamulla', 'Kalutara', 10, '', 16, 8, '', '2019-01-31 00:00:00', 'admin', 0, 0, 1, 0),
(13109, 'H A O H Hanwella', 'oshadhihansika025@gmail.com', 714816743, 0, 'No.213/3, Polwatta Gunasekara mw,Himbutana', 'Angoda', 10, '', 16, 8, '', '2019-01-31 00:00:00', 'admin', 0, 0, 1, 0),
(13110, 'A H M A T Karunathilake', 'tkameesha@gmail.com', 789456171, 0, 'No.30 c/2, Field Avenue', 'Kohuwala', 10, '', 16, 8, '', '2019-01-31 00:00:00', 'admin', 0, 0, 1, 0),
(13111, 'W A O Weerasooriya', 'oshadiweerasooriya1997@gmail.com', 758722134, 272222479, 'No.15,Hospital Junction', 'Polonnaruwa', 10, '', 16, 8, '', '2019-01-31 00:00:00', 'admin', 0, 0, 1, 0),
(13112, 'B A G J Jayasekara', 'gaya1998a@icloud.com', 713085098, 0, 'No.120/2F,Park Rd,Kothalawala', 'Bandaragama', 10, '', 16, 8, '', '2019-01-31 00:00:00', 'admin', 0, 0, 1, 0),
(13113, 'M A G S De Alwis', '', 773528265, 112646250, 'No.11/9 St Sebastian Lane', 'Moratuwa', 10, '', 16, 8, '', '2019-01-31 00:00:00', 'admin', 0, 0, 1, 0),
(13114, 'U H Athauda', 'himaranshiathauda@gmail.com', 703959383, 112792048, 'No.468/2, Madinnagoda', 'Rajagiriya', 10, '', 16, 8, '', '2019-01-31 00:00:00', 'admin', 0, 0, 1, 0),
(13115, 'M D Radawa', 'devinradawa90@gmail.com', 766470430, 0, 'No.55/1, Maligawa rd', 'Rathmalana', 10, '', 16, 8, '', '2019-01-31 00:00:00', 'admin', 0, 0, 1, 0),
(13116, 'K L Madushan', 'lahirumadushan662@gmail.com', 711322981, 342254828, 'No.337/1, Miriswatta', 'Millewa', 10, '', 16, 8, '', '2019-01-31 00:00:00', 'admin', 0, 0, 1, 0),
(13117, 'K G N N Perera', 'nawodiperera119@gmail.com', 714053594, 112887196, 'No.277,Gemunu mw,Kotuwegoda', 'Rajagiriya', 10, '', 16, 8, '', '2019-01-31 00:00:00', 'admin', 0, 0, 1, 0),
(13118, 'S D Jayawardane', 'sjayawardane3@gmail.com', 713506036, 0, 'No.114/B,Siddharth rd', 'Kirulapone', 10, '', 16, 8, '', '2019-01-31 00:00:00', 'admin', 0, 0, 1, 0),
(13119, 'D S P Katugampola', 'sahanpramu1997@gmail.com', 765477330, 0, 'No.241/2, Salalihini mw,Mulleriyawa', 'Angoda', 10, '', 16, 8, '', '2019-01-31 00:00:00', 'admin', 0, 0, 1, 0),
(13120, 'M M Vithanage', 'malithmindula@gmail.com', 713328879, 112707971, 'No.123 1/5 Pinnawala rd', 'Madapatha', 10, '', 16, 8, '', '2019-01-31 00:00:00', 'admin', 0, 0, 1, 0),
(13121, 'G D T Nawanjalee', 'nawanjali@gmail.com', 761163717, 112504217, 'No.236/5,Galle rd', 'Wellawatte', 10, '', 16, 8, '', '2019-01-31 00:00:00', 'admin', 0, 0, 1, 0),
(13122, 'R A D S Himasha', 'sujanh@gmail.com', 769367610, 0, 'No.86 Niripola', 'Hanwella', 10, '', 16, 8, '', '2019-01-31 00:00:00', 'admin', 0, 0, 1, 0),
(13123, 'K Avishka Rashmi', 'avishkamanoharan@gmail.com', 777641455, 112552549, 'No.55/11,Swarna rd', 'Col-06', 10, '', 16, 8, '', '2019-01-31 00:00:00', 'admin', 0, 0, 1, 0),
(13124, 'G L H S De Silva', 'sadhanids@gmail.com', 703599102, 0, 'No.439P/19, 1st Lane, Sampath Kumara mw,Neduna', 'Ganemulla', 10, '', 16, 8, '', '2019-01-31 00:00:00', 'admin', 0, 0, 1, 0),
(13125, 'S M P D C D Perera', 'dilekshiperera17@gmail.com', 778817678, 113074179, 'No.344/1D,Arawwala ', 'Pannipitya', 10, '', 16, 8, '', '2019-01-31 00:00:00', 'admin', 0, 0, 1, 0),
(13126, 'H V K De Silva', 'viduradealwis.vd@gmail.com', 775525149, 0, 'No.16/11A,Thalapathpitiya rd, Udahamulla', 'Nugegoda', 10, '', 16, 8, '', '2019-01-31 00:00:00', 'admin', 0, 0, 1, 0),
(13127, 'N T Jayashantha', 'nthanukass@gmail.com', 770307833, 0, 'No.121 1/1, Sri siddhartha rd, Kirulapona', 'Colombo 05', 10, '', 16, 8, '', '2019-01-31 00:00:00', 'admin', 0, 0, 1, 0),
(13128, 'M Raveesha Shainy', 'raveeshashainy99@gmail.com', 773166868, 113144904, 'No.583/2A/Millagahawaththa rd, Mawaramandiya', 'Siyambalape', 10, '', 16, 8, '', '2019-01-31 00:00:00', 'admin', 0, 0, 1, 0),
(13129, 'H H D K Perera', 'heshiperera98@gmail.com', 755204102, 0, 'No.149/1 Kotagedara rd, Madapatha', 'Piliyandala', 10, '', 16, 8, '', '2019-01-31 00:00:00', 'admin', 0, 0, 1, 0),
(13130, 'W D D Nadeeshani', 'dilini.wickrama@hidramani.com', 774639338, 112702628, 'No.14/B, Horana rd', 'Kesbawa', 10, '', 16, 8, '', '2019-01-31 00:00:00', 'admin', 0, 0, 1, 0),
(13131, 'C A Dissanayake', 'chanuki.adnk@gmail.com', 710120970, 0, 'No.24/2A,Pubudu mw', 'Boralesgamuwa', 10, '', 16, 8, '', '2019-01-31 00:00:00', 'admin', 0, 0, 1, 0),
(13132, 'A A H Navodini', 'navodinihansika@gmail.com', 771109074, 0, 'No.30B/1, Gamanawatta,Aluthepola', 'Wegowwa', 10, '', 16, 8, '', '2019-01-31 00:00:00', 'admin', 0, 0, 1, 0),
(13133, 'T D S S Thalagala', 'samila.sanjeewai5@gmail.com', 773787620, 0, 'No.59/6, Pangiriwatta rd,Gangodawila', 'Nugegoda', 10, '', 16, 8, '', '2019-01-31 00:00:00', 'admin', 0, 0, 1, 0),
(13134, 'P G S V R De Silva', 'sanjuladesilva2@gmail.com', 769856237, 115244645, 'No.170,Sea Beach rd, Angulana', 'Moratuwa', 10, '', 16, 8, '', '2019-01-31 00:00:00', 'admin', 0, 0, 1, 0),
(13135, 'K D O S M Fernando', 'smadu988fernando@gmail.com', 775971562, 0, 'No.53/2A, Perera place', 'Dehiwala', 10, '', 16, 8, '', '2019-01-31 00:00:00', 'admin', 0, 0, 1, 0),
(13136, 'H K Irugalbandara', 'kavindiirugalbandara@gmail.com', 777702156, 112055766, 'No.11/2A,Abayarama lane,Thimbirigasyaya rd', 'Col-05', 10, '', 16, 8, '', '2019-01-31 00:00:00', 'admin', 0, 0, 1, 0),
(13137, 'U G S Induwara', 'sasikainduwara111@gmail.com', 719952414, 0, 'NO.25/8A,Mayura mw,Bellanwila', 'Boralesgamuwa', 10, '', 16, 8, '', '2019-01-31 00:00:00', 'admin', 0, 0, 1, 0);

-- --------------------------------------------------------

--
-- Table structure for table `inquiry_medium`
--

CREATE TABLE `inquiry_medium` (
  `id` int(11) NOT NULL,
  `medium` varchar(20) NOT NULL
) ENGINE=InnoDB DEFAULT CHARSET=utf8;

--
-- Dumping data for table `inquiry_medium`
--

INSERT INTO `inquiry_medium` (`id`, `medium`) VALUES
(1, 'Telephone'),
(2, 'Email'),
(3, 'Sakya DB'),
(4, 'SIBT'),
(5, 'Walk-In to Office'),
(6, 'Website'),
(7, 'Facebook Message'),
(10, 'Data Migration');

-- --------------------------------------------------------

--
-- Table structure for table `inquiry_reference`
--

CREATE TABLE `inquiry_reference` (
  `id` int(11) NOT NULL,
  `reference` varchar(100) NOT NULL
) ENGINE=InnoDB DEFAULT CHARSET=utf8;

--
-- Dumping data for table `inquiry_reference`
--

INSERT INTO `inquiry_reference` (`id`, `reference`) VALUES
(1, 'TV Advertisement'),
(2, 'Radio Advertisement'),
(3, 'News Paper'),
(4, 'Social Media'),
(5, 'Email Campaign'),
(6, 'Website'),
(7, 'Sakya Student'),
(8, 'Nanik Student'),
(9, 'SIBT Student'),
(10, 'Through a Friend or Relative'),
(11, 'Seeing Location'),
(12, 'Posters'),
(16, 'Data Migration');

-- --------------------------------------------------------

--
-- Table structure for table `inquiry_rotation`
--

CREATE TABLE `inquiry_rotation` (
  `id` int(11) NOT NULL,
  `courseId` int(11) NOT NULL,
  `username` varchar(20) NOT NULL,
  `datetime` datetime NOT NULL
) ENGINE=InnoDB DEFAULT CHARSET=utf8;

--
-- Dumping data for table `inquiry_rotation`
--

INSERT INTO `inquiry_rotation` (`id`, `courseId`, `username`, `datetime`) VALUES
(1, 8, 'paramitha', '2019-05-02 01:22:48'),
(2, 8, 'poojani', '2019-05-02 01:22:48'),
(3, 8, 'rajitha', '2019-05-02 01:22:48'),
(4, 8, 'vihanga', '2019-05-02 09:18:43'),
(5, 8, 'malshan', '2019-05-02 09:20:36'),
(6, 7, 'paramitha', '2019-05-02 09:20:36'),
(7, 7, 'poojani', '2019-05-02 09:20:36'),
(8, 8, 'paramitha', '2019-05-02 09:23:11'),
(9, 8, 'poojani', '2019-05-02 09:27:14'),
(10, 8, 'rajitha', '2019-05-03 10:25:13'),
(11, 8, 'vihanga', '2019-05-03 10:25:13'),
(12, 8, 'malshan', '2019-05-03 10:36:48'),
(13, 8, 'paramitha', '2019-05-17 02:16:53'),
(14, 8, 'poojani', '2019-05-17 02:35:55'),
(15, 8, 'rajitha', '2019-05-20 11:17:44'),
(16, 8, 'vihanga', '2019-05-20 11:17:44'),
(17, 8, 'malshan', '2019-05-23 07:02:11'),
(18, 8, 'paramitha', '2019-05-23 07:18:09'),
(19, 8, 'poojani', '2019-05-23 07:18:09'),
(20, 8, 'rajitha', '2019-05-23 07:18:09'),
(21, 8, 'vihanga', '2019-05-23 07:18:09'),
(22, 8, 'malshan', '2019-05-23 07:25:54'),
(23, 8, 'paramitha', '2019-05-23 07:25:54'),
(24, 8, 'poojani', '2019-05-23 07:36:10'),
(25, 8, 'rajitha', '2019-05-23 07:38:52'),
(26, 8, 'vihanga', '2019-05-23 07:38:52'),
(27, 8, 'malshan', '2019-05-23 07:38:52'),
(28, 8, 'paramitha', '2019-05-24 03:22:07'),
(29, 8, 'poojani', '2019-05-24 03:22:07'),
(30, 8, 'rajitha', '2019-05-24 03:22:07'),
(31, 8, 'vihanga', '2019-05-24 03:22:07'),
(32, 8, 'malshan', '2019-05-24 03:22:07'),
(33, 15, 'paramitha', '2019-05-24 03:22:07'),
(34, 8, 'paramitha', '2019-05-24 03:22:07'),
(35, 8, 'poojani', '2019-05-24 03:55:51'),
(36, 8, 'rajitha', '2019-05-24 03:55:51'),
(37, 8, 'vihanga', '2019-05-27 08:58:05'),
(38, 8, 'paramitha', '2019-05-27 10:06:25'),
(39, 8, 'poojani', '2019-05-27 10:06:25'),
(40, 8, 'rajitha', '2019-05-27 10:09:12'),
(41, 8, 'malshan', '2019-05-27 10:11:27'),
(42, 8, 'paramitha', '2019-05-27 10:11:27'),
(43, 8, 'poojani', '2019-05-27 10:25:09'),
(44, 8, 'rajitha', '2019-05-27 02:16:01'),
(45, 8, 'malshan', '2019-05-27 02:16:01'),
(46, 7, 'malshan', '2019-08-26 08:53:47');

-- --------------------------------------------------------

--
-- Table structure for table `inquiry_status`
--

CREATE TABLE `inquiry_status` (
  `inquiry_id` int(11) NOT NULL,
  `username` varchar(20) NOT NULL,
  `status` varchar(20) NOT NULL,
  `intakeId` int(11) DEFAULT NULL,
  `remarks` varchar(250) NOT NULL,
  `datetime` datetime NOT NULL
) ENGINE=InnoDB DEFAULT CHARSET=utf8;

--
-- Dumping data for table `inquiry_status`
--

INSERT INTO `inquiry_status` (`inquiry_id`, `username`, `status`, `intakeId`, `remarks`, `datetime`) VALUES
(40, 'admin', 'Positive', NULL, 'Will come to register tomorrow', '2019-05-19 11:25:02'),
(40, 'admin', 'Failed', NULL, 'Doesn\'t have required qualifications', '2019-05-19 11:31:26'),
(40, 'admin', 'Positive', NULL, 'Documents submitted', '2019-05-19 11:32:20'),
(40, 'admin', 'Positive', NULL, 'test', '2019-05-19 11:46:25'),
(40, 'admin', 'Pending', NULL, 'Update info box', '2019-05-19 11:47:14'),
(40, 'admin', 'Pending', NULL, 'test', '2019-05-20 10:28:36'),
(41, 'rajitha', '1', NULL, 'Not followed', '2019-05-20 11:17:44'),
(42, 'admin', 'Pending', NULL, 'test', '2019-05-21 10:30:31'),
(42, 'vihanga', '1', NULL, 'Not followed', '2019-05-20 11:17:44'),
(5095, 'admin', 'Pending', NULL, 'test', '2020-03-23 09:05:49'),
(5165, 'admin', 'Pending', NULL, 'test', '2019-05-22 03:37:58'),
(5166, 'malshan', '1', NULL, 'Not followed', '2019-05-23 07:02:11'),
(5167, 'paramitha', '1', NULL, 'Not followed', '2019-05-23 07:18:09'),
(5168, 'poojani', '1', NULL, 'Not followed', '2019-05-23 07:18:09'),
(5169, 'rajitha', '1', NULL, 'Not followed', '2019-05-23 07:18:09'),
(5170, 'vihanga', '1', NULL, 'Not followed', '2019-05-23 07:18:09'),
(5171, 'malshan', '1', NULL, 'Not followed', '2019-05-23 07:25:54'),
(5172, 'paramitha', '1', NULL, 'Not followed', '2019-05-23 07:25:54'),
(5177, 'poojani', '1', NULL, 'Not followed', '2019-05-23 07:36:10'),
(5178, 'rajitha', '1', NULL, 'Not followed', '2019-05-23 07:38:52'),
(5179, 'vihanga', '1', NULL, 'Not followed', '2019-05-23 07:38:52'),
(5180, 'malshan', '1', NULL, 'Not followed', '2019-05-23 07:38:52'),
(5181, 'paramitha', '1', NULL, 'Not followed', '2019-05-24 03:22:07'),
(5182, 'poojani', '1', NULL, 'Not followed', '2019-05-24 03:22:07'),
(5183, 'rajitha', '1', NULL, 'Not followed', '2019-05-24 03:22:07'),
(5184, 'vihanga', '1', NULL, 'Not followed', '2019-05-24 03:22:07'),
(5186, 'malshan', '1', NULL, 'Not followed', '2019-05-24 03:22:07'),
(5187, 'paramitha', '1', NULL, 'Not followed', '2019-05-24 03:22:07'),
(5188, 'paramitha', '1', NULL, 'Not followed', '2019-05-24 03:22:07'),
(5189, 'poojani', '1', NULL, 'Not followed', '2019-05-24 03:55:51'),
(5190, 'rajitha', '1', NULL, 'Not followed', '2019-05-24 03:55:51'),
(5191, 'vihanga', '1', NULL, 'Not followed', '2019-05-27 08:58:05'),
(5192, 'paramitha', '1', NULL, 'Not followed', '2019-05-27 10:06:25'),
(5193, 'poojani', '1', NULL, 'Not followed', '2019-05-27 10:06:25'),
(5194, 'rajitha', '1', NULL, 'Not followed', '2019-05-27 10:09:12'),
(5195, 'malshan', '1', NULL, 'Not followed', '2019-05-27 10:11:27'),
(5196, 'paramitha', '1', NULL, 'Not followed', '2019-05-27 10:11:27'),
(5197, 'poojani', '1', NULL, 'Not followed', '2019-05-27 10:25:09'),
(5200, 'malshan', '1', NULL, 'Not followed', '2019-05-27 02:16:01'),
(5201, 'admin', '1', NULL, 'Not followed', '2019-05-29 12:00:22'),
(5202, 'malshan', '1', NULL, 'Not followed', '2019-08-26 08:53:47');

-- --------------------------------------------------------

--
-- Table structure for table `intakes`
--

CREATE TABLE `intakes` (
  `id` int(11) NOT NULL,
  `name` varchar(100) NOT NULL,
  `startDate` date NOT NULL,
  `endDate` date NOT NULL,
  `status` tinyint(1) NOT NULL
) ENGINE=InnoDB DEFAULT CHARSET=utf8;

--
-- Dumping data for table `intakes`
--

INSERT INTO `intakes` (`id`, `name`, `startDate`, `endDate`, `status`) VALUES
(4, '2019 January Intake edited', '2020-07-14', '2020-08-14', 1),
(5, '2019 June Intake', '2019-06-01', '2019-08-31', 1),
(6, 'January Intake 2020', '2019-12-01', '2020-01-31', 0);

-- --------------------------------------------------------

--
-- Table structure for table `lecturer`
--

CREATE TABLE `lecturer` (
  `id` int(11) NOT NULL,
  `name` varchar(100) NOT NULL
) ENGINE=InnoDB DEFAULT CHARSET=latin1;

--
-- Dumping data for table `lecturer`
--

INSERT INTO `lecturer` (`id`, `name`) VALUES
(1, 'Mr. Bimsara Walallawita'),
(2, 'Mr. Kelum Wickramarachchi'),
(3, 'Mr. Mohamed Azeem '),
(4, 'Mr. Dhanuka Liyanagamage'),
(5, 'Ms. Chathuri De Silva '),
(6, 'Ms. Sulochana Ubayakumara'),
(7, 'Dr. Anuradha Iddagoda '),
(8, 'Mr. Thomas Benjamin'),
(9, 'Ms. Ann Pintoe '),
(10, 'Ms. Shyamila Samarasinghe '),
(11, 'Ms. Charmie Jayaweera '),
(12, 'Ms. Chiranthi Balapatabendi '),
(13, 'Ms. Saumya Sajeewani'),
(14, 'Ms. Sheshani Gunathilake '),
(15, 'Ms. Kalani Pothupitiya '),
(16, 'Ms. Shashikala Subhashini'),
(17, 'Ms. Buddhini Chathumaduri '),
(18, 'Mr. Tharanga Madappuliarachchi '),
(19, 'Mr. Sheshantha Siriwardana '),
(20, 'Mr. Priyantha Wijebandara '),
(22, 'Examination'),
(23, 'Ms. Chathuri Pathmaperuma'),
(24, 'Ms. Shanika Jayasinghe '),
(25, 'Ms. Shalini Rajasingham '),
(26, 'Ms. Hiroshika Nadeeshani'),
(27, 'Ms. Rushira Kulasinham'),
(28, 'Ms. Nishani Hewage'),
(29, 'Ms. Charuni Lenadora'),
(30, 'Ms. Ashamalie Wahalathanthri'),
(31, 'Ms. Dilshani Ukewatte'),
(32, 'Ms. Dharani Penthenigoda'),
(33, 'Ms. Asfa Rumy');

-- --------------------------------------------------------

--
-- Table structure for table `lecturer_module`
--

CREATE TABLE `lecturer_module` (
  `lecturerId` int(11) NOT NULL,
  `moduleId` int(11) NOT NULL
) ENGINE=InnoDB DEFAULT CHARSET=latin1;

--
-- Dumping data for table `lecturer_module`
--

INSERT INTO `lecturer_module` (`lecturerId`, `moduleId`) VALUES
(13, 1),
(24, 1),
(2, 2),
(25, 2),
(26, 2),
(4, 3),
(18, 3),
(5, 4),
(23, 4),
(10, 5),
(17, 5),
(7, 6),
(7, 7),
(3, 8),
(5, 9),
(9, 9),
(23, 9),
(10, 10),
(17, 10),
(15, 11),
(24, 11),
(13, 12),
(6, 13),
(11, 14),
(23, 14),
(15, 15),
(24, 15),
(4, 16),
(14, 16),
(4, 17),
(18, 17),
(11, 18),
(24, 18),
(7, 19),
(4, 20),
(12, 20),
(3, 21),
(5, 22),
(6, 22),
(7, 22),
(19, 23),
(20, 24),
(16, 25),
(2, 26),
(19, 27),
(25, 27),
(20, 28),
(1, 30),
(3, 32),
(16, 36),
(2, 37),
(1, 38),
(1, 39),
(2, 40),
(3, 41),
(2, 43),
(12, 44),
(19, 45),
(28, 47),
(29, 47),
(31, 47),
(33, 47),
(27, 49),
(28, 49),
(29, 49),
(30, 49),
(32, 49),
(33, 49),
(4, 51),
(9, 52);

-- --------------------------------------------------------

--
-- Table structure for table `logs`
--

CREATE TABLE `logs` (
  `id` int(11) NOT NULL,
  `log` varchar(255) NOT NULL,
  `datetime` datetime NOT NULL,
  `username` varchar(255) NOT NULL
) ENGINE=InnoDB DEFAULT CHARSET=latin1;

-- --------------------------------------------------------

--
-- Table structure for table `message`
--

CREATE TABLE `message` (
  `id` int(11) NOT NULL,
  `courseId` int(11) NOT NULL,
  `instance` varchar(50) NOT NULL,
  `subject` varchar(100) DEFAULT NULL,
  `body` varchar(500) DEFAULT NULL,
  `sms` varchar(160) NOT NULL,
  `attachment` varchar(500) DEFAULT NULL
) ENGINE=InnoDB DEFAULT CHARSET=utf8;

--
-- Dumping data for table `message`
--

INSERT INTO `message` (`id`, `courseId`, `instance`, `subject`, `body`, `sms`, `attachment`) VALUES
(3, 8, 'Inquiry', '[COURSE_NAME] Information - Saegis Campus', '<p>Dear [STUDENT_NAME],</p>\r\n<p>Thank you for contacting Saegis Campus. Please find the attached course information.</p>\r\n<p>Thank You,</p>\r\n<p>[COUNSELOR_NAME]</p>\r\n<p>[COUNSELOR_MOBILE]</p>', 'Thank you for your inquiry about [COURSE_NAME]. We have sent you an email with details.', 'sample_attachment.pdf'),
(5, 7, 'Inquiry', '', '', 'test 2', '');

-- --------------------------------------------------------

--
-- Table structure for table `module`
--

CREATE TABLE `module` (
  `id` int(11) NOT NULL,
  `name` varchar(50) NOT NULL,
  `course` int(11) NOT NULL,
  `semester` int(11) NOT NULL
) ENGINE=InnoDB DEFAULT CHARSET=latin1;

--
-- Dumping data for table `module`
--

INSERT INTO `module` (`id`, `name`, `course`, `semester`) VALUES
(1, 'Economic Issues: An Introduction ', 8, 1),
(2, 'IT: Applications Software ', 8, 1),
(3, 'Business Accounting', 8, 1),
(4, 'Marketing: An Introduction', 8, 1),
(5, 'Business Law: An Introduction ', 8, 1),
(6, 'Managing People and Organisations', 8, 1),
(7, 'Human Resource Management', 8, 2),
(8, 'IT in Business: Spreadsheets', 8, 2),
(9, 'Communication: Business Communication', 8, 2),
(10, 'Business Contractual Relationships', 8, 2),
(11, 'Economics 1: Micro and Macro Theory and Applicatio', 8, 2),
(12, 'Business: Graded Unit 1', 8, 2),
(13, 'Manage Operational Resources', 8, 3),
(14, 'Behavioral Skills for Business', 8, 3),
(15, 'Economics 2: The World Economy', 8, 3),
(16, 'Statistics for Business', 8, 3),
(17, 'Preparing Financial Forecasts', 8, 3),
(18, 'Project Management: Managing the Implementation of', 8, 3),
(19, 'Business Culture and Strategy', 8, 4),
(20, 'Preparing Business Plan ', 8, 4),
(21, 'Information and Communication Technology in Busine', 8, 4),
(22, 'Business Graded Unit 2 ', 8, 4),
(23, 'Computer Systems Fundamentals', 7, 1),
(24, 'Mathematics for Computing 1', 7, 1),
(25, 'Developing Software: Introduction', 7, 1),
(26, 'Computer Networking: Fundamentals', 7, 1),
(27, 'Database Design Fundamentals', 7, 1),
(28, 'Professionalism and Ethics in Computing', 7, 1),
(29, 'SQL: Introduction', 7, 2),
(30, 'Software Development: Developing Websites for Mult', 7, 2),
(31, 'Troubleshooting Computer Problems', 7, 2),
(32, 'Computing: Graded Unit 1', 7, 2),
(33, 'Team Working in Computing', 7, 2),
(34, 'Team Working in Computing', 7, 2),
(35, 'Relational Database Management Systems', 7, 2),
(36, 'Software Development: OOP', 7, 3),
(37, 'Network Technology and Data Communication', 7, 3),
(38, 'Managing a Web Server', 7, 3),
(39, 'Software Development: Mobile Application Developme', 7, 3),
(40, 'Cloud Computing', 7, 3),
(41, 'Project Management for IT', 7, 4),
(42, 'E-Commerce: Publishing Websites', 7, 4),
(43, 'Ethical Hacking Fundamentals', 7, 4),
(44, 'Preparing to Start a Business', 7, 4),
(45, 'Computer Science: Graded Unit 2', 7, 4),
(46, 'Cloud Computing', 7, 4),
(47, 'Diploma English ', 3, 1),
(48, 'Diploma English ', 3, 2),
(49, 'Dual English', 5, 1),
(50, 'Entrepreneurship in Global Marketplace', 10, 2),
(51, 'Financial Strategy', 10, 2),
(52, 'Strategic Issues in HRM', 10, 2);

-- --------------------------------------------------------

--
-- Table structure for table `notification`
--

CREATE TABLE `notification` (
  `id` int(11) NOT NULL,
  `username` varchar(50) NOT NULL,
  `type` varchar(20) NOT NULL,
  `message` varchar(250) NOT NULL,
  `datetime` datetime NOT NULL,
  `status` tinyint(1) NOT NULL
) ENGINE=InnoDB DEFAULT CHARSET=utf8;

-- --------------------------------------------------------

--
-- Table structure for table `payments`
--

CREATE TABLE `payments` (
  `studentId` varchar(8) NOT NULL,
  `pplanId` int(11) NOT NULL,
  `installmentId` int(11) NOT NULL,
  `fee_type` int(11) NOT NULL,
  `amount` float NOT NULL,
  `currency` varchar(3) NOT NULL,
  `currency_amount` float NOT NULL,
  `rate` float NOT NULL,
  `type` varchar(20) NOT NULL,
  `datetime` datetime NOT NULL,
  `remarks` varchar(500) NOT NULL,
  `username` varchar(100) NOT NULL
) ENGINE=InnoDB DEFAULT CHARSET=utf8;

--
-- Dumping data for table `payments`
--

INSERT INTO `payments` (`studentId`, `pplanId`, `installmentId`, `fee_type`, `amount`, `currency`, `currency_amount`, `rate`, `type`, `datetime`, `remarks`, `username`) VALUES
('20S08001', 11, 1, 1, 15000, 'lkr', 0, 0, 'Cash', '2020-04-25 03:31:11', '', 'admin'),
('20S08001', 11, 2, 1, 30000, 'lkr', 0, 0, 'Cash', '2020-04-25 03:35:07', '', 'admin'),
('20S08001', 11, 3, 1, 30000, 'lkr', 0, 0, 'Cash', '2020-07-02 02:10:13', '', 'admin'),
('20S08002', 10, 1, 1, 15000, 'lkr', 0, 0, 'Cash', '2020-07-14 04:49:57', '', 'admin');

-- --------------------------------------------------------

--
-- Table structure for table `payment_plan`
--

CREATE TABLE `payment_plan` (
  `id` int(11) NOT NULL,
  `name` varchar(100) NOT NULL,
  `courseId` int(11) NOT NULL,
  `intakeId` int(11) NOT NULL,
  `datetime` datetime NOT NULL
) ENGINE=InnoDB DEFAULT CHARSET=utf8;

--
-- Dumping data for table `payment_plan`
--

INSERT INTO `payment_plan` (`id`, `name`, `courseId`, `intakeId`, `datetime`) VALUES
(3, 'HND Payment Plan 2', 7, 4, '2019-06-17 03:18:32'),
(5, 'HND Payment Plan', 8, 5, '2019-06-18 03:58:09'),
(6, 'Diploma in English Monthly Payments', 3, 5, '2019-06-27 04:37:27'),
(7, 'Test Clone', 3, 6, '2020-01-08 02:26:06'),
(8, 'Test Clone', 3, 6, '2020-01-08 02:27:00'),
(9, 'Bimsara', 3, 6, '2020-01-08 02:30:04'),
(10, 'Advanced Diploma in Business Full Payment', 8, 6, '2020-01-08 02:33:01'),
(11, 'AD Computing', 7, 6, '2020-04-07 01:42:47'),
(12, 'Permission check clone', 8, 6, '2020-05-03 10:22:44'),
(13, 'Test Clone 2', 8, 6, '2020-05-03 10:26:13');

-- --------------------------------------------------------

--
-- Table structure for table `permission`
--

CREATE TABLE `permission` (
  `id` int(11) NOT NULL,
  `permission` varchar(100) NOT NULL
) ENGINE=InnoDB DEFAULT CHARSET=utf8;

--
-- Dumping data for table `permission`
--

INSERT INTO `permission` (`id`, `permission`) VALUES
(1, 'View Timetable'),
(2, 'Manage Timetable'),
(3, 'Manage Users'),
(4, 'View Intakes, Targets'),
(5, 'Manage Intakes, Targets'),
(6, 'Add Inquiry'),
(7, 'Edit Inquiry'),
(8, 'Search all inquiries'),
(9, 'Add Individual Inquiry'),
(10, 'Add Payment Plans'),
(11, 'View Payment Plans'),
(12, 'Delete Payment Plan'),
(13, 'Enroll Student'),
(14, 'Modify Enrollment'),
(15, 'View Enrollments'),
(16, 'Manage Enrolled Students'),
(17, 'Collect Payments'),
(18, 'Manage Payments'),
(19, 'View Messages'),
(20, 'Add Messages'),
(21, 'Edit Messages'),
(22, 'Delete Message Template'),
(23, 'Print Student ID'),
(24, 'Mark Attendance'),
(25, 'View Individual Inquiries'),
(26, 'Delete Payments'),
(27, 'Confirm Student Enrollments'),
(28, 'Perform Batch Transfers'),
(29, 'View Reports'),
(30, 'Create Reports'),
(31, 'View Payment Plan wise Students Report'),
(32, 'Payment Outstanding Reports'),
(33, 'Payment Total Reports'),
(34, 'Manage Batch'),
(35, 'Manage Courses'),
(36, 'Manage Lecturer'),
(37, 'Manage modules'),
(38, 'Manage Branches'),
(39, 'View Attendance'),
(40, 'Manage Attendance');

-- --------------------------------------------------------

--
-- Table structure for table `pp_installment`
--

CREATE TABLE `pp_installment` (
  `id` int(11) NOT NULL,
  `name` varchar(100) NOT NULL,
  `amount` float NOT NULL,
  `currency` varchar(3) NOT NULL,
  `date` date NOT NULL,
  `pplanId` int(11) NOT NULL
) ENGINE=InnoDB DEFAULT CHARSET=utf8;

--
-- Dumping data for table `pp_installment`
--

INSERT INTO `pp_installment` (`id`, `name`, `amount`, `currency`, `date`, `pplanId`) VALUES
(1, 'Registration Fee', 15000, 'lkr', '2019-06-01', 3),
(1, 'Registration Fee', 15000, 'lkr', '2019-06-01', 5),
(1, 'Registration - Saegis Campus', 1000, 'lkr', '1970-01-01', 6),
(1, 'Registration - Saegis Campus', 1000, 'lkr', '1970-01-01', 7),
(1, 'Registration - Saegis Campus', 1000, 'lkr', '1970-01-01', 8),
(1, 'Registration - Saegis Campus', 1000, 'lkr', '1970-01-01', 9),
(1, 'Registration Fee', 15000, 'lkr', '2019-06-01', 10),
(1, 'Registration Fee', 15000, 'lkr', '2019-06-01', 11),
(1, 'Registration Fee', 15000, 'lkr', '2019-06-01', 12),
(1, 'Registration Fee', 15000, 'lkr', '2019-06-01', 13),
(2, 'Installment 1', 30000, 'lkr', '2019-06-02', 3),
(2, 'Installment 1', 150, 'gbp', '2019-06-02', 5),
(2, 'Registration - SQA', 50, 'gbp', '2019-07-21', 6),
(2, 'e', 0, 'k', '0000-00-00', 7),
(2, 'Registration - SQA', 50, 'gbp', '2019-07-21', 8),
(2, 'Registration - SQA', 50, 'gbp', '2019-07-21', 9),
(2, 'Installment 1', 150, 'gbp', '2019-06-02', 10),
(2, 'Installment 1', 30000, 'lkr', '2019-06-02', 11),
(2, 'Installment 1', 150, 'gbp', '2019-06-02', 12),
(2, 'Installment 1', 30000, 'lkr', '2019-06-02', 13),
(3, 'Installment 2', 30000, 'lkr', '2019-06-03', 3),
(3, 'Installment 2', 30000, 'lkr', '2019-12-03', 5),
(3, '01st Instalment ', 4500, 'lkr', '2019-08-10', 6),
(3, '', 0, '', '0000-00-00', 7),
(3, '01st Instalment ', 4500, 'lkr', '2019-08-10', 8),
(3, '01st Instalment ', 4500, 'lkr', '2019-08-10', 9),
(3, 'Installment 2', 30000, 'lkr', '2019-12-03', 10),
(3, 'Installment 2', 30000, 'lkr', '2019-06-03', 11),
(3, 'Installment 2', 30000, 'lkr', '2019-12-03', 12),
(3, 'Installment 2', 30000, 'lkr', '2019-06-03', 13),
(4, '02nd Instalment ', 4500, 'lkr', '2019-09-10', 6),
(4, '', 0, '', '0000-00-00', 7),
(4, '02nd Instalment ', 4500, 'lkr', '2019-09-10', 8),
(4, '02nd Instalment ', 4500, 'lkr', '2019-09-10', 9),
(5, '03rd Instalment ', 4500, 'lkr', '2019-10-10', 6),
(5, '', 0, '', '0000-00-00', 7),
(5, '03rd Instalment ', 4500, 'lkr', '2019-10-10', 8),
(5, '03rd Instalment ', 4500, 'lkr', '2019-10-10', 9),
(6, '04th Instalment ', 4500, 'lkr', '2019-11-10', 6),
(6, '', 0, '', '0000-00-00', 7),
(6, '04th Instalment ', 4500, 'lkr', '2019-11-10', 8),
(6, '04th Instalment ', 4500, 'lkr', '2019-11-10', 9),
(7, '05th Instalment ', 4500, 'lkr', '2019-12-10', 6),
(7, '', 0, '', '0000-00-00', 7),
(7, '05th Instalment ', 4500, 'lkr', '2019-12-10', 8),
(7, '05th Instalment ', 4500, 'lkr', '2019-12-10', 9),
(8, '06th Instalment ', 4500, 'lkr', '2020-01-10', 6),
(8, '', 0, '', '0000-00-00', 7),
(8, '06th Instalment ', 4500, 'lkr', '2020-01-10', 8),
(8, '06th Instalment ', 4500, 'lkr', '2020-01-10', 9);

-- --------------------------------------------------------

--
-- Table structure for table `reports`
--

CREATE TABLE `reports` (
  `id` int(11) NOT NULL,
  `reportName` varchar(100) NOT NULL,
  `query` varchar(800) NOT NULL,
  `report_from` varchar(100) NOT NULL,
  `report_order` varchar(100) NOT NULL,
  `order_type` varchar(100) NOT NULL,
  `report_group` varchar(100) NOT NULL,
  `reportType` varchar(20) NOT NULL,
  `datetime` datetime NOT NULL
) ENGINE=InnoDB DEFAULT CHARSET=utf8;

--
-- Dumping data for table `reports`
--

INSERT INTO `reports` (`id`, `reportName`, `query`, `report_from`, `report_order`, `order_type`, `report_group`, `reportType`, `datetime`) VALUES
(12, 'Students Report', '', 'course_enroll', 'student.studentId', 'ASC', 'student.studentId', 'table', '2020-05-07 11:12:54');

-- --------------------------------------------------------

--
-- Table structure for table `report_columns`
--

CREATE TABLE `report_columns` (
  `reportId` int(11) NOT NULL,
  `variable_table` varchar(120) NOT NULL,
  `column` varchar(100) NOT NULL,
  `type` varchar(100) NOT NULL
) ENGINE=InnoDB DEFAULT CHARSET=utf8;

--
-- Dumping data for table `report_columns`
--

INSERT INTO `report_columns` (`reportId`, `variable_table`, `column`, `type`) VALUES
(12, 'course', 'id', 'Dropdown'),
(12, 'student', 'studentId', 'Text');

-- --------------------------------------------------------

--
-- Table structure for table `report_join`
--

CREATE TABLE `report_join` (
  `reportId` int(11) NOT NULL,
  `table_join` varchar(200) NOT NULL,
  `column1` varchar(200) NOT NULL,
  `column2` varchar(200) NOT NULL,
  `joinType` varchar(10) NOT NULL
) ENGINE=InnoDB DEFAULT CHARSET=utf8;

--
-- Dumping data for table `report_join`
--

INSERT INTO `report_join` (`reportId`, `table_join`, `column1`, `column2`, `joinType`) VALUES
(12, 'course', 'course.id', 'course_enroll.courseId', 'Inner'),
(12, 'student', 'student.studentId', 'course_enroll.studentId', 'Inner');

-- --------------------------------------------------------

--
-- Table structure for table `report_select`
--

CREATE TABLE `report_select` (
  `reportId` int(11) NOT NULL,
  `select_column` varchar(200) NOT NULL,
  `columnAs` varchar(120) NOT NULL
) ENGINE=InnoDB DEFAULT CHARSET=utf8;

--
-- Dumping data for table `report_select`
--

INSERT INTO `report_select` (`reportId`, `select_column`, `columnAs`) VALUES
(12, 'course.name', 'courseName'),
(12, 'student.initials_name', 'initialsName'),
(12, 'student.mobile', 'mobile_number'),
(12, 'student.studentId', 'student_id'),
(12, 'student.title', 'title');

-- --------------------------------------------------------

--
-- Table structure for table `semester`
--

CREATE TABLE `semester` (
  `id` int(11) NOT NULL,
  `name` varchar(20) NOT NULL
) ENGINE=InnoDB DEFAULT CHARSET=latin1;

--
-- Dumping data for table `semester`
--

INSERT INTO `semester` (`id`, `name`) VALUES
(1, 'Semester 1'),
(2, 'Semester 2'),
(3, 'Semester 3'),
(4, 'Semester 4'),
(5, 'Semester 5'),
(6, 'Semester 6');

-- --------------------------------------------------------

--
-- Table structure for table `student`
--

CREATE TABLE `student` (
  `studentId` varchar(8) NOT NULL,
  `inquiryId` int(11) NOT NULL,
  `title` varchar(10) NOT NULL,
  `full_name` varchar(200) NOT NULL,
  `initials_name` varchar(200) NOT NULL,
  `dob` date NOT NULL,
  `gender` varchar(6) NOT NULL,
  `nic` varchar(12) NOT NULL,
  `nationality` varchar(50) NOT NULL,
  `address` varchar(300) NOT NULL,
  `city` varchar(100) NOT NULL,
  `country` varchar(100) NOT NULL,
  `mobile` int(9) NOT NULL,
  `home` int(9) NOT NULL,
  `email` varchar(100) NOT NULL,
  `schools` varchar(400) NOT NULL,
  `ol` varchar(20) NOT NULL,
  `ol_year` year(4) NOT NULL,
  `al` varchar(20) NOT NULL,
  `stream` varchar(20) NOT NULL,
  `al_year` year(4) NOT NULL,
  `other_edu` varchar(200) NOT NULL,
  `guardian_name` varchar(100) NOT NULL,
  `relationship` varchar(20) NOT NULL,
  `guardian_mobile` int(9) NOT NULL,
  `guardian_home` int(9) NOT NULL,
  `birth_certificate` tinyint(1) DEFAULT NULL,
  `ol_certificate` tinyint(1) DEFAULT NULL,
  `al_certificate` tinyint(1) DEFAULT NULL,
  `nic_copy` tinyint(1) DEFAULT NULL,
  `other_certificates` tinyint(1) DEFAULT NULL,
  `remarks` varchar(500) NOT NULL,
  `datetime` datetime NOT NULL,
  `is_valid` tinyint(1) NOT NULL DEFAULT '0',
  `image` varchar(100) NOT NULL
) ENGINE=InnoDB DEFAULT CHARSET=utf8;

--
-- Dumping data for table `student`
--

INSERT INTO `student` (`studentId`, `inquiryId`, `title`, `full_name`, `initials_name`, `dob`, `gender`, `nic`, `nationality`, `address`, `city`, `country`, `mobile`, `home`, `email`, `schools`, `ol`, `ol_year`, `al`, `stream`, `al_year`, `other_edu`, `guardian_name`, `relationship`, `guardian_mobile`, `guardian_home`, `birth_certificate`, `ol_certificate`, `al_certificate`, `nic_copy`, `other_certificates`, `remarks`, `datetime`, `is_valid`, `image`) VALUES
('18S03141', 13023, 'Miss', 'Colombage Dulani Sri Harshika Peiris', 'C D S H Peiris', '1999-05-14', 'Female', '996250754V', 'Sri Lankan', 'No.121 \"Prabhasri\", Mosque lane, Ambalanduwa', 'Panadura', 'Sri Lanka', 719020176, 382297363, 'dulanisri99@gmail.com', 'Panadura Balika M.V', '5A,B,2C,S', 2015, '3C', 'Commerce', 2018, '', 'C A S Peiris', 'Father', 715393400, 382297363, 1, 1, 1, 1, 0, '', '2019-01-31 00:00:00', 1, ''),
('18S08040', 13015, 'Mr', 'Yasith Niroshana Ginige', 'G Y Niroshana', '1997-09-10', 'Male', '972541494V', 'Sri Lankan', 'No.164 Andadola', 'Wathugedara', 'Sri Lanka', 768502210, 912253017, 'yasith.ginge19@gmail.com', 'G/Pe.De.S.Kularathne M.V', '6B,2C,S', 2019, '2B,C', 'Commerce', 2016, '', 'Sunil Piyawansa', 'Father', 713542961, 912253017, 1, 1, 1, 1, 0, '', '2019-01-31 00:00:00', 1, ''),
('18S08047', 13014, 'Mr', 'Welikannage Imansha Madhushanka', 'W I Madhushanka', '1998-07-12', 'Male', '981941764V', 'Sri Lankan', 'No.A/14, Government houses', 'Kolonnawa', 'Sri Lanka', 721765275, 0, 'i.madhushanka.712@gmail.com', 'Veluwana College', '5C,4S', 2014, 'B,2C', 'Commerce', 2017, '', 'W Wikramasinghe', 'Father', 725630063, 0, 1, 1, 1, 1, 0, '', '2019-01-31 00:00:00', 1, ''),
('18S08048', 13013, 'Mr', 'Wanni Arachchilage Sasila Vimukthi Gunasinghe Wanni Arachchi', 'W A S V G Wanni Arachchi', '1997-08-28', 'Male', '972381055V', 'Sri Lankan', 'Keselwattapitiya, Malabatuhena, Yalkubura', 'Bibile', 'Sri Lanka', 713072068, 0, 'sasilavimukthi97@gmail.com', 'MO/ Wellassa National School', 'A,B,3C,3S,W', 2013, '2C,S', 'Commerce', 2017, '', 'W A Gunasinghe', 'Father', 714621823, 0, 1, 1, 1, 1, 0, '', '2019-01-31 00:00:00', 1, ''),
('18S08072', 13004, 'Mr', 'Dewasiri Narayana Upul Maduwantha Mihiraj', 'D N U M Mihiraj', '1996-04-26', 'Male', '961170052V', 'Sri Lankan', 'No.24/1,Undurugoda', 'Polgasowita', 'Sri Lanka', 773431452, 112705197, 'dnummihiraj@gmail.com', 'Royal College-Colombo ', '9A', 2012, '3A', 'Commerce', 2015, 'Reading-IABF', 'D N R Nirosha', 'Sister', 772825005, 112705197, 1, 1, 1, 1, 0, '', '2019-01-31 00:00:00', 1, ''),
('18S08109', 13012, 'Mr', 'Praveen Aluwihare', 'P Aluwihare', '1999-06-23', 'Male', '991752951V', 'Sri Lankan', 'No.2 Sumudu place, asiri uyana', 'Katubadde', 'Sri Lanka', 722690696, 112635555, 'praveen.aluwihare.pa@gmail.com', 'St Peter,s College', '6A,3B', 2015, 'B,2C', 'Commerce', 2018, '', 'Shiran Aluwihare', 'Father', 714809802, 112635555, 1, 1, 1, 1, 0, '', '2019-01-31 00:00:00', 1, ''),
('18S08135', 13011, 'Miss', 'Ginige Keshala Ravihansi De Silva', 'G K R De Silva', '1993-03-30', 'Female', '935902541V', 'Sri Lankan', 'No.18 First lane,bellanthara rd', 'Dehiwala', 'Sri Lanka', 702771060, 112715834, 'hanz.ravi@gmail.com', 'St.Johns\' Girl\'s School,Panadura Balika Maha Vidyalaya', '4A,B,3C,S', 2009, 'C,B,2S', 'Commerce', 2012, 'DIT', 'M D D H De Silva', 'Mother', 713329211, 112715834, 1, 1, 0, 1, 0, '', '2019-01-31 00:00:00', 1, ''),
('18S08140', 13010, 'Miss', 'Samarakkodige Hashini Madara Peiris', 'S H M Peiris', '1998-08-22', 'Female', '987350865V', 'Sri Lankan', 'No.M2/16, Soysapura', 'Moratuwa', 'Sri Lanka', 766618699, 112632729, 'hashini.madara22@gmail.com', 'Musaeus College, Buddhist Girls\' College-Mt.Lavinia', '6A,2B,C', 2014, '2B,A', 'Commerce', 2017, '', 'W A S Priyanthi', 'Mother', 776141191, 112632729, 1, 1, 1, 1, 0, '', '2019-01-31 00:00:00', 1, ''),
('18S08148', 13009, 'Mr', 'Ravindu Hasaranga Anagiyadda', 'R H Anagiyadda', '1999-02-07', 'Male', '990381429V', 'Sri Lankan', 'No.2/19A Gramodaya mw, Obesekarapura', 'Rajagiriya', 'Sri Lanka', 752841593, 0, 'ravinduha075@gmail.com', 'C.W.W. Kannangara Vidyalaya, Thurstan College', '3A,5B,C', 2015, '2C,A', 'Commerce', 2018, 'Reading-AAT,SIBT,Elementary course in English', '', '', 0, 0, 1, 1, 1, 1, 1, '', '2019-01-31 00:00:00', 1, ''),
('18S08149', 13001, 'Mr', 'Rajapakshage Don Shenal Lennox Mahanama', 'R D S L Mahanama', '1999-03-04', 'Male', '990643130V', 'Sri Lankan', 'No.11/A Neelammahara rd, katuwawela', 'Boralesgamuwa', 'Sri Lanka', 766788935, 112057337, 'shenalmahanama04@gmail.com', 'St Peter,s College-Colombo', '3A,3B,2C,S', 2015, 'A,B,C', 'Commerce', 2018, '', 'Chandrika', 'Mother', 773981682, 112057337, 1, 1, 1, 1, 0, '', '2019-01-31 00:00:00', 1, ''),
('18S08151', 13008, 'Mr', 'Abenayake Mudiyanselage Buddhika Deshapriya', 'A M B Deshapriya', '2000-01-06', 'Male', '200000602443', 'Sri Lankan', 'No.292/D Pepiliyana', 'Boralesgamuwa', 'Sri Lanka', 774598115, 0, 'buddhikadeshapriya9615@gmail.com', 'St John\'s College-Nugegoda', '4A,2B,3C', 2015, '3B', 'Commerce', 2018, '', 'A M Thilakarathna', 'Father', 779488728, 0, 1, 1, 1, 1, 0, '', '2019-01-31 00:00:00', 1, ''),
('18S08152', 13007, 'Mr', 'Herath Mudiyanselage Kavishka Sulakshana Herath', 'H M K S Herath', '1996-11-19', 'Male', '963240112V', 'Sri Lankan', 'No.45/13 Mayura mw, Bellanvila', 'Boralesgamuwa', 'Sri Lanka', 779720724, 112761649, 'painlove285@gmail.com', 'St John\'s College-Nugegoda', '3A,B,5C', 2012, '3F', 'Mathematics', 2015, 'SIBT', 'Apsara Gunathilaka', 'Mother', 771771749, 112761649, 1, 1, 1, 1, 0, '', '2019-01-31 00:00:00', 1, ''),
('18S08155', 13005, 'Miss', 'Wijelath Manamala Arachchige Thilini Udeshika Madushani', 'W M A T U Madushani', '1999-01-12', 'Female', '995120496V', 'Sri Lankan', 'No.20/58, Nugagahapura,Kirulapana', 'Colombo 05', 'Sri Lanka', 771629098, 0, '', 'St Paul,s Girls\' School', '3A,3B,2C,S', 2014, 'A,B,C', 'Commerce', 2017, 'DBIT', '', 'Mother', 774537688, 0, 1, 1, 1, 1, 0, '', '2019-01-31 00:00:00', 1, ''),
('18S08163', 13000, 'Miss', 'Nipuni Maheshika Abeywickrama Gunawardana', 'N M A Gunawardana', '1996-04-14', 'Female', '966051167V', 'Sri Lankan', 'No.411/13 Abagahawaththa, Gadabuwana Rd, Miriswaththa', 'Piliyandala', 'Sri Lanka', 778122513, 112618420, 'nipunigunawardhena@gmail.com', 'St Joseph\'s Girls School', '5A,3B,1C', 2012, '3B', 'Commerce', 2016, 'AAT, CMA foundation', 'B.M. Ranawaka', 'Mother', 773734405, 112618420, 1, 1, 1, 1, 0, '', '2019-01-31 00:00:00', 1, ''),
('18S40015', 13003, 'Miss', 'Kasthuri Arachchige Dona Harshani Kavindya', 'K A D H Kavindya', '1996-02-26', 'Female', '199686103120', 'Sri Lankan', 'No.336/6 Dewala Rd, Batakeththara, Madapatha', 'Piliyandala', 'Sri Lanka', 779828947, 114905804, 'harshanikawindya96@gmail.com', 'Piliyandala Cental College', '2A,3B,4C', 2012, '2B,C', 'Commerce', 2015, '', 'K A D Anura', 'Father', 763640974, 114905804, 1, 1, 1, 1, 0, '', '2019-01-31 00:00:00', 1, ''),
('19S08001', 13058, 'Miss', 'Baminahannadige Sachini Uthpala Rathnabharathi', 'B S U Rathnabharathi', '1996-06-08', 'Female', '966600772V', 'Sri Lankan', 'No.57 Kalana,Egodauyana', 'Moratuwa', 'Sri Lanka', 774787027, 112659448, 'rathnabharathiuthpala@gmail.com', 'Princess of Wales\' College', '4A,3B,2C', 2012, 'B,2C', 'Commerce', 2015, '', 'T Thushari Indika ', 'Mother', 774171902, 112659448, 1, 1, 1, 1, 0, '', '2019-01-31 00:00:00', 1, ''),
('19S08003', 13056, 'Miss', 'Roshani Shanmugalingam', 'S.Roshani', '1995-07-11', 'Female', '956932211V', 'Sri Lankan', 'No.AG/5 St.Sebastian street', 'Colombo-12', 'Sri Lanka', 776260898, 112339493, 'roshanishanmugam@gmail.com', 'Good Sheperd Convent', 'A,4B,2C,S', 2011, '2C,S', 'Commerce', 2014, 'Diploma in Jornalism', 'Mary Margret', 'Mother', 764572361, 112339493, 1, 1, 1, 1, 0, '', '2019-01-31 00:00:00', 1, ''),
('19S08004', 13055, 'MR', 'Uvin Vindula Thalagala', 'U V Thalagala', '1995-09-22', 'Male', '952662740V', 'Sri Lankan', 'No.84/Egodawatte, Ambalangoda', 'Polgasowita', 'Sri Lanka', 704444556, 112705118, 'uvinvt@gmail.com', 'Ananda College', '3A,5B,C', 2011, '3S', 'Commerce', 2014, '', 'Udeni Thalagalaarachchi', 'Mother', 715351126, 112705118, 1, 1, 1, 1, 1, '', '2019-01-31 00:00:00', 1, ''),
('19S08005', 13054, 'Mr', 'Supun Randima Hettiarachchi', 'H A S Randima', '1992-03-11', 'Male', '920712240V', 'Sri Lankan', 'No.142/1 Kohilawatta', 'Angoda', 'Sri Lanka', 762171741, 112578020, 'usupun.randima049@gmail.com', 'Veluwana College', 'A,B,C,4S,2W', 2008, '', '', 2012, 'Diploma in Japanese,Diploma in Computer Studies-siksil', 'Sudantha Hettiarachci', 'Father', 775749663, 112578020, 1, 1, 0, 1, 1, '', '2019-01-31 00:00:00', 1, ''),
('19S08006', 13053, 'Mr', 'Michael Harith Rukshika Perera', 'M H R Perera', '1996-06-16', 'Male', '961681693V', 'Sri Lankan', 'No.26/1 Main Street ', 'Moratuwa', 'Sri Lanka', 773286306, 112645192, 'rukshika16@gmail.com', 'St Thomas\' College-Mt Lavinia', '2A,2B,4C,S', 2012, '2C,S', 'Commerce', 2015, 'Reading-IABF', 'Heshan Perera', 'Father', 773580512, 112645192, 1, 1, 1, 1, 0, '', '2019-01-31 00:00:00', 1, ''),
('19S08007', 13052, 'Miss', 'Ahangama Liyanage Don Ridmi Pinsirini', 'A L D R Pinsirini', '1996-07-23', 'Female', '967050148V', 'Sri Lankan', 'No.525 1/A Anura mw, Hokandara North', 'Horakandara', 'Sri Lanka', 779255974, 112562712, 'liyanageridmi@gmail.com', 'Sri Rahula Balika M.V', '3A,2B,4C', 2012, '2C,S', 'Commerce', 2015, 'PCM Qualified-SLIM, English Language Course-BC,Diploma in English-Saegis', '', 'Father', 779529766, 0, 1, 1, 1, 1, 1, '', '2019-01-31 00:00:00', 1, ''),
('19S08008', 13051, 'Mr', 'Ruchira Sirimal Perera', 'R S Perera', '1998-08-01', 'Male', '199821401010', 'Sri Lankan', 'No.38 Central rd, Thalpitiya north', 'Wadduwa', 'Sri Lanka', 773389900, 0, 'ruchirasirimal456@gmail.com', 'Royal College-Panadura', '2A,3B,3S,W', 2015, '3S', 'Commerce', 2017, '', 'Thanuja Perera', 'Mother', 768333906, 0, 1, 1, 1, 1, 0, '', '2019-01-31 00:00:00', 1, ''),
('19S08009', 13050, 'Miss', 'Withanayaka Arachchige Piumi Prathiba Ransinee Withanyaka', 'W A P P R Withanayaka', '1998-12-14', 'Female', '199884910345', 'Sri Lankan', 'No.8/4C Rajamawatha', 'Pitakotte', 'Sri Lanka', 766491998, 0, 'piuwithanayake@gmail.com', 'Samudra devi balika-nugegoda,Kotte Ananda Balika M.V', '3A,3B,2C,S', 2014, 'B,2C', 'Commerce', 2017, '', 'W A Bandula Dayanath Withanayake', 'Father', 725320349, 0, 1, 1, 1, 1, 0, '', '2019-01-31 00:00:00', 1, ''),
('19S08012', 13048, 'Mr', 'Nisal Abeysekara', 'N Abeysekara', '1999-12-04', 'Male', '199933912955', 'Sri Lankan', 'No.58/14/I Neelammahara rd, Godigamuwa', 'Maharagama', 'Sri Lanka', 705874502, 0, 'nisal.abey246@gmail.com', 'Colombo South International College', '6A,B,2C', 2014, '', 'Biology', 2018, '', 'Suresh Abeysekara', 'Father', 714004404, 0, 1, 1, 1, 1, 0, '', '2019-01-31 00:00:00', 1, ''),
('19S08014', 13047, 'Mr', 'Pinnawalawaththage Don Kevin Thilanka', 'P D K Thilanka', '1999-06-25', 'Male', '991773037V', 'Sri Lankan', 'No.15/A Senasungoda', 'Pugoda', 'Sri Lanka', 775730764, 112405201, 'kevinthilanka@icloud.com', 'Bandaranayake College, Gampaha', '2A,4B,3C', 2015, 'C,2S', 'Commerce', 2018, '', 'S M D Inoka', 'Mother', 717611780, 112405201, 1, 1, 1, 1, 0, '', '2019-01-31 00:00:00', 1, ''),
('19S08015', 13046, 'Miss', 'Wanikasekara Mudiyanselage Koswetiya Walawwe Nethmali Imalka', 'W M K W N Imalka', '1998-12-31', 'Female', '988662020V', 'Sri Lankan', 'No.57/F/14 Dimuthu mw', 'Kalagedihena', 'Sri Lanka', 710766454, 332294471, 'nethmaliimalka20@gmail.com', 'WP/GM/Dharmashoka M.V', '2B,4C,3S', 2014, '3C', 'Commerce', 2017, 'Media Course Unit', '', 'Uncle', 770066974, 0, 1, 1, 1, 1, 0, '', '2019-01-31 00:00:00', 1, ''),
('19S08016', 13045, 'Miss', 'Kapugama Geeganage Binuri Dileka', 'K G B Dileka', '1997-02-05', 'Female', '975362400V', 'Sri Lankan', 'No.79 Siddamulla', 'Piliyandala', 'Sri Lanka', 771254066, 0, 'binugeeganage@gmail.com', 'Sujatha Vidyalaya, Nugegoda', '5A,B,2C,S', 2013, '2C,S', 'Commerce', 2016, '', 'Chulani Chithralatha Walpitagama', 'Mother', 728748040, 0, 1, 1, 0, 1, 0, '', '2019-01-31 00:00:00', 1, ''),
('19S08017', 13044, 'Miss', 'Wellahewage Sewwandi Sakunthala Nanayakkara', 'W S S Nanayakkara', '1999-02-09', 'Female', '995400421V', 'Sri Lankan', 'No.58/13, 2nd Avenue, Malapana', 'Homagama', 'Sri Lanka', 764184392, 112895977, 'sewwandinana99@gmail.com', 'St Joseph\'s Girls School', '3A,2B,4C', 2015, '2C,S', 'Commerce', 2018, '', 'W Sarath Nanayakkara', 'Father', 776107125, 112895977, 1, 1, 1, 1, 0, '', '2019-01-31 00:00:00', 1, ''),
('19S08018', 13043, 'Mr', 'Jayasinghe Pathiranage Yasiru Kavinda Jayathunge', 'J P Y K Jayathunge', '1999-07-12', 'Male', '991941436V', 'Sri Lankan', 'No.C/2/8, Soyzapura flats,Soyzapura', 'Moratuwa', 'Sri Lanka', 711579021, 112635405, 'yasirukavind837@gmail.com', 'Thurstan College', '4A,4B,C', 2015, 'C,2S', 'Commerce', 2018, '', 'Wasanthi Wickramarathne', 'Mother', 711531134, 112635405, 1, 1, 1, 1, 0, '', '2019-01-31 00:00:00', 1, ''),
('19S08019', 13042, 'Miss', 'Saunda Hannadige Eshani Chamathka', 'S H Eshani Chamathka', '1999-08-20', 'Female', '199973302105', 'Sri Lankan', 'No.64 Kottawa rd, Miriswatta', 'Piliyandala', 'Sri Lanka', 711680766, 112618589, 'shsfashions@gmail.com', 'Brisbane International School,Sujatha V.-Nugegoda', '6A,3B', 2015, '2S,F', 'Biology', 2018, '', 'Jayanthi Punchihewa', 'Mother', 702176249, 112618589, 1, 1, 1, 1, 0, '', '2019-01-31 00:00:00', 1, ''),
('19S08020', 13041, 'Mr', 'Wickramakankanamlage Don Lasith Manohara', 'W K D Lasith Manohara', '1996-03-16', 'Male', '960760425V', 'Sri Lankan', 'No.1072/1/A Liyanagoda', 'Pannipitiya', 'Sri Lanka', 778837160, 112896466, 'manoharalasith@gmail.com', 'Kottawa Dharmapala College,Thurstan College', '5A,2B,2C', 2012, '2S', 'Commerce', 2015, '', 'Palitha Manohara', 'Father', 775061621, 112896466, 1, 1, 1, 1, 0, '', '2019-01-31 00:00:00', 1, ''),
('19S08021', 13040, 'Mr', 'Mohomed Hussain Fazil Fareez', 'M H Fazil Fareez', '1996-06-13', 'Male', '9676504960V', 'Sri Lankan', 'No.31 Nelson Place', 'Colombo -06', 'Sri Lanka', 750351049, 115613545, 'fazilfareez14@gmail.com', 'Isipathana College', '5A,3B,1C', 2012, '3S', 'Biology', 2015, '', 'Sitty Rizwi Fareez', 'Mother', 0, 115613545, 1, 1, 1, 1, 0, '', '2019-01-31 00:00:00', 1, ''),
('19S08022', 13039, 'Mr', 'Angage Himasu Chamath Perera', 'A H C Perera', '1995-06-02', 'Male', '199551540091', 'Sri Lankan', 'No.17/1 Mendis wedha mw, Thalpitiya North', 'Wadduwa', 'Sri Lanka', 774241668, 0, 'himasu123@gmail.com', 'Sri Sumangala College, Panadura', '6A,B,C,S', 2011, '3S', 'Bio-Tech', 2015, 'Diploma in HRM', 'Rashmi Hettihamu', 'Mother', 717700306, 0, 1, 1, 1, 1, 1, '', '2019-01-31 00:00:00', 1, ''),
('19S08023', 13038, 'Mr', 'Kalu Arachchige Thejana Vindula Dharmappriya', 'K A T V Dharmappriya', '1996-10-15', 'Male', '962891225V', 'Sri Lankan', 'No.56/1 Kawudana Rd, Atthidiya ', 'Dehiwala', 'Sri Lanka', 775282264, 112712144, 'tvdharmappriya123@gmail.com', 'Isipathana College', '2A,2B,4C,S', 2012, '2S,F', 'Commerce', 2015, '', 'Inoka Samarapathi', 'Mother', 756870861, 112712144, 1, 1, 1, 1, 0, '', '2019-01-31 00:00:00', 1, ''),
('19S08024', 13037, 'Mr', 'Kottawatte Hewage Nadun Madushanka', 'K H N Madushanka', '1998-11-13', 'Male', '973181319V', 'Sri Lankan', 'No.304/10 \'Nadun\' pelenwatte ', 'Pannipitiya', 'Sri Lanka', 728212200, 112746966, 'g9838.nadun@gmail.com', 'Science College,Mt Lavinia', '2A,2B,2C,2S,W', 2013, 'B,C,F', 'Commerce', 2016, '', 'K H S Prasanne', 'Father', 778765190, 112746966, 1, 1, 1, 1, 0, '', '2019-01-31 00:00:00', 1, ''),
('19S08025', 13036, 'Miss', 'Dissanayaka Mudiyanselage Sachini Nawanjalie Kumarasinghe', 'D M S N Kumarasinghe', '1994-10-10', 'Female', '997121392V', 'Sri Lankan', '\"Sethsirisewana\",Maduwelkotunna,Kalawila', 'Beruwala', 'Sri Lanka', 779054196, 344915577, 'n.kmadagoda@gmail.com', 'C.W.W. Kannangara Vidyalaya', '7A,2B', 2015, '3C', 'Commerce', 2018, '', 'M D Niranjala Nyana', 'Mother', 763627433, 344915577, 1, 1, 1, 1, 0, '', '2019-01-31 00:00:00', 1, ''),
('19S08026', 13035, 'Miss', 'Naida Baduge Warushi Lasantha', 'N B Warushi Lasantha', '1994-10-10', 'Female', '947843770V', 'Sri Lankan', 'No.14/3,Polhena, Madapatha', 'Piliyandala', 'Sri Lanka', 766802475, 112052735, 'warushi1994@gmail.com', 'Sujatha Vidyalaya, Nugegoda', 'B,3C,4S,W', 2010, 'C,2S', 'Art', 2014, 'English Diploma,IT Diploma,Law Diploma', 'O K Rupasinghe', 'Mother', 764674340, 112052735, 1, 1, 1, 1, 1, '', '2019-01-31 00:00:00', 1, ''),
('19S08027', 13034, 'Miss', 'Sudasinghe Lokumahathmayage Hasini Manoja Jayasekara', 'S L H M Jayasekara', '1996-09-29', 'Female', '967730416V', 'Sri Lankan', 'No.397/3 Weera mw, Deepanama', 'Pannipitiya', 'Sri Lanka', 776280344, 0, 'hashini96929@gmail.com', 'R/Kahawatta Central College', ' A,B,4C,2S', 2012, 'B,2C', 'Art', 2016, 'Diploma in English,IT,Japanese', 'S L Wimalarathna', 'Father', 715240465, 0, 1, 1, 1, 1, 1, '', '2019-01-31 00:00:00', 1, ''),
('19S08028', 13033, 'Miss', 'M Dilshani Kaushalya Costha', 'M D K Costha', '1998-02-13', 'Female', '985440077V', 'Sri Lankan', 'No.86/12/D I Jothipala mw', 'Malabe', 'Sri Lanka', 762012715, 0, 'dilshanikaushalya867@gmail.com', 'Sri Rahula Balika M.V', 'A,B,6C,S', 2014, 'B,C,S', 'Art', 2018, '', '', 'Mother', 762012715, 0, 1, 1, 1, 1, 0, '', '2019-01-31 00:00:00', 1, ''),
('19S08029', 13032, 'Miss', 'Kakgoda Don Theja Kavindi Dilhara Thanthirige', 'K D T K D Thanthirige', '1999-04-08', 'Female', '995990458V', 'Sri Lankan', 'No.73/1 Hampden lane', 'Wellawatta', 'Sri Lanka', 763903403, 112500126, 'firefox99@gmail.com', 'St Lawrene\'s Convent', '3A,3B,3C,', 2015, 'B,2C', 'Commerce', 2018, '', 'E S M Gunawardena', 'Mother', 756538110, 112500126, 1, 1, 1, 1, 0, '', '2019-01-31 00:00:00', 1, ''),
('19S08030', 13031, 'Mr', 'Yahampath Arachchige Milindu Panduka', 'Y A M Panduka', '1996-10-09', 'Male', '962832059V', 'Sri Lankan', 'No.111 Sunethradevi rd, Kohuwala', 'Nugegoda', 'Sri Lanka', 710133491, 0, 'pandukayahampath@gmail.com', 'St John\'s College-Nugegoda', '2A,3B,4C', 2012, 'B,2C', 'Commerce', 2015, 'AAT(Stage-1),Dip. In english', 'E K A P Prabashini', 'Mother', 718044981, 0, 1, 1, 1, 1, 1, '', '2019-01-31 00:00:00', 1, ''),
('19S08032', 13029, 'Mr', 'Hansaja Hemsara Mudalige', 'H H Mudalige', '1999-06-16', 'Male', '199916810546', 'Sri Lankan', 'No.530 Nawala Rd', 'Rajagiriya', 'Sri Lanka', 779883866, 0, 'hansajamudalige@gmail.com', 'Gateway College', '3B,3C,3D,E', 2016, 'C,D', 'Commerce', 2018, '', '', 'Mother', 777788766, 0, 1, 1, 1, 1, 0, '', '2019-01-31 00:00:00', 1, ''),
('19S08033', 13028, 'Mr', 'Gamage Daham Dhananja Perera', 'G D D Perera', '1998-08-15', 'Male', '982282101V', 'Sri Lankan', 'No.98/A Mahabellana, Welithudawatta', 'Alubomulla', 'Sri Lanka', 769292943, 382246231, 'dahamgamage@300gmail.com', 'Bandaragama Cental College', '3A,B,2C,3S', 2014, 'B,C,F', 'Commerce', 2017, '', 'Pathma Rohini', 'Mother', 779808319, 382246231, 1, 1, 1, 1, 0, '', '2019-01-31 00:00:00', 1, ''),
('19S08034', 13027, 'Mr', 'Malnaidalage Anton Kavishka Gimhana', 'm A K G Fernando', '1999-12-07', 'Male', '19S08034', 'Sri Lankan', 'No.242/E, Jaya mw', 'Uswetakiyawa', 'Sri Lanka', 752375997, 113113705, 'antongimhan@gmail.com', 'Loyola College, Negombo', 'A,6C,2S', 2015, '2C,2S', 'Commerce', 2018, '', 'W A D Grace Jacintha', 'Mother', 0, 113113705, 1, 1, 0, 0, 0, '', '2019-01-31 00:00:00', 1, ''),
('19S08035', 13026, 'Miss', 'Wijawardhana Don Gayashi Lakprabha Nanayakkara', 'W D G L Nanayakkara', '1999-09-22', 'Female', '997663640V', 'Sri Lankan', 'No.95/1B, Station Rd, Bandara batawela', 'Bemmulla', 'Sri Lanka', 752090130, 335685525, 'gashinanayakkara@gmail.com', 'Yasodara V,Rathnawali B.V- Colombo', '3A,2B,4C', 2015, '2C,S', 'Commerce', 2018, 'English course,CAIT', 'K P Wasantha Lalani', 'Mother', 769303620, 335685525, 1, 1, 1, 1, 0, '', '2019-01-31 00:00:00', 1, ''),
('19S08036', 13025, 'Miss', 'Dhananja Tharushi Mitraratne', 'D T Mitraratne', '1997-07-10', 'Female', '976920376V', 'Sri Lankan', 'No.6/2 Morendha', 'Kesbewa', 'Sri Lanka', 702335523, 112602781, 'dhananjamitraratne@yahoo.com', 'Musaeus College', '6B,2C,S', 2013, 'C,2S', 'Art', 2016, 'Bsc in BM(hons)-sem1&2', 'Nimali Nandhika', 'Mother', 776046423, 112602781, 1, 1, 1, 1, 1, '', '2019-01-31 00:00:00', 1, ''),
('19S08037', 13024, 'Miss', 'Muthumadinage Layanga Chamodi Fernando', 'M L C Fernando', '1998-12-02', 'Female', '988372242V', 'Sri Lankan', 'No.98/25 Wendiswatta, Madapatha', 'Piliyandala', 'Sri Lanka', 761762380, 112706256, 'layangachamodi@gmail.com', 'Buddhist Ladies College', 'B,3C,3S', 2014, '2C,S', 'Commerce', 2017, '', 'M D S Fernando', 'Father', 774715434, 112706256, 1, 1, 1, 1, 0, '', '2019-01-31 00:00:00', 1, ''),
('19S08041', 13022, 'Mr', 'Amila Udayanga Wijethunga', 'A U Wijethunga', '1999-05-15', 'Male', '991362630V', 'Sri Lankan', 'No.30/A Ytalathissa mw, Sinharamulla', 'Kelaniya', 'Sri Lanka', 765366992, 0, 'amilaudayangawijethunga123@gmail.com', 'Sri Dharmaloka M.M.V', '2A,3C,4S', 2015, '3S', 'Commerce', 2018, '', 'Sunil Wijethunga', 'Father', 716190175, 0, 1, 1, 1, 1, 0, '', '2019-01-31 00:00:00', 1, ''),
('19S08042', 13021, 'Miss', 'Uluvitage Nanayakkara Manisha', 'U N Manisha', '1999-12-08', 'Female', 'YB3103966', 'Italian', 'No.78 Bodhiya rd, Mirihana ', 'Nugegoda', 'Sri Lanka', 779513121, 112778366, 'uluvitigemanisha@gmail.com', '', '', 0000, '82%', '', 2018, '', 'Inoka Amarathunga', 'Aunty', 77755295, 112778366, 1, 0, 1, 1, 0, '', '2019-01-31 00:00:00', 1, ''),
('19S08043', 13020, 'Miss', 'Ishadi Hasna Imara Hassan', 'I H I Hassan', '1999-04-23', 'Female', '996741241V', 'Sri Lankan', 'No.176/18 Galkanuwa rd, Gorakana', 'Keselwatta', 'Sri Lanka', 765842285, 382287007, 'ishadihasna716@gmail.com', 'St John\'s Girls\' School- panadura, Panadura Balika M.V', '6A,3B', 2015, '2B,C', 'Commerce', 2018, '', 'Hassan Farook', 'Father', 765842285, 382287007, 1, 1, 1, 1, 0, '', '2019-01-31 00:00:00', 1, ''),
('19S08044', 13019, 'Miss', 'Hettiyakandage Rashmi Dananjana Fernando', 'H R D Fernando', '1998-04-04', 'Female', '985950989V', 'Sri Lankan', 'No.23 Newton I De Silva mw, Willorawatte', 'Moratuwa', 'Sri Lanka', 766729168, 112650230, 'hrdfernando98@gmail.com', 'Bishop\'s College', '6A,B,C,S', 2014, '2C,S', 'Commerce', 2017, '', 'Deepika Peiris', 'Mother', 774461214, 112650230, 1, 1, 1, 1, 0, '', '2019-01-31 00:00:00', 1, ''),
('19S08045', 13018, 'Miss', 'Fonseka Manannaidelage Shalika Hansini', 'M S H Fonseka', '1998-02-13', 'Female', '975443213V', 'Sri Lankan', 'No.228/3 Ethgala rd, Kandawala', 'Katana', 'Sri Lanka', 766408153, 315614262, 'hansinifonseka123@gmail.com', 'Ave Maria Convent', '7A,2B', 2013, 'A,2B', 'Commerce', 2016, 'AAT,Diploma in computer(IT)', 'M J H W Fonseka', 'Father', 774000343, 315614262, 1, 1, 1, 1, 1, '', '2019-01-31 00:00:00', 1, ''),
('19S08046', 13017, 'Mr', 'Wanniarachchi Kankanamge Sathira Dinara', 'W A K Sathira Dinara', '1998-10-31', 'Male', '983051316V', 'Sri Lankan', 'No.335/A Hokandara North', 'Hokandara', 'Sri Lanka', 717116871, 112560510, 'sathiradinara123@gmail.com', 'President\'s College Kotte,Isipathana College', '3A,3B,3C,', 2014, '2B,C', 'Commerce', 2017, '', 'H M Champika Dilrukshi', 'Mother', 0, 112560510, 1, 1, 1, 1, 0, '', '2019-01-31 00:00:00', 1, ''),
('19S08047', 13016, 'Miss', 'Ranmini Tamali Wickramasinghe', 'R T Wickramasinghe', '1998-09-23', 'Female', '987672811V', 'Sri Lankan', 'No.27 Kopikawaththa rd, Kesbawa', 'Piliyandala', 'Sri Lanka', 757040532, 112617606, 'ranminitamali@gmail.com', 'Piliyandala Cental College', '2A,4B,C,2S', 2014, 'B,2S', 'Commerce', 2017, '', 'U R Wickramasinghe', 'Father', 711313178, 112617606, 1, 1, 1, 1, 0, '', '2019-01-31 00:00:00', 1, ''),
('19S08099', 13087, 'Mr', 'Sachithra Saranga Siriwardhana', 'S S Siriwardhana', '1999-07-07', 'Male', '991891994V', 'Sri Lankan', 'No.47/1C Mavithara', 'Piliyandala', 'Sri Lankan', 777229438, 112601050, 'sachithrasaranga4@gmail.com', 'St John\'s College', '3B,3C,3S', 2015, 'A,B,S', 'Commerce', 2018, '', 'Priyantha Siriwardhana', 'Father', 777229438, 112601050, 1, 1, 1, 1, 0, '', '2019-01-31 00:00:00', 1, ''),
('19S08100', 13086, 'Mr', 'Weerasinghe Kuruppu Arachchilage Don Janith Madushanka Weerasinghe', 'W K A D J M Weerasinghe', '1996-09-25', 'Male', '962691951V', 'Sri Lankan', 'No.1118/2/1, Dhammodaya mw, Mihindupura', 'Battaramulla', 'Sri Lankan', 774815939, 0, 'janithweerasinghe@gmail.com', 'President\'s College Kotte', '2B,5C,2S', 2012, '3S', 'Commerce', 2015, 'Diploma in English', 'Asanka Tilan', 'Father', 715798395, 0, 1, 1, 1, 1, 0, '', '2019-01-31 00:00:00', 1, ''),
('19S08101', 13085, 'Miss', 'Dompe Acharige Nikini Maheesha', 'D A N Maheesha', '1998-01-07', 'Female', '199850710094', 'Sri Lankan', 'No.134/D2,A,Thalangama south,Ruhunupura', 'Battaramulla', 'Sri Lankan', 752337477, 0, 'nmahesha263@gmail.com', 'Ananda Balika Vidyalaya-kotte', '3A,2B,2C,2S', 2013, 'A,2C', 'Art', 2016, 'Diploma in IT', 'Priyantha Niroshan', 'Father', 785562476, 0, 1, 1, 1, 1, 0, '', '2019-01-31 00:00:00', 1, ''),
('19S08102', 13084, 'Mr', 'Hashan Clement Anthony Fernando', 'H C A Fernando', '1999-03-16', 'Male', '990764824v', 'Sri Lankan', 'No.30/10,Mallika lane', 'Col-06', 'Sri Lankan', 713554381, 112598010, 'clementfernando72@gmail.com', 'St Peter\'s College-Col 4', '4A,B,3C,S', 2015, 'C,B,S', 'Commerce', 2018, '', 'Carmen Fernando', 'Mother', 722800216, 112598010, 1, 1, 1, 1, 0, '', '2019-01-31 00:00:00', 1, ''),
('19S08104', 13082, 'Miss', 'Rathnayakage Madusha Sewwandi Rathnayaka', 'R M S Rathnayake', '1997-10-21', 'Female', '977950759V', 'Sri Lankan', 'No.68,Dombawala', 'Udugampola', 'Sri Lankan', 717169707, 0, 'sewwandirathnayake1997@gmail.com', 'Galahitiyawa Central College', '2A,4B,2C', 2013, '2B,C', 'Commerce', 2016, '', '', 'Mother', 762427836, 0, 1, 1, 1, 1, 0, '', '2019-01-31 00:00:00', 1, ''),
('19S08105', 13081, 'Mr', 'Hetti Arachchige Nimesh Hansajith Manujaya', 'H A N H Manujaya', '1999-01-08', 'Male', '199900810960', 'Sri Lankan', 'No.181/5, Suduwella,Kaluaggala', 'Hanwella', 'Sri Lankan', 729018537, 352255167, 'nimeshhettiarachchi99@gmail.com', 'St Joseph\'s College-Col 10', '6A,2B,C', 2014, 'A,C,B', 'Commerce', 2017, '', 'W K D O Niroja', 'Mother', 712160441, 352255167, 1, 1, 1, 1, 1, '', '2019-01-31 00:00:00', 1, ''),
('19S08106', 13080, 'Miss', 'Mathara Bandaralage Sewwandi Dinusha Manohari ', 'M B S D Manohari', '1996-07-06', 'Female', '966880627V', 'Sri Lankan', 'No.49/56A, 3rd Lane, Ramanayake rd', 'Hokandara(south)', 'Sri Lankan', 770758223, 0, 'dinushamanohari9496@gmail.com', 'Ananda Balika Vidyalaya- Kotte', '3A,4B,2C', 2012, 'A,2B', 'Commerce', 2015, 'Diploma in Business IT', 'Shama Samarasinghe', 'Mother', 719053045, 0, 1, 1, 1, 1, 1, '', '2019-01-31 00:00:00', 1, ''),
('19S08107', 13079, 'Miss', 'Kasuni Nimeshika Vandort', 'K N Vandort', '1994-06-01', 'Female', '946531472V', 'Sri Lankan', 'No.335, Bathalahena watta, Gonawala', 'Kelaniya', 'Sri Lankan', 716575302, 0, 'kasunivandort52@gmail.com', 'Ananda Balika Vidyalaya,Helena Balika Vidyalaya', 'A,2B,5C,S', 2010, 'B,C,S', 'Commerce', 2013, 'Certificate in Banking&Finance', 'Rohan Plaitha Vandort', 'Father', 719155160, 0, 1, 1, 1, 1, 0, '', '2019-01-31 00:00:00', 1, ''),
('19S08109', 13078, 'Miss', 'Palliya Guruge Chathurika Kithsarini Srinayaka', 'P G C K Srinayaka', '1999-08-11', 'Female', '997242130V', 'Sri Lankan', 'No.91/5,Parakrama mw, Thalahena', 'Malabe', 'Sri Lankan', 778285203, 112741901, 'chathurikakithsarini2@gmail.com', 'Janadhipathi Balika Vidyalaya', '5A,B,3C', 2015, '2C,S', 'Commerce', 2018, '', 'S P G Geethananda', 'Father', 718614397, 112741901, 1, 1, 1, 1, 0, '', '2019-01-31 00:00:00', 1, ''),
('19S08111', 13077, 'Miss', 'Udeni Elwitigala', 'U Elwitigala', '1989-12-11', 'Female', '898462552V', 'Sri Lankan', 'No.123/1A, Old rd', 'Pannipitya', 'Sri Lankan', 716881567, 0, 'udenielwitigala89@gmail.com', 'Mahamaya Girls\' School', '2A,3B,4C,S', 2005, '', '', 0000, 'Diploma in English,IT ,Advanced Diploma in IT', 'Anula Elwitigala', 'Mother', 715202340, 0, 1, 1, 0, 1, 1, '', '2019-01-31 00:00:00', 1, ''),
('19S08113', 13076, 'Miss', 'Elibichchi Ralalage Chathushika Sandarenu', 'E R C Sandarenu', '1998-11-20', 'Female', '988251917V', 'Sri Lankan', 'No.42/Katukurunda watta Halpe', 'Mirigama', 'Sri Lankan', 710635178, 0, 'chathusandarenu9@gmail.com', 'D S Senanayake College-Mirigama', '3A,2B,2C,S', 2014, '2B,C', 'Commerce', 2017, '', 'E R Ariyarathne', 'Father', 779529507, 0, 1, 1, 1, 1, 0, '', '2019-01-31 00:00:00', 1, ''),
('19S08114', 13075, 'Mr', 'Kahavita Arachchige Thilina Prabath Dhananjaya', 'K A T P Dhananjaya', '1996-04-22', 'Male', '961133130V', 'Sri Lankan', 'No.139/20, Thalehena', 'Malabe', 'Sri Lankan', 717085446, 0, 'dhananjayakahavita@gmail.com', 'Model School Malabe', 'A,5B,3C', 2012, 'A,2C', 'Commerce', 2015, '', 'K A Sachinthana', 'Sister', 702951226, 0, 1, 1, 1, 1, 0, '', '2019-01-31 00:00:00', 1, ''),
('19S08115', 13074, 'Miss', 'Navimana Mudalige Kavindu Lakshan Sachintha Wickramasinghe', 'N M K L S Wickramasinghe', '1997-04-08', 'Male', '970990887V', 'Sri Lankan', 'No.393/1, Weliwala rd, Kotikawatta', 'Angoda', 'Sri Lankan', 772940240, 0, 'lakshanwic66@gmail.com', 'President\'s College Kotte', '4C,5S', 2013, 'C,2S', 'Commerce', 2016, 'NVQ-L4', 'Sanath', 'Father', 777958368, 112569392, 1, 1, 1, 1, 0, '', '2019-01-31 00:00:00', 1, ''),
('19S08116', 13073, 'Miss', 'Madiwela Liyanage Yeresha Lavanthi', 'M L Y Lavanthi', '1997-10-07', 'Female', '977811538V', 'Sri Lankan', 'No.391/6 Sirimavo Bandaranayake', 'Col-14', 'Sri Lankan', 714813434, 0, 'yereshalavanthi@gmail.com', 'Sirimawo Bandaranayake Vidyalaya', '2A,B,4C,S', 2013, '3C', 'Commerce', 2017, '', 'Malani Nanayakkara', 'Mother', 718218834, 0, 1, 1, 1, 1, 0, '', '2019-01-31 00:00:00', 1, ''),
('19S08117', 13072, 'Mr', 'Mathara Kiriliyanage Tharusha Thivanka Wijesiri', 'M K T T Wijesiri', '1998-02-06', 'Male', '980371271V', 'Sri Lankan', 'No.216/1C,Dhammaratne rd,Madiwela', 'Kotte', 'Sri Lankan', 729217004, 0, 'tharushthivanka@gmail.com', 'Thurstan College', '2A,3B,4C', 2014, '2S,F', 'Commerce', 2017, 'Diploma in English,IT,PCM', 'Chandani Perera', 'Mother', 762290111, 0, 1, 1, 1, 1, 0, '', '2019-01-31 00:00:00', 1, ''),
('19S08118', 13071, 'Miss', 'Sulakshani Akila Kandegedara', 'S A Kandegedara', '1999-10-11', 'Female', '997852087V', 'Sri Lankan', 'No.17A, Church Rd', 'Wattala', 'Sri Lankan', 704434380, 0, 'akilasulakshani1999@mail.com', 'C/Clifton Balika Vidyalaya', '3A,2B,2C,2S', 2015, 'C,2S', 'Commerce', 2018, '', 'K M Prasangani', 'Mother', 769764043, 0, 1, 1, 1, 1, 0, '', '2019-01-31 00:00:00', 1, ''),
('19S08119', 13070, 'Miss', 'Darshika Loreain Perumal', 'D L Perumal', '1998-08-20', 'Female', '987331496V', 'Sri Lankan', 'No.586, Sama Uyana rd, Duwa temple Rd', 'Kaluthara south', 'Sri Lankan', 764189879, 0, 'darshikaloreain@gmail.com', 'Holy Family Convent-Kalutara', '6A,2B,C', 2014, 'A,2B', 'Art', 2017, 'Diploma in IR', 'Ann Danial', 'Mother', 717600054, 0, 1, 1, 1, 1, 0, '', '2019-01-31 00:00:00', 1, ''),
('19S08120', 13069, 'Miss', 'Deyalage Dona Ishani Sewwandi', 'D D I Sewwandi', '1994-11-13', 'Female', '948183633V', 'Sri Lankan', 'No.328/2, Dewala rd, Batakettara', 'Piliyandala', 'Sri Lankan', 766975736, 0, 'ishanideyalage94@gmail.com', 'Samudra Devi Balika Vidyalaya', '3A,B,4C,S', 2010, '2C,S', 'Commerce', 2013, '', 'D D Ananda', 'Father', 775370136, 0, 1, 1, 1, 1, 0, '', '2019-01-31 00:00:00', 1, ''),
('19S08121', 13068, 'Miss', 'Kuruppu Arachchige Nimasha Priyabhashini', 'K A N Priyabhashini', '1995-03-29', 'Female', '955890981V', 'Sri Lankan', 'No.171/1, Bothale', 'Ambepussa', 'Sri Lankan', 770667436, 332275574, 'priyabhashini95@gmail.com', 'Sri Rahul Cental College', 'A,2B,C,5S', 2011, 'A,C,S', 'Art', 2014, '', 'M A N Krishanthi', 'Mother', 772452297, 332275574, 1, 1, 1, 1, 0, '', '2019-01-31 00:00:00', 1, ''),
('19S08122', 13067, 'Mr', 'Lahiru Niranjan Jayalath', 'L N Jayalath', '1992-09-07', 'Male', '920670679V', 'Sri Lankan', 'Kumburugama', 'Deraniyagala', 'Sri Lankan', 776764212, 0, 'niranjanjayalath@gmail.com', 'Siri Saman National School', '3A,3B,3C', 2008, '3A', 'Commerce', 2012, '', '', '', 0, 0, 1, 1, 1, 1, 0, '', '2019-01-31 00:00:00', 1, ''),
('19S08123', 13066, 'Miss', 'Sasindi Nimhara Senanayake', 'S N Senanayake', '2001-07-21', 'Female', '200170303994', 'Sri Lankan', 'No.380A Nilu saloon Nagoda rd', 'Kaluthara', 'Sri Lankan', 760931619, 342228623, 'sasindisenanayake@gmail.com', 'Lyceum International School', 'A,4C,2S,2W', 2016, '', '', 0000, 'Advanced Certificate in Business and Leadership', 'Nilu Senanayake', 'Mother', 714939344, 342228623, 1, 1, 0, 1, 1, '', '2019-01-31 00:00:00', 1, ''),
('19S08124', 13002, 'Mr', 'Arambegedara Nipun Prabashwara Wijesinghe', 'A N P Wijesinghe', '1997-10-09', 'Male', '972832812V', 'Sri Lankan', 'No.2506,Stage 3 ', 'Anuradhapura', 'Sri Lanka', 702522414, 252220618, 'nishaus97@gmail.com', 'Anuradhapura Cental College', '4A,2B,2C', 2013, 'C,S', 'Commerce', 2016, '', 'A G P Wijesinghe', 'Father', 773271525, 252220618, 0, 0, 0, 0, 0, '', '2019-01-31 00:00:00', 1, ''),
('19S08125', 13065, 'Mr', 'Baththirangedara Binura Yesvin Wickramasooriya', 'B G B Y Wickramasooriya', '1999-10-16', 'Male', '992901632V', 'Sri Lankan', 'No.103/2 Sudarshi rd,Prathibimbarama rd, Kalubowila', 'Dehiwala', 'Sri Lankan', 779633776, 112765833, 'binuray84@gmail.com', '', '3A,2B,4C', 2015, '2C,S', 'Commerce', 2018, '', 'Nishanthi Wijesekara', 'Mother', 722046834, 112765833, 1, 1, 1, 1, 0, '', '2019-01-31 00:00:00', 1, ''),
('19S08127', 13063, 'Miss', 'Thushani Sureshkantha', 'S Thushani', '1997-06-06', 'Female', '976580583V', 'Sri Lankan', 'No.514/58, Roxy Garden', 'Wellawatte', 'Sri Lankan', 777369893, 0, 'thushanisuresh66@gmail.com', 'C/Ramanathan Hindu Ladies College', '9A', 2013, '3C', 'Biology', 2017, '', 'Sureshkantha', 'Father', 785275542, 0, 1, 1, 1, 1, 0, '', '2019-01-31 00:00:00', 1, ''),
('19S08128', 13062, 'Miss', 'Withanage Hansani Piumika Perera', 'W H P Perera', '1999-01-02', 'Female', '995022621V', 'Sri Lankan', 'No.157/A, Maithri mw, Walgama', 'Bandaragama', 'Sri Lankan', 770510037, 382291297, 'phansani8@gmail.com', 'K/Panadura Agamathi Balika Vidyalaya', 'A,4B,2C,2S', 2014, 'B,2C', 'Commerce', 2017, '', 'W I Piumal Perera', 'Father', 777645644, 382291297, 1, 1, 1, 1, 0, '', '2019-01-31 00:00:00', 1, ''),
('19S08129', 13061, 'Mr', 'Madurapperuma Apuuhamillage Mithun Bimsara Madurapperuma', 'M A M B Madurapperuma', '1998-01-24', 'Male', '980243320V', 'Sri Lankan', 'No.46/19A, Robert Drive, Robert Gunawardhana mw', 'Kirulapone', 'Sri Lankan', 767557576, 0, 'mithun.bimsara@gmail.com', 'Royal College- Col 07', '3C,4S,2W', 2013, '', '', 0000, 'Private Pilot License Theory(Aeroplane),Advanced Diploma in Business IT', 'Shamalie', 'Mother', 777763390, 0, 1, 1, 0, 1, 1, '', '2019-01-31 00:00:00', 1, ''),
('19S08130', 13060, 'Mr', 'Lekam Ralalage Sasrika Vibhath', 'L R S Vibhath', '1998-02-18', 'Male', '980490890V', 'Sri Lankan', 'No.54/5, Rokmale', 'Pannipitya', 'Sri Lankan', 784701127, 112189227, 'sasrika.vibath@gmail.com', 'D S Senanayake College-Col 07', '6A,B,2C', 2014, 'A,C,B', 'Commerce', 2017, '', 'R M Geetha', 'Mother', 0, 112189277, 1, 1, 1, 1, 0, '', '2019-01-31 00:00:00', 1, ''),
('19S08131', 13059, 'Mr', 'Gedaragoda Herath Mudiyanselage Thilini Danuka Bandara', 'G H M T D Baa', '1997-04-17', 'Male', '971081210V', 'Sri Lankan', 'No.65/1, Walbolana ', 'Pallewala', 'Sri Lankan', 716660578, 333830901, 'danukabandara1997@gmail.com', 'Bandaranayaka College-Gampaha', '7A,B,C', 2013, '2C,S', 'Mathematics', 2017, '', 'G H M H Bandara', 'Father', 729300121, 333830901, 1, 1, 1, 1, 0, '', '2019-01-31 00:00:00', 1, ''),
('19S08216', 13064, 'Miss', 'Dinamithra Gedara Hiruni Tharuki Dharmapriya', 'D G H T Dharmapriya', '1999-06-28', 'Female', '996803678V', 'Sri Lankan', 'No.210, Mandavila rd', 'Angoda', 'Sri Lankan', 766016623, 0, 'hirunitharuki@gmail.com', 'Janadhipathi Balika Vidyalaya', '2A,3B,3C,S', 2015, '2C,S', 'Commerce', 2018, '', '', '', 0, 0, 1, 1, 1, 1, 0, '', '2019-01-31 00:00:00', 1, ''),
('20S08001', 4705, 'Mr', 'Supun Bimsara Walallawita', 'Supun Bimsara Walallawita', '1995-12-22', 'Male', '953571480V', 'Sri Lanka', '3A228, Housing Scheme', 'Pannipitiya', 'Sri Lanka', 777143492, 112189025, 'bwalallawita@gmail.com', '<p>Mahanama College</p>', '3B, 2C, 3S', 2013, '3A', 'Biology', 2020, '', 'Supun Bimsara Walallawita', 'FATHER', 777143492, 0, 1, 1, NULL, 1, NULL, '', '2020-04-07 01:43:18', 1, ''),
('20S08002', 5100, 'Mr', 'Bimsara Walallawita', 'Bimsara Walallawita', '2020-01-11', 'Male', '978262627V', 'Sri Lanka', 'No, 07, Stage 02', 'Mattegoda', 'Sri Lanka', 777143499, 112189025, 'bwalallawita213@gmail.com', '', '3B, 2C, 3S', 2013, '3A', 'Biology', 2020, '', 'Bimsara Walallawita', 'FATHER', 777143492, 0, NULL, NULL, NULL, NULL, NULL, '', '2020-01-11 03:14:27', 0, ''),
('studentI', 0, 'title', 'full_name', 'initials_name', '0000-00-00', 'gender', 'nic', 'nationality', 'address', 'city', 'country', 0, 0, 'email', 'schools', 'ol_result', 0000, 'al_result', 'al_stream', 0000, 'other_edu', 'guardian_name', 'relationship', 0, 0, 0, 0, 0, 0, 0, 'remarks', '0000-00-00 00:00:00', 0, 'image');

-- --------------------------------------------------------

--
-- Table structure for table `table 36`
--

CREATE TABLE `table 36` (
  `COL 1` varchar(5) DEFAULT NULL,
  `COL 2` varchar(24) DEFAULT NULL,
  `COL 3` varchar(36) DEFAULT NULL,
  `COL 4` varchar(9) DEFAULT NULL,
  `COL 5` varchar(9) DEFAULT NULL,
  `COL 6` varchar(38) DEFAULT NULL,
  `COL 7` varchar(23) DEFAULT NULL,
  `COL 8` varchar(24) DEFAULT NULL,
  `COL 9` varchar(16) DEFAULT NULL,
  `COL 10` varchar(12) DEFAULT NULL,
  `COL 11` varchar(6) DEFAULT NULL,
  `COL 12` varchar(7) DEFAULT NULL,
  `COL 13` varchar(10) DEFAULT NULL,
  `COL 14` varchar(10) DEFAULT NULL,
  `COL 15` varchar(10) DEFAULT NULL,
  `COL 16` varchar(11) DEFAULT NULL,
  `COL 17` varchar(13) DEFAULT NULL,
  `COL 18` varchar(9) DEFAULT NULL,
  `COL 19` int(1) DEFAULT NULL,
  `COL 20` int(1) DEFAULT NULL,
  `COL 21` int(1) DEFAULT NULL
) ENGINE=InnoDB DEFAULT CHARSET=utf8;

--
-- Dumping data for table `table 36`
--

INSERT INTO `table 36` (`COL 1`, `COL 2`, `COL 3`, `COL 4`, `COL 5`, `COL 6`, `COL 7`, `COL 8`, `COL 9`, `COL 10`, `COL 11`, `COL 12`, `COL 13`, `COL 14`, `COL 15`, `COL 16`, `COL 17`, `COL 18`, `COL 19`, `COL 20`, `COL 21`) VALUES
('id', 'name', 'email', 'mobile', 'home', 'address', 'city', 'medium', 'student_type', 'reference', 'course', 'remarks', 'datetime', 'username', 'is_pending', 'is_positive', 'is_registered', 'is_failed', NULL, NULL, NULL),
('13000', 'N M A Gunawardana', 'nipunigunawardhena@gmail.com', '778122513', '112618420', '\'No.411/13 Abagahawaththa', ' Gadabuwana Rd', ' Miriswaththa\'', 'Piliyandala', '10', '', '16', '8', '', '2019-01-31', 'admin', '0', '0', 1, 0, NULL),
('13001', 'R D S L Mahanama', 'shenalmahanama04@gmail.com', '766788935', '112057337', '\'No.11/A Neelammahara rd', ' katuwawela\'', 'Boralesgamuwa', '10', '', '16', '8', '', '2019-01-31', 'admin', '0', '0', '1', 0, NULL, NULL),
('13002', 'A N P Wijesinghe', 'nishaus97@gmail.com', '702522414', '252220618', '\'No.2506', 'Stage 3 \'', 'Anuradhapura', '10', '', '16', '8', '', '2019-01-31', 'admin', '0', '0', '1', 0, NULL, NULL),
('13003', 'K A D H Kavindya', 'harshanikawindya96@gmail.com', '779828947', '114905804', '\'No.336/6 Dewala Rd', ' Batakeththara', ' Madapatha\'', 'Piliyandala', '10', '', '16', '8', '', '2019-01-31', 'admin', '0', '0', 1, 0, NULL),
('13004', 'D N U M Mihiraj', 'dnummihiraj@gmail.com', '773431452', '112705197', '\'No.24/1', 'Undurugoda\'', 'Polgasowita', '10', '', '16', '8', '', '2019-01-31', 'admin', '0', '0', '1', 0, NULL, NULL),
('13005', 'W M A T U Madushani', '', '771629098', '', '\'No.20/58', ' Nugagahapura', 'Kirulapana\'', 'Colombo 05', '10', '', '16', '8', '', '2019-01-31', 'admin', '0', '0', 1, 0, NULL),
('13006', 'L A N Perera', '', '719628596', '112812126', '\'No.20/37', ' Nugagahapura', ' Kirulapone\'', 'Colombo 05', '10', '', '16', '8', '', '2019-01-31', 'admin', '0', '0', 1, 0, NULL),
('13007', 'H M K S Herath', 'painlove285@gmail.com', '779720724', '112761649', '\'No.45/13 Mayura mw', ' Bellanvila\'', 'Boralesgamuwa', '10', '', '16', '8', '', '2019-01-31', 'admin', '0', '0', '1', 0, NULL, NULL),
('13008', 'A M B Deshapriya', 'buddhikadeshapriya9615@gmail.com', '774598115', '', 'No.292/D Pepiliyana', 'Boralesgamuwa', '10', '', '16', '8', '', '2019-01-31', 'admin', '0', '0', '1', '0', NULL, NULL, NULL),
('13009', 'R H Anagiyadda', 'ravinduha075@gmail.com', '752841593', '', '\'No.2/19A Gramodaya mw', ' Obesekarapura\'', 'Rajagiriya', '10', '', '16', '8', '', '2019-01-31', 'admin', '0', '0', '1', 0, NULL, NULL),
('13010', 'S H M Peiris', 'hashini.madara22@gmail.com', '766618699', '112632729', '\'No.M2/16', ' Soysapura\'', 'Moratuwa', '10', '', '16', '8', '', '2019-01-31', 'admin', '0', '0', '1', 0, NULL, NULL),
('13011', 'G K R De Silva', 'hanz.ravi@gmail.com', '702771060', '112715834', '\'No.18 First lane', 'bellanthara rd\'', 'Dehiwala', '10', '', '16', '8', '', '2019-01-31', 'admin', '0', '0', '1', 0, NULL, NULL),
('13012', 'P Aluwihare', 'praveen.aluwihare.pa@gmail.com', '722690696', '112635555', '\'No.2 Sumudu place', ' asiri uyana\'', 'Katubadde', '10', '', '16', '8', '', '2019-01-31', 'admin', '0', '0', '1', 0, NULL, NULL),
('13013', 'W A S V G Wanni Arachchi', 'sasilavimukthi97@gmail.com', '713072068', '', '\'Keselwattapitiya', ' Malabatuhena', ' Yalkubura\'', 'Bibile', '10', '', '16', '8', '', '2019-01-31', 'admin', '0', '0', 1, 0, NULL),
('13014', 'W I Madhushanka', 'i.madhushanka.712@gmail.com', '721765275', '', '\'No.A/14', ' Government houses\'', 'Kolonnawa', '10', '', '16', '8', '', '2019-01-31', 'admin', '0', '0', '1', 0, NULL, NULL),
('13015', 'G Y Niroshana', 'yasith.ginge19@gmail.com', '768502210', '912253017', 'No.164 Andadola', 'Wathugedara', '10', '', '16', '8', '', '2019-01-31', 'admin', '0', '0', '1', '0', NULL, NULL, NULL),
('13016', 'R T Wickramasinghe', 'ranminitamali@gmail.com', '757040532', '112617606', '\'No.27 Kopikawaththa rd', ' Kesbawa\'', 'Piliyandala', '10', '', '16', '8', '', '2019-01-31', 'admin', '0', '0', '1', 0, NULL, NULL),
('13017', 'W A K Sathira Dinara', 'sathiradinara123@gmail.com', '717116871', '112560510', 'No.335/A Hokandara North', 'Hokandara', '10', '', '16', '8', '', '2019-01-31', 'admin', '0', '0', '1', '0', NULL, NULL, NULL),
('13018', 'M S H Fonseka', 'hansinifonseka123@gmail.com', '766408153', '315614262', '\'No.228/3 Ethgala rd', ' Kandawala\'', 'Katana', '10', '', '16', '8', '', '2019-01-31', 'admin', '0', '0', '1', 0, NULL, NULL),
('13019', 'H R D Fernando', 'hrdfernando98@gmail.com', '766729168', '112650230', '\'No.23 Newton I De Silva mw', ' Willorawatte\'', 'Moratuwa', '10', '', '16', '8', '', '2019-01-31', 'admin', '0', '0', '1', 0, NULL, NULL),
('13020', 'I H I Hassan', 'ishadihasna716@gmail.com', '765842285', '382287007', '\'No.176/18 Galkanuwa rd', ' Gorakana\'', 'Keselwatta', '10', '', '16', '8', '', '2019-01-31', 'admin', '0', '0', '1', 0, NULL, NULL),
('13021', 'U N Manisha', 'uluvitigemanisha@gmail.com', '779513121', '112778366', '\'No.78 Bodhiya rd', ' Mirihana \'', 'Nugegoda', '10', '', '16', '8', '', '2019-01-31', 'admin', '0', '0', '1', 0, NULL, NULL),
('13022', 'A U Wijethunga', 'amilaudayangawijethunga123@gmail.com', '765366992', '', '\'No.30/A Ytalathissa mw', ' Sinharamulla\'', 'Kelaniya', '10', '', '16', '8', '', '2019-01-31', 'admin', '0', '0', '1', 0, NULL, NULL),
('13023', 'C D S H Peiris', 'dulanisri99@gmail.com', '719020176', '382297363', '\'No.121 Prabhasri', ' Mosque lane', ' Ambalanduwa\'', 'Panadura', '10', '', '16', '8', '', '2019-01-31', 'admin', '0', '0', 1, 0, NULL),
('13024', 'M L C Fernando', 'layangachamodi@gmail.com', '761762380', '112706256', '\'No.98/25 Wendiswatta', ' Madapatha\'', 'Piliyandala', '10', '', '16', '8', '', '2019-01-31', 'admin', '0', '0', '1', 0, NULL, NULL),
('13025', 'D T Mitraratne', 'dhananjamitraratne@yahoo.com', '702335523', '112602781', 'No.6/2 Morendha', 'Kesbewa', '10', '', '16', '8', '', '2019-01-31', 'admin', '0', '0', '1', '0', NULL, NULL, NULL),
('13026', 'W D G L Nanayakkara', 'gashinanayakkara@gmail.com', '752090130', '335685525', '\'No.95/1B', ' Station Rd', ' Bandara batawela\'', 'Bemmulla', '10', '', '16', '8', '', '2019-01-31', 'admin', '0', '0', 1, 0, NULL),
('13027', 'm A K G Fernando', 'antongimhan@gmail.com', '752375997', '113113705', '\'No.242/E', ' Jaya mw\'', 'Uswetakiyawa', '10', '', '16', '8', '', '2019-01-31', 'admin', '0', '0', '1', 0, NULL, NULL),
('13028', 'G D D Perera', 'dahamgamage@300gmail.com', '769292943', '382246231', '\'No.98/A Mahabellana', ' Welithudawatta\'', 'Alubomulla', '10', '', '16', '8', '', '2019-01-31', 'admin', '0', '0', '1', 0, NULL, NULL),
('13029', 'H H Mudalige', 'hansajamudalige@gmail.com', '779883866', '', 'No.530 Nawala Rd', 'Rajagiriya', '10', '', '16', '8', '', '2019-01-31', 'admin', '0', '0', '1', '0', NULL, NULL, NULL),
('13030', 'N W G G S K Gurusinha', '', '763739610', '', '\'No.24/15C Balapokuna Purana Vihara Rd', ' Kirulapone\'', 'Colombo 06', '10', '', '16', '8', '', '2019-01-31', 'admin', '0', '0', '1', 0, NULL, NULL),
('13031', 'Y A M Panduka', 'pandukayahampath@gmail.com', '710133491', '', '\'No.111 Sunethradevi rd', ' Kohuwala\'', 'Nugegoda', '10', '', '16', '8', '', '2019-01-31', 'admin', '0', '0', '1', 0, NULL, NULL),
('13032', 'K D T K D Thanthirige', 'firefox99@gmail.com', '763903403', '112500126', 'No.73/1 Hampden lane', 'Wellawatta', '10', '', '16', '8', '', '2019-01-31', 'admin', '0', '0', '1', '0', NULL, NULL, NULL),
('13033', 'M D K Costha', 'dilshanikaushalya867@gmail.com', '762012715', '', 'No.86/12/D I Jothipala mw', 'Malabe', '10', '', '16', '8', '', '2019-01-31', 'admin', '0', '0', '1', '0', NULL, NULL, NULL),
('13034', 'S L H M Jayasekara', 'hashini96929@gmail.com', '776280344', '', '\'No.397/3 Weera mw', ' Deepanama\'', 'Pannipitiya', '10', '', '16', '8', '', '2019-01-31', 'admin', '0', '0', '1', 0, NULL, NULL),
('13035', 'N B Warushi Lasantha', 'warushi1994@gmail.com', '766802475', '112052735', '\'No.14/3', 'Polhena', ' Madapatha\'', 'Piliyandala', '10', '', '16', '8', '', '2019-01-31', 'admin', '0', '0', 1, 0, NULL),
('13036', 'D M S N Kumarasinghe', 'n.kmadagoda@gmail.com', '779054196', '344915577', '\'Sethsirisewana', 'Maduwelkotunna', 'Kalawila\'', 'Beruwala', '10', '', '16', '8', '', '2019-01-31', 'admin', '0', '0', 1, 0, NULL),
('13037', 'K H N Madushanka', 'g9838.nadun@gmail.com', '728212200', '112746966', '\'No.304/10 \'\'Nadun\'\' pelenwatte \'', 'Pannipitiya', '10', '', '16', '8', '', '2019-01-31', 'admin', '0', '0', '1', '0', NULL, NULL, NULL),
('13038', 'K A T V Dharmappriya', 'tvdharmappriya123@gmail.com', '775282264', '112712144', '\'No.56/1 Kawudana Rd', ' Atthidiya \'', 'Dehiwala', '10', '', '16', '8', '', '2019-01-31', 'admin', '0', '0', '1', 0, NULL, NULL),
('13039', 'A H C Perera', 'himasu123@gmail.com', '774241668', '', '\'No.17/1 Mendis wedha mw', ' Thalpitiya North\'', 'Wadduwa', '10', '', '16', '8', '', '2019-01-31', 'admin', '0', '0', '1', 0, NULL, NULL),
('13040', 'M H Fazil Fareez', 'fazilfareez14@gmail.com', '750351049', '115613545', 'No.31 Nelson Place', 'Colombo -06', '10', '', '16', '8', '', '2019-01-31', 'admin', '0', '0', '1', '0', NULL, NULL, NULL),
('13041', 'W K D Lasith Manohara', 'manoharalasith@gmail.com', '778837160', '112896466', 'No.1072/1/A Liyanagoda', 'Pannipitiya', '10', '', '16', '8', '', '2019-01-31', 'admin', '0', '0', '1', '0', NULL, NULL, NULL),
('13042', 'S H Eshani Chamathka', 'shsfashions@gmail.com', '711680766', '112618589', '\'No.64 Kottawa rd', ' Miriswatta\'', 'Piliyandala', '10', '', '16', '8', '', '2019-01-31', 'admin', '0', '0', '1', 0, NULL, NULL),
('13043', 'J P Y K Jayathunge', 'yasirukavind837@gmail.com', '711579021', '112635405', '\'No.C/2/8', ' Soyzapura flats', 'Soyzapura\'', 'Moratuwa', '10', '', '16', '8', '', '2019-01-31', 'admin', '0', '0', 1, 0, NULL),
('13044', 'W S S Nanayakkara', 'sewwandinana99@gmail.com', '764184392', '112895977', '\'No.58/13', ' 2nd Avenue', ' Malapana\'', 'Homagama', '10', '', '16', '8', '', '2019-01-31', 'admin', '0', '0', 1, 0, NULL),
('13045', 'K G B Dileka', 'binugeeganage@gmail.com', '771254066', '', 'No.79 Siddamulla', 'Piliyandala', '10', '', '16', '8', '', '2019-01-31', 'admin', '0', '0', '1', '0', NULL, NULL, NULL),
('13046', 'W M K W N Imalka', 'nethmaliimalka20@gmail.com', '710766454', '332294471', 'No.57/F/14 Dimuthu mw', 'Kalagedihena', '10', '', '16', '8', '', '2019-01-31', 'admin', '0', '0', '1', '0', NULL, NULL, NULL),
('13047', 'P D K Thilanka', 'kevinthilanka@icloud.com', '775730764', '112405201', 'No.15/A Senasungoda', 'Pugoda', '10', '', '16', '8', '', '2019-01-31', 'admin', '0', '0', '1', '0', NULL, NULL, NULL),
('13048', 'N Abeysekara', 'nisal.abey246@gmail.com', '705874502', '', '\'No.58/14/I Neelammahara rd', ' Godigamuwa\'', 'Maharagama', '10', '', '16', '8', '', '2019-01-31', 'admin', '0', '0', '1', 0, NULL, NULL),
('13049', 'Y T Hasalanka', '', '714204687', '', 'No.182/4 Thawalgoda ', 'Kosgama', '10', '', '16', '8', '', '2019-01-31', 'admin', '0', '0', '1', '0', NULL, NULL, NULL),
('13050', 'W A P P R Withanayaka', 'piuwithanayake@gmail.com', '766491998', '', 'No.8/4C Rajamawatha', 'Pitakotte', '10', '', '16', '8', '', '2019-01-31', 'admin', '0', '0', '1', '0', NULL, NULL, NULL),
('13051', 'R S Perera', 'ruchirasirimal456@gmail.com', '773389900', '', '\'No.38 Central rd', ' Thalpitiya north\'', 'Wadduwa', '10', '', '16', '8', '', '2019-01-31', 'admin', '0', '0', '1', 0, NULL, NULL),
('13052', 'A L D R Pinsirini', 'liyanageridmi@gmail.com', '779255974', '112562712', '\'No.525 1/A Anura mw', ' Hokandara North\'', 'Horakandara', '10', '', '16', '8', '', '2019-01-31', 'admin', '0', '0', '1', 0, NULL, NULL),
('13053', 'M H R Perera', 'rukshika16@gmail.com', '773286306', '112645192', 'No.26/1 Main Street ', 'Moratuwa', '10', '', '16', '8', '', '2019-01-31', 'admin', '0', '0', '1', '0', NULL, NULL, NULL),
('13054', 'H A S Randima', 'usupun.randima049@gmail.com', '762171741', '112578020', 'No.142/1 Kohilawatta', 'Angoda', '10', '', '16', '8', '', '2019-01-31', 'admin', '0', '0', '1', '0', NULL, NULL, NULL),
('13055', 'U V Thalagala', 'uvinvt@gmail.com', '704444556', '112705118', '\'No.84/Egodawatte', ' Ambalangoda\'', 'Polgasowita', '10', '', '16', '8', '', '2019-01-31', 'admin', '0', '0', '1', 0, NULL, NULL),
('13056', 'S.Roshani', 'roshanishanmugam@gmail.com', '776260898', '112339493', 'No.AG/5 St.Sebastian street', 'Colombo-12', '10', '', '16', '8', '', '2019-01-31', 'admin', '0', '0', '1', '0', NULL, NULL, NULL),
('13057', 'N S Edirisuriya', '', '776061217', '112708950', 'No.105/4 Bokundara rd', 'Piliyandala', '10', '', '16', '8', '', '2019-01-31', 'admin', '0', '0', '1', '0', NULL, NULL, NULL),
('13058', 'B S U Rathnabharathi', 'rathnabharathiuthpala@gmail.com', '774787027', '112659448', '\'No.57 Kalana', 'Egodauyana\'', 'Moratuwa', '10', '', '16', '8', '', '2019-01-31', 'admin', '0', '0', '1', 0, NULL, NULL),
('13059', 'G H M T D Baa', 'danukabandara1997@gmail.com', '716660578', '333830901', '\'No.65/1', ' Walbolana \'', 'Pallewala', '10', '', '16', '8', '', '2019-01-31', 'admin', '0', '0', '1', 0, NULL, NULL),
('13060', 'L R S Vibhath', 'sasrika.vibath@gmail.com', '784701127', '112189227', '\'No.54/5', ' Rokmale\'', 'Pannipitya', '10', '', '16', '8', '', '2019-01-31', 'admin', '0', '0', '1', 0, NULL, NULL),
('13061', 'M A M B Madurapperuma', 'mithun.bimsara@gmail.com', '767557576', '', '\'No.46/19A', ' Robert Drive', ' Robert Gunawardhana mw\'', 'Kirulapone', '10', '', '16', '8', '', '2019-01-31', 'admin', '0', '0', 1, 0, NULL),
('13062', 'W H P Perera', 'phansani8@gmail.com', '770510037', '382291297', '\'No.157/A', ' Maithri mw', ' Walgama\'', 'Bandaragama', '10', '', '16', '8', '', '2019-01-31', 'admin', '0', '0', 1, 0, NULL),
('13063', 'S Thushani', 'thushanisuresh66@gmail.com', '777369893', '', '\'No.514/58', ' Roxy Garden\'', 'Wellawatte', '10', '', '16', '8', '', '2019-01-31', 'admin', '0', '0', '1', 0, NULL, NULL),
('13064', 'D G H T Dharmapriya', 'hirunitharuki@gmail.com', '766016623', '', '\'No.210', ' Mandavila rd\'', 'Angoda', '10', '', '16', '8', '', '2019-01-31', 'admin', '0', '0', '1', 0, NULL, NULL),
('13065', 'B G B Y Wickramasooriya', 'binuray84@gmail.com', '779633776', '112765833', '\'No.103/2 Sudarshi rd', 'Prathibimbarama rd', ' Kalubowila\'', 'Dehiwala', '10', '', '16', '8', '', '2019-01-31', 'admin', '0', '0', 1, 0, NULL),
('13066', 'S N Senanayake', 'sasindisenanayake@gmail.com', '760931619', '342228623', 'No.380A Nilu saloon Nagoda rd', 'Kaluthara', '10', '', '16', '8', '', '2019-01-31', 'admin', '0', '0', '1', '0', NULL, NULL, NULL),
('13067', 'L N Jayalath', 'niranjanjayalath@gmail.com', '776764212', '', 'Kumburugama', 'Deraniyagala', '10', '', '16', '8', '', '2019-01-31', 'admin', '0', '0', '1', '0', NULL, NULL, NULL),
('13068', 'K A N Priyabhashini', 'priyabhashini95@gmail.com', '770667436', '332275574', '\'No.171/1', ' Bothale\'', 'Ambepussa', '10', '', '16', '8', '', '2019-01-31', 'admin', '0', '0', '1', 0, NULL, NULL),
('13069', 'D D I Sewwandi', 'ishanideyalage94@gmail.com', '766975736', '', '\'No.328/2', ' Dewala rd', ' Batakettara\'', 'Piliyandala', '10', '', '16', '8', '', '2019-01-31', 'admin', '0', '0', 1, 0, NULL),
('13070', 'D L Perumal', 'darshikaloreain@gmail.com', '764189879', '', '\'No.586', ' Sama Uyana rd', ' Duwa temple Rd\'', 'Kaluthara south', '10', '', '16', '8', '', '2019-01-31', 'admin', '0', '0', 1, 0, NULL),
('13071', 'S A Kandegedara', 'akilasulakshani1999@mail.com', '704434380', '', '\'No.17A', ' Church Rd\'', 'Wattala', '10', '', '16', '8', '', '2019-01-31', 'admin', '0', '0', '1', 0, NULL, NULL),
('13072', 'M K T T Wijesiri', 'tharushthivanka@gmail.com', '729217004', '', '\'No.216/1C', 'Dhammaratne rd', 'Madiwela\'', 'Kotte', '10', '', '16', '8', '', '2019-01-31', 'admin', '0', '0', 1, 0, NULL),
('13073', 'M L Y Lavanthi', 'yereshalavanthi@gmail.com', '714813434', '', 'No.391/6 Sirimavo Bandaranayake', 'Col-14', '10', '', '16', '8', '', '2019-01-31', 'admin', '0', '0', '1', '0', NULL, NULL, NULL),
('13074', 'N M K L S Wickramasinghe', 'lakshanwic66@gmail.com', '772940240', '', '\'No.393/1', ' Weliwala rd', ' Kotikawatta\'', 'Angoda', '10', '', '16', '8', '', '2019-01-31', 'admin', '0', '0', 1, 0, NULL),
('13075', 'K A T P Dhananjaya', 'dhananjayakahavita@gmail.com', '717085446', '', '\'No.139/20', ' Thalehena\'', 'Malabe', '10', '', '16', '8', '', '2019-01-31', 'admin', '0', '0', '1', 0, NULL, NULL),
('13076', 'E R C Sandarenu', 'chathusandarenu9@gmail.com', '710635178', '', 'No.42/Katukurunda watta Halpe', 'Mirigama', '10', '', '16', '8', '', '2019-01-31', 'admin', '0', '0', '1', '0', NULL, NULL, NULL),
('13077', 'U Elwitigala', 'udenielwitigala89@gmail.com', '716881567', '', '\'No.123/1A', ' Old rd\'', 'Pannipitya', '10', '', '16', '8', '', '2019-01-31', 'admin', '0', '0', '1', 0, NULL, NULL),
('13078', 'P G C K Srinayaka', 'chathurikakithsarini2@gmail.com', '778285203', '112741901', '\'No.91/5', 'Parakrama mw', ' Thalahena\'', 'Malabe', '10', '', '16', '8', '', '2019-01-31', 'admin', '0', '0', 1, 0, NULL),
('13079', 'K N Vandort', 'kasunivandort52@gmail.com', '716575302', '', '\'No.335', ' Bathalahena watta', ' Gonawala\'', 'Kelaniya', '10', '', '16', '8', '', '2019-01-31', 'admin', '0', '0', 1, 0, NULL),
('13080', 'M B S D Manohari', 'dinushamanohari9496@gmail.com', '770758223', '', '\'No.49/56A', ' 3rd Lane', ' Ramanayake rd\'', 'Hokandara(south)', '10', '', '16', '8', '', '2019-01-31', 'admin', '0', '0', 1, 0, NULL),
('13081', 'H A N H Manujaya', 'nimeshhettiarachchi99@gmail.com', '729018537', '352255167', '\'No.181/5', ' Suduwella', 'Kaluaggala\'', 'Hanwella', '10', '', '16', '8', '', '2019-01-31', 'admin', '0', '0', 1, 0, NULL),
('13082', 'R M S Rathnayake', 'sewwandirathnayake1997@gmail.com', '717169707', '', '\'No.68', 'Dombawala\'', 'Udugampola', '10', '', '16', '8', '', '2019-01-31', 'admin', '0', '0', '1', 0, NULL, NULL),
('13083', 'G S Thushara', '', '712670782', '', 'No.193/10/1 Bandaranayapuraya ', 'Maththegoda', '10', '', '16', '8', '', '2019-01-31', 'admin', '0', '0', '1', '0', NULL, NULL, NULL),
('13084', 'H C A Fernando', 'clementfernando72@gmail.com', '713554381', '112598010', '\'No.30/10', 'Mallika lane\'', 'Col-06', '10', '', '16', '8', '', '2019-01-31', 'admin', '0', '0', '1', 0, NULL, NULL),
('13085', 'D A N Maheesha', 'nmahesha263@gmail.com', '752337477', '', '\'No.134/D2', 'A', 'Thalangama south', 'Ruhunupura\'', 'Battaramulla', '10', '', '16', '8', '', '2019-01-31', 'admin', '0', 0, 1, 0),
('13086', 'W K A D J M Weerasinghe', 'janithweerasinghe@gmail.com', '774815939', '', '\'No.1118/2/1', ' Dhammodaya mw', ' Mihindupura\'', 'Battaramulla', '10', '', '16', '8', '', '2019-01-31', 'admin', '0', '0', 1, 0, NULL),
('13087', 'S S Siriwardhana', 'sachithrasaranga4@gmail.com', '777229438', '112601050', 'No.47/1C Mavithara', 'Piliyandala', '10', '', '16', '8', '', '2019-01-31', 'admin', '0', '0', '1', '0', NULL, NULL, NULL),
('13088', 'K U Dedunu', 'uthpaladedunu17@gmail.com', '755836145', '', '\'No.9/A', ' Urakaduwa\'', 'Alubomulla', '10', '', '16', '8', '', '2019-01-31', 'admin', '0', '0', '1', 0, NULL, NULL),
('13089', 'K S S Thilakasiri', 'suraj.sadeepa@gmail.com', '750442151', '362255028', '\'No.503/A/3', ' Ihala Kosgama\'', 'Kosgama', '10', '', '16', '8', '', '2019-01-31', 'admin', '0', '0', '1', 0, NULL, NULL),
('13090', 'K M A Kavini', 'ameshakavini085@gmail.com', '769790085', '112054587', '\'No.91/6/1', 'Swarnananda Rd', 'Ihala Bomiriya\'', 'Kaduwela', '10', '', '16', '8', '', '2019-01-31', 'admin', '0', '0', 1, 0, NULL),
('13091', 'G D M Perera', 'dilkiperera9606@gmail.com', '771362155', '112608555', '\'No.471/1', 'Mampe North', ' Wijeya rd\'', 'Piliyandala', '10', '', '16', '8', '', '2019-01-31', 'admin', '0', '0', 1, 0, NULL),
('13092', 'R M T V C Rathnayaka', 'vindanatharinduvindana@gmail.com', '775679819', '114320653', '\'No.192/2 Al Mayura mw', ' Thalahena\'', 'Malabe', '10', '', '16', '8', '', '2019-01-31', 'admin', '0', '0', '1', 0, NULL, NULL),
('13093', 'K S Manisha', 'shaveenmani97@gmail.com', '763248548', '', '\'No.40/8 Sri Premaratna mw', 'Moratumulla\'', 'Moratuwa', '10', '', '16', '8', '', '2019-01-31', 'admin', '0', '0', '1', 0, NULL, NULL),
('13094', 'O D K Vithanawasam', 'ovindu.karunaratne@gmail.com', '769143219', '', '\'No.18', ' Dhakshinarama rd\'', 'Mt Lavinia', '10', '', '16', '8', '', '2019-01-31', 'admin', '0', '0', '1', 0, NULL, NULL),
('13095', 'M A T Himaya', 'tharushi.himaya7@gmail.com', '766702646', '', '\'No.221/6', 'Pitipana north\'', 'Homagama', '10', '', '16', '8', '', '2019-01-31', 'admin', '0', '0', '1', 0, NULL, NULL),
('13096', 'A K P Rukshan', 'pasindurukshan17@gmail.com', '770819061', '115244508', '\'1212/1-G', 'Kottawa North\'', 'Hokandara', '10', '', '16', '8', '', '2019-01-31', 'admin', '0', '0', '1', 0, NULL, NULL),
('13097', 'H G I M Jayathilaka', 'manujiirusha@gmail.com', '715794977', '112844884', '\'123/8', '2nd Lane', ' Pamunuwa rd\'', 'Maharagama', '10', '', '16', '8', '', '2019-01-31', 'admin', '0', '0', 1, 0, NULL),
('13098', 'R A N Sewwandhi', 'nadeekasewwandhi123@gmail.com', '768504494', '114947690', '653/A/1 Aruppitiya south thalangama', 'Thalangama', '10', '', '16', '8', '', '2019-01-31', 'admin', '0', '0', '1', '0', NULL, NULL, NULL),
('13099', 'B M T R Ekanayake', 'tharushirandara@gmail.com', '712049778', '112790421', '\'No.452/4', ' Dutugamunu rd', ' Thalangama North\'', 'Battaramulla', '10', '', '16', '8', '', '2019-01-31', 'admin', '0', '0', 1, 0, NULL),
('13100', 'H N Katugampala', 'hn98katugampala@gmail.com', '702338687', '114975102', '\'No.54/8', ' Sumaga mw', ' Siddhamula\'', 'Piliyandala', '10', '', '16', '8', '', '2019-01-31', 'admin', '0', '0', 1, 0, NULL),
('13101', 'W J M C P Weerasinghe', 'chathup766@gmail.com', '771386106', '112891694', '\'No.161/25', ' Classic terrace', ' Katuwana rd\'', 'Homagama', '10', '', '16', '8', '', '2019-01-31', 'admin', '0', '0', 1, 0, NULL),
('13102', 'A S Jayarathna', 'ashensasank1997@gmail.com', '713864516', '', '\'No.195', ' Dombawala\'', 'Udugampola', '10', '', '16', '8', '', '2019-01-31', 'admin', '0', '0', '1', 0, NULL, NULL),
('13103', 'E K Alahakoon', 'kalpanacooray123@gmail.com', '712195102', '', '\'No.75/4', ' Meththananda mw', ' Gangodawila\'', 'Nugegoda', '10', '', '16', '8', '', '2019-01-31', 'admin', '0', '0', 1, 0, NULL),
('13104', 'M W Asjadh Ahamedh', 'asjadhmohomed2@gmail.com', '764354261', '', '\'No.204/1', ' Old Rd', ' Mahagoda \'', 'Beruwala', '10', '', '16', '8', '', '2019-01-31', 'admin', '0', '0', 1, 0, NULL),
('13105', 'W A H K Gunathilaka', 'heshankavinda007@gmail.com', '774587497', '', '\'No.174/6A', ' Gagadisigama', ' Kotagedara\'', 'Madapatha', '10', '', '16', '8', '', '2019-01-31', 'admin', '0', '0', 1, 0, NULL),
('13106', 'R K Jayasekara', 'raveesha.jayasekara@gmail.com ', '713383344', '112157786', '\'No.241/3', ' Keerthi mw', 'Delgahawatta\'', 'Angoda', '10', '', '16', '8', '', '2019-01-31', 'admin', '0', '0', 1, 0, NULL),
('13107', 'R A N S Ranaweera', 'nandunsranaweera@gmail.com ', '775589852', '', '\'No.245/3', ' Kaduwela rd\'', 'Malabe', '10', '', '16', '8', '', '2019-01-31', 'admin', '0', '0', '1', 0, NULL, NULL),
('13108', 'A M V T De Silva', 'teenadesilva16@gmail.com ', '755753070', '342221607', '\'Eva Cottage\'\'', ' Redee mw', 'Kalamulla\'', 'Kalutara', '10', '', '16', '8', '', '2019-01-31', 'admin', '0', '0', 1, 0, NULL),
('13109', 'H A O H Hanwella', 'oshadhihansika025@gmail.com', '714816743', '', '\'No.213/3', ' Polwatta Gunasekara mw', 'Himbutana\'', 'Angoda', '10', '', '16', '8', '', '2019-01-31', 'admin', '0', '0', 1, 0, NULL),
('13110', 'A H M A T Karunathilake', 'tkameesha@gmail.com', '789456171', '', '\'No.30 c/2', ' Field Avenue\'', 'Kohuwala', '10', '', '16', '8', '', '2019-01-31', 'admin', '0', '0', '1', 0, NULL, NULL),
('13111', 'W A O Weerasooriya', 'oshadiweerasooriya1997@gmail.com', '758722134', '272222479', '\'No.15', 'Hospital Junction\'', 'Polonnaruwa', '10', '', '16', '8', '', '2019-01-31', 'admin', '0', '0', '1', 0, NULL, NULL),
('13112', 'B A G J Jayasekara', 'gaya1998a@icloud.com', '713085098', '', '\'No.120/2F', 'Park Rd', 'Kothalawala\'', 'Bandaragama', '10', '', '16', '8', '', '2019-01-31', 'admin', '0', '0', 1, 0, NULL),
('13113', 'M A G S De Alwis', '', '773528265', '112646250', 'No.11/9 St Sebastian Lane', 'Moratuwa', '10', '', '16', '8', '', '2019-01-31', 'admin', '0', '0', '1', '0', NULL, NULL, NULL),
('13114', 'U H Athauda', 'himaranshiathauda@gmail.com', '703959383', '112792048', '\'No.468/2', ' Madinnagoda\'', 'Rajagiriya', '10', '', '16', '8', '', '2019-01-31', 'admin', '0', '0', '1', 0, NULL, NULL),
('13115', 'M D Radawa', 'devinradawa90@gmail.com', '766470430', '', '\'No.55/1', ' Maligawa rd\'', 'Rathmalana', '10', '', '16', '8', '', '2019-01-31', 'admin', '0', '0', '1', 0, NULL, NULL),
('13116', 'K L Madushan', 'lahirumadushan662@gmail.com', '711322981', '342254828', '\'No.337/1', ' Miriswatta\'', 'Millewa', '10', '', '16', '8', '', '2019-01-31', 'admin', '0', '0', '1', 0, NULL, NULL),
('13117', 'K G N N Perera', 'nawodiperera119@gmail.com', '714053594', '112887196', '\'No.277', 'Gemunu mw', 'Kotuwegoda\'', 'Rajagiriya', '10', '', '16', '8', '', '2019-01-31', 'admin', '0', '0', 1, 0, NULL),
('13118', 'S D Jayawardane', 'sjayawardane3@gmail.com', '713506036', '', '\'No.114/B', 'Siddharth rd\'', 'Kirulapone', '10', '', '16', '8', '', '2019-01-31', 'admin', '0', '0', '1', 0, NULL, NULL),
('13119', 'D S P Katugampola', 'sahanpramu1997@gmail.com', '765477330', '', '\'No.241/2', ' Salalihini mw', 'Mulleriyawa\'', 'Angoda', '10', '', '16', '8', '', '2019-01-31', 'admin', '0', '0', 1, 0, NULL),
('13120', 'M M Vithanage', 'malithmindula@gmail.com', '713328879', '112707971', 'No.123 1/5 Pinnawala rd', 'Madapatha', '10', '', '16', '8', '', '2019-01-31', 'admin', '0', '0', '1', '0', NULL, NULL, NULL),
('13121', 'G D T Nawanjalee', 'nawanjali@gmail.com', '761163717', '112504217', '\'No.236/5', 'Galle rd\'', 'Wellawatte', '10', '', '16', '8', '', '2019-01-31', 'admin', '0', '0', '1', 0, NULL, NULL),
('13122', 'R A D S Himasha', 'sujanh@gmail.com', '769367610', '', 'No.86 Niripola', 'Hanwella', '10', '', '16', '8', '', '2019-01-31', 'admin', '0', '0', '1', '0', NULL, NULL, NULL),
('13123', 'K Avishka Rashmi', 'avishkamanoharan@gmail.com', '777641455', '112552549', '\'No.55/11', 'Swarna rd\'', 'Col-06', '10', '', '16', '8', '', '2019-01-31', 'admin', '0', '0', '1', 0, NULL, NULL),
('13124', 'G L H S De Silva', 'sadhanids@gmail.com', '703599102', '', '\'No.439P/19', ' 1st Lane', ' Sampath Kumara mw', 'Neduna\'', 'Ganemulla', '10', '', '16', '8', '', '2019-01-31', 'admin', '0', 0, 1, 0),
('13125', 'S M P D C D Perera', 'dilekshiperera17@gmail.com', '778817678', '113074179', '\'No.344/1D', 'Arawwala \'', 'Pannipitya', '10', '', '16', '8', '', '2019-01-31', 'admin', '0', '0', '1', 0, NULL, NULL),
('13126', 'H V K De Silva', 'viduradealwis.vd@gmail.com', '775525149', '', '\'No.16/11A', 'Thalapathpitiya rd', ' Udahamulla\'', 'Nugegoda', '10', '', '16', '8', '', '2019-01-31', 'admin', '0', '0', 1, 0, NULL),
('13127', 'N T Jayashantha', 'nthanukass@gmail.com', '770307833', '', '\'No.121 1/1', ' Sri siddhartha rd', ' Kirulapona\'', 'Colombo 05', '10', '', '16', '8', '', '2019-01-31', 'admin', '0', '0', 1, 0, NULL),
('13128', 'M Raveesha Shainy', 'raveeshashainy99@gmail.com', '773166868', '113144904', '\'No.583/2A/Millagahawaththa rd', ' Mawaramandiya\'', 'Siyambalape', '10', '', '16', '8', '', '2019-01-31', 'admin', '0', '0', '1', 0, NULL, NULL),
('13129', 'H H D K Perera', 'heshiperera98@gmail.com', '755204102', '', '\'No.149/1 Kotagedara rd', ' Madapatha\'', 'Piliyandala', '10', '', '16', '8', '', '2019-01-31', 'admin', '0', '0', '1', 0, NULL, NULL),
('13130', 'W D D Nadeeshani', 'dilini.wickrama@hidramani.com', '774639338', '112702628', '\'No.14/B', ' Horana rd\'', 'Kesbawa', '10', '', '16', '8', '', '2019-01-31', 'admin', '0', '0', '1', 0, NULL, NULL),
('13131', 'C A Dissanayake', 'chanuki.adnk@gmail.com', '710120970', '', '\'No.24/2A', 'Pubudu mw\'', 'Boralesgamuwa', '10', '', '16', '8', '', '2019-01-31', 'admin', '0', '0', '1', 0, NULL, NULL),
('13132', 'A A H Navodini', 'navodinihansika@gmail.com', '771109074', '', '\'No.30B/1', ' Gamanawatta', 'Aluthepola\'', 'Wegowwa', '10', '', '16', '8', '', '2019-01-31', 'admin', '0', '0', 1, 0, NULL),
('13133', 'T D S S Thalagala', 'samila.sanjeewai5@gmail.com', '773787620', '', '\'No.59/6', ' Pangiriwatta rd', 'Gangodawila\'', 'Nugegoda', '10', '', '16', '8', '', '2019-01-31', 'admin', '0', '0', 1, 0, NULL),
('13134', 'P G S V R De Silva', 'sanjuladesilva2@gmail.com', '769856237', '115244645', '\'No.170', 'Sea Beach rd', ' Angulana\'', 'Moratuwa', '10', '', '16', '8', '', '2019-01-31', 'admin', '0', '0', 1, 0, NULL),
('13135', 'K D O S M Fernando', 'smadu988fernando@gmail.com', '775971562', '', '\'No.53/2A', ' Perera place\'', 'Dehiwala', '10', '', '16', '8', '', '2019-01-31', 'admin', '0', '0', '1', 0, NULL, NULL),
('13136', 'H K Irugalbandara', 'kavindiirugalbandara@gmail.com', '777702156', '112055766', '\'No.11/2A', 'Abayarama lane', 'Thimbirigasyaya rd\'', 'Col-05', '10', '', '16', '8', '', '2019-01-31', 'admin', '0', '0', 1, 0, NULL),
('13137', 'U G S Induwara', 'sasikainduwara111@gmail.com', '719952414', '', '\'NO.25/8A', 'Mayura mw', 'Bellanwila\'', 'Boralesgamuwa', '10', '', '16', '8', '', '2019-01-31', 'admin', '0', '0', 1, 0, NULL);

-- --------------------------------------------------------

--
-- Table structure for table `targets`
--

CREATE TABLE `targets` (
  `intakeId` int(11) NOT NULL,
  `username` varchar(20) NOT NULL,
  `courseId` int(11) NOT NULL,
  `target` int(11) NOT NULL
) ENGINE=InnoDB DEFAULT CHARSET=utf8;

--
-- Dumping data for table `targets`
--

INSERT INTO `targets` (`intakeId`, `username`, `courseId`, `target`) VALUES
(4, 'malshan', 7, 20),
(4, 'malshan', 8, 35),
(4, 'malshan', 18, 10),
(4, 'paramitha', 7, 20),
(4, 'paramitha', 8, 28),
(4, 'poojani', 1, 0),
(4, 'poojani', 5, 0),
(4, 'poojani', 7, 40),
(4, 'poojani', 8, 24),
(4, 'rajitha', 4, 0),
(4, 'rajitha', 8, 20),
(4, 'yashani', 18, 0),
(5, 'malshan', 7, 20),
(5, 'malshan', 8, 20),
(5, 'paramitha', 7, 20),
(5, 'poojani', 7, 20),
(5, 'poojani', 8, 10);

-- --------------------------------------------------------

--
-- Table structure for table `users`
--

CREATE TABLE `users` (
  `username` varchar(100) NOT NULL,
  `name` varchar(100) NOT NULL,
  `password` varchar(100) NOT NULL,
  `email` varchar(100) NOT NULL,
  `telephone` int(9) NOT NULL,
  `department` int(11) NOT NULL
) ENGINE=InnoDB DEFAULT CHARSET=utf8;

--
-- Dumping data for table `users`
--

INSERT INTO `users` (`username`, `name`, `password`, `email`, `telephone`, `department`) VALUES
('admin', 'Bimsara Walallawita', '$2y$10$tYUYExstJpmVlnCsM5G1Ee6e9K.JDJDpNK8rfAMnnIxyOkgZXBze2', 'bimsara.walallawita@saegis.edu.lk', 777143492, 1),
('dinuth', 'Dinuth Shamen', '$2y$10$VOI41mchZF8925TzBl9vyOSZWQM74/pjg0CP5VnjvYjBO8PKblIsO', 'dinuth@saegis.edu.lk', 770260916, 1),
('malshan', 'Malshan Mendis', '$2y$10$lixbduPRFdrWLClgmHJUYe2bITx/WrbXjUHEqwKtFXHl/9EgemQYW', 'malshan.mendis@saegis.edu.lk', 770430000, 2),
('parami', 'Parami Iwanthana', '$2y$10$YMLD6GkEWvMU05l4oKFpm.WT9s18yk4UbcoJ2HLbAY7kRxRudVsbi', 'parami.iwanthana@saegis.edu.lk', 770431087, 1),
('paramitha', 'Paramitha Herath', '$2y$10$HfbGeY3jZJb9Ju2WJ2lDZOAs4qCK5M1.bY40v4PK2lCvGcxsX4i9i', 'paramitha.herath@saegis.edu.lk', 770439263, 2),
('poojani', 'Poojani Gunarathne', '$2y$10$qL3bWeOshSRFChYUwcdZFeRNS3Dnq/gDwTVPXxIMRYJAMw7YV3UyG', 'poojani.gunarathne@saegis.edu.lk', 770433007, 2),
('rajitha', 'Rajitha Dunuwila', '$2y$10$R5JftcXdy7D6tMtk4PadGevqBbXujecCmBOPPPxYN99vVb19Jh/dS', 'rajitha.dunuwila@saegis.edu.lk', 770435555, 2),
('vihanga', 'Vihanga Liyanage', '$2y$10$XtGH.ngZAUNG/Ad/KCEB.O2fifUfe2ObD7hwCDw79UtLU1dANdiYu', 'vihanga.liyanage@saegis.edu.lk', 770439999, 2),
('yashani', 'Yashani Rodrigo', '$2y$10$.ZAn60haAiZ9GYr/yIyZz.TVVGlxIDcVswdA8Gi/XoEp5Rb4oYSN.', 'yashani.rodrigo@saegis.edu.lk', 770431111, 2);

-- --------------------------------------------------------

--
-- Table structure for table `user_logs`
--

CREATE TABLE `user_logs` (
  `id` int(11) NOT NULL,
  `log` varchar(200) NOT NULL,
  `username` varchar(100) NOT NULL,
  `datetime` datetime NOT NULL
) ENGINE=InnoDB DEFAULT CHARSET=utf8;

--
-- Dumping data for table `user_logs`
--

INSERT INTO `user_logs` (`id`, `log`, `username`, `datetime`) VALUES
(1, 'Opened Student Payments', 'admin', '2020-05-03 10:14:20'),
(2, 'Opened Student Payment Plans', 'admin', '2020-05-03 10:16:49'),
(3, 'Opened Student Payment Plans', 'admin', '2020-05-03 10:17:29'),
(4, 'Opened Student Payment Plans', 'admin', '2020-05-03 10:19:33'),
(5, 'Opened Student Payment Plans', 'admin', '2020-05-03 10:21:34'),
(6, 'Opened Student Payment Plans', 'admin', '2020-05-03 10:25:52'),
(7, 'Updated payment plan id:13', 'admin', '2020-05-03 10:26:14'),
(8, 'Opened Student Payments', 'admin', '2020-05-03 10:27:30'),
(9, 'Opened cashier reports', 'admin', '2020-05-03 10:30:12'),
(10, 'Filtered cashier reports', 'admin', '2020-05-03 10:31:12'),
(11, 'Open enrollment form for inquiry id:', 'admin', '2020-05-03 10:38:18'),
(12, 'Open enrollment form for inquiry id:5200', 'admin', '2020-05-03 10:38:49'),
(13, 'View student enrollments', 'admin', '2020-05-03 10:43:09'),
(14, 'Confirmed student enrollment:5100', 'admin', '2020-05-03 10:43:16'),
(15, 'Confirmed student enrollment:5100', 'admin', '2020-05-03 10:44:32'),
(16, 'Confirmed student enrollment:5100', 'admin', '2020-05-03 10:50:37'),
(17, 'Confirmed student enrollment:5100', 'admin', '2020-05-03 10:51:58'),
(18, 'Confirmed student enrollment:5100', 'admin', '2020-05-03 10:52:08'),
(19, 'Student Details Confirmed:20S08002', 'admin', '2020-05-03 10:52:44'),
(20, 'View student enrollments', 'admin', '2020-05-03 10:53:17'),
(21, 'Confirmed student enrollment:4705', 'admin', '2020-05-03 10:53:25'),
(22, 'Student Details Confirmed:20S08001', 'admin', '2020-05-03 10:53:38'),
(23, 'Confirmed student enrollment:5100', 'admin', '2020-05-03 10:57:26'),
(24, 'Student Details Confirmed:20S08001', 'admin', '2020-05-03 10:57:30'),
(25, 'Student Details Confirmed:20S08001', 'admin', '2020-05-03 10:59:16'),
(26, 'Student Details Confirmed:20S08001', 'admin', '2020-05-03 11:00:34'),
(27, 'Student Details Confirmed:20S08001', 'admin', '2020-05-03 11:00:48'),
(28, 'Student Details Confirmed:20S08001', 'admin', '2020-05-03 11:01:21'),
(29, 'Student Details Confirmed:20S08001', 'admin', '2020-05-03 11:01:31'),
(30, 'Student Details Confirmed:20S08001', 'admin', '2020-05-03 11:02:26'),
(31, 'Student Details Confirmed:20S08001', 'admin', '2020-05-03 11:03:39'),
(32, 'View Intakes', 'admin', '2020-05-03 11:09:58'),
(33, 'View Targets', 'admin', '2020-05-03 11:10:01'),
(34, 'View Targets', 'admin', '2020-05-03 11:11:44'),
(35, 'Target updated for malshan', 'admin', '2020-05-03 11:11:51'),
(36, 'Student Details Confirmed:20S08001', 'admin', '2020-05-03 11:17:40'),
(37, 'Student Details Confirmed:20S08001', 'admin', '2020-05-03 11:18:07'),
(38, 'Student Details Confirmed:20S08001', 'admin', '2020-05-03 11:19:22'),
(39, 'Student Details Confirmed:20S08001', 'admin', '2020-05-03 11:19:33'),
(40, 'Confirmed student enrollment:20S08001', 'admin', '2020-05-03 11:20:49'),
(41, 'Opened Student Payments', 'admin', '2020-05-03 11:21:02'),
(42, 'View student enrollments', 'admin', '2020-05-03 11:21:04'),
(43, 'Confirmed student enrollment:4705', 'admin', '2020-05-03 11:21:14'),
(44, 'View Dashboard', 'admin', '2020-05-03 11:25:10'),
(45, 'View Inquiries', 'admin', '2020-05-03 11:25:13'),
(46, 'Enrollment modification screen opened:5100', 'admin', '2020-05-03 11:25:21'),
(47, 'Enrollment modification screen opened:5100', 'admin', '2020-05-03 11:26:46'),
(48, 'Confirmed student enrollment:4705', 'admin', '2020-05-03 11:28:12'),
(49, 'Student Details Confirmed:20S08001', 'admin', '2020-05-03 11:28:16'),
(50, 'Student Enrollment Confirmed:20S08001', 'admin', '2020-05-03 11:28:28'),
(51, 'Opened Reports', 'admin', '2020-05-04 09:05:48'),
(52, 'Opened Reports', 'admin', '2020-05-04 10:51:58'),
(53, 'Opened Reports', 'admin', '2020-05-04 10:52:09'),
(54, 'Opened Reports', 'admin', '2020-05-04 11:07:03'),
(55, 'Opened Reports', 'admin', '2020-05-04 11:07:41'),
(56, 'Opened Reports', 'admin', '2020-05-04 11:07:52'),
(57, 'Opened Reports', 'admin', '2020-05-04 11:11:51'),
(58, 'Opened Reports', 'admin', '2020-05-04 11:11:59'),
(59, 'Opened Reports', 'admin', '2020-05-04 11:12:23'),
(60, 'Opened Reports', 'admin', '2020-05-04 11:13:22'),
(61, 'Opened Reports', 'admin', '2020-05-04 11:13:40'),
(62, 'Opened Reports', 'admin', '2020-05-04 11:14:52'),
(63, 'Opened Reports', 'admin', '2020-05-04 11:15:18'),
(64, 'Opened Reports', 'admin', '2020-05-04 11:19:25'),
(65, 'Opened Reports', 'admin', '2020-05-04 11:21:03'),
(66, 'Opened Reports', 'admin', '2020-05-04 11:23:39'),
(67, 'Opened Reports', 'admin', '2020-05-04 11:23:52'),
(68, 'Opened Reports', 'admin', '2020-05-04 11:37:52'),
(69, 'Opened Reports', 'admin', '2020-05-04 11:38:22'),
(70, 'Opened Reports', 'admin', '2020-05-04 11:38:36'),
(71, 'Opened Reports', 'admin', '2020-05-04 11:39:28'),
(72, 'Opened Reports', 'admin', '2020-05-04 11:40:18'),
(73, 'Opened Reports', 'admin', '2020-05-04 11:40:34'),
(74, 'Opened Reports', 'admin', '2020-05-04 11:40:45'),
(75, 'Opened Reports', 'admin', '2020-05-04 11:41:09'),
(76, 'Create report', 'admin', '2020-05-06 07:39:35'),
(77, 'Report created 1', 'admin', '2020-05-06 07:39:54'),
(78, 'Create report', 'admin', '2020-05-06 07:39:54'),
(79, 'Report created 2', 'admin', '2020-05-06 07:44:18'),
(80, 'Create report', 'admin', '2020-05-06 07:44:18'),
(81, 'Create report', 'admin', '2020-05-06 11:42:34'),
(82, 'Create report', 'admin', '2020-05-06 11:42:57'),
(83, 'Create report', 'admin', '2020-05-06 11:43:15'),
(84, 'Create report', 'admin', '2020-05-06 11:43:26'),
(85, 'Create report', 'admin', '2020-05-06 11:43:34'),
(86, 'Create report', 'admin', '2020-05-06 11:43:48'),
(87, 'Create report', 'admin', '2020-05-06 11:44:02'),
(88, 'Create report', 'admin', '2020-05-06 11:44:09'),
(89, 'Create report', 'admin', '2020-05-06 11:44:18'),
(90, 'Create report', 'admin', '2020-05-06 11:44:38'),
(91, 'Create report', 'admin', '2020-05-06 11:44:45'),
(92, 'Create report', 'admin', '2020-05-06 11:44:52'),
(93, 'Create report', 'admin', '2020-05-06 11:45:04'),
(94, 'Create report', 'admin', '2020-05-06 11:45:16'),
(95, 'Create report', 'admin', '2020-05-06 11:47:12'),
(96, 'Create report', 'admin', '2020-05-06 11:49:34'),
(97, 'Create report', 'admin', '2020-05-07 12:00:07'),
(98, 'Create report', 'admin', '2020-05-07 12:00:15'),
(99, 'Create report', 'admin', '2020-05-07 12:01:49'),
(100, 'Create report', 'admin', '2020-05-07 12:04:15'),
(101, 'Create report', 'admin', '2020-05-07 12:04:31'),
(102, 'Create report', 'admin', '2020-05-07 12:04:52'),
(103, 'Create report', 'admin', '2020-05-07 12:07:07'),
(104, 'Create report', 'admin', '2020-05-07 12:08:11'),
(105, 'Create report', 'admin', '2020-05-07 12:08:23'),
(106, 'Create report', 'admin', '2020-05-07 12:09:18'),
(107, 'Create report', 'admin', '2020-05-07 12:09:24'),
(108, 'Create report', 'admin', '2020-05-07 12:09:53'),
(109, 'Create report', 'admin', '2020-05-07 12:10:13'),
(110, 'Create report', 'admin', '2020-05-07 12:10:24'),
(111, 'Create report', 'admin', '2020-05-07 12:11:00'),
(112, 'Create report', 'admin', '2020-05-07 12:11:08'),
(113, 'Create report', 'admin', '2020-05-07 12:11:15'),
(114, 'Create report', 'admin', '2020-05-07 12:11:44'),
(115, 'Create report', 'admin', '2020-05-07 12:12:53'),
(116, 'Create report', 'admin', '2020-05-07 12:14:29'),
(117, 'Create report', 'admin', '2020-05-07 12:16:04'),
(118, 'Create report', 'admin', '2020-05-07 12:16:22'),
(119, 'Create report', 'admin', '2020-05-07 12:31:19'),
(120, 'Create report', 'admin', '2020-05-07 12:32:04'),
(121, 'Report created 3', 'admin', '2020-05-07 12:32:20'),
(122, 'Create report', 'admin', '2020-05-07 12:32:20'),
(123, 'Create report', 'admin', '2020-05-07 12:46:57'),
(124, 'Create report', 'admin', '2020-05-07 12:47:08'),
(125, 'Create report', 'admin', '2020-05-07 12:47:57'),
(126, 'Create report', 'admin', '2020-05-07 12:51:08'),
(127, 'Create report', 'admin', '2020-05-07 12:51:29'),
(128, 'Create report', 'admin', '2020-05-07 12:52:45'),
(129, 'Create report', 'admin', '2020-05-07 12:52:57'),
(130, 'Create report', 'admin', '2020-05-07 12:55:08'),
(131, 'Create report', 'admin', '2020-05-07 12:56:00'),
(132, 'Create report', 'admin', '2020-05-07 12:56:23'),
(133, 'Create report', 'admin', '2020-05-07 12:57:12'),
(134, 'Create report', 'admin', '2020-05-07 12:57:35'),
(135, 'Create report', 'admin', '2020-05-07 12:58:51'),
(136, 'Create report', 'admin', '2020-05-07 12:59:52'),
(137, 'Create report', 'admin', '2020-05-07 01:00:40'),
(138, 'Create report', 'admin', '2020-05-07 01:01:24'),
(139, 'Create report', 'admin', '2020-05-07 01:04:20'),
(140, 'Create report', 'admin', '2020-05-07 01:05:07'),
(141, 'Create report', 'admin', '2020-05-07 01:05:42'),
(142, 'Create report', 'admin', '2020-05-07 01:06:07'),
(143, 'Create report', 'admin', '2020-05-07 01:09:07'),
(144, 'Create report', 'admin', '2020-05-07 01:10:43'),
(145, 'Create report', 'admin', '2020-05-07 01:11:06'),
(146, 'Create report', 'admin', '2020-05-07 01:11:08'),
(147, 'Create report', 'admin', '2020-05-07 01:13:02'),
(148, 'Create report', 'admin', '2020-05-07 01:18:38'),
(149, 'Create report', 'admin', '2020-05-07 01:18:59'),
(150, 'Opened cashier reports', 'admin', '2020-05-07 12:40:46'),
(151, 'Filtered cashier reports', 'admin', '2020-05-07 12:42:03'),
(152, 'Opened cashier reports', 'admin', '2020-05-07 12:43:28'),
(153, 'Create report', 'admin', '2020-05-07 12:43:46'),
(154, 'Create report', 'admin', '2020-05-07 12:46:10'),
(155, 'Create report', 'admin', '2020-05-07 12:47:06'),
(156, 'Create report', 'admin', '2020-05-07 12:47:16'),
(157, 'Create report', 'admin', '2020-05-07 12:48:57'),
(158, 'Create report', 'admin', '2020-05-07 12:52:11'),
(159, 'Create report', 'admin', '2020-05-07 12:52:40'),
(160, 'Create report', 'admin', '2020-05-07 12:54:28'),
(161, 'Create report', 'admin', '2020-05-07 12:55:25'),
(162, 'Create report', 'admin', '2020-05-07 12:55:36'),
(163, 'Create report', 'admin', '2020-05-07 12:58:08'),
(164, 'Create report', 'admin', '2020-05-07 12:58:45'),
(165, 'Create report', 'admin', '2020-05-07 12:59:06'),
(166, 'Create report', 'admin', '2020-05-07 01:00:34'),
(167, 'Create report', 'admin', '2020-05-07 01:02:01'),
(168, 'Create report', 'admin', '2020-05-07 01:03:09'),
(169, 'Create report', 'admin', '2020-05-07 01:03:21'),
(170, 'Create report', 'admin', '2020-05-07 01:04:30'),
(171, 'Create report', 'admin', '2020-05-07 01:07:44'),
(172, 'Create report', 'admin', '2020-05-07 01:08:40'),
(173, 'Create report', 'admin', '2020-05-07 01:09:47'),
(174, 'Create report', 'admin', '2020-05-07 01:09:58'),
(175, 'Create report', 'admin', '2020-05-07 01:10:57'),
(176, 'Create report', 'admin', '2020-05-07 01:19:23'),
(177, 'Create report', 'admin', '2020-05-07 01:21:07'),
(178, 'Create report', 'admin', '2020-05-07 01:21:39'),
(179, 'Create report', 'admin', '2020-05-07 01:32:22'),
(180, 'Create report', 'admin', '2020-05-07 01:32:39'),
(181, 'Create report', 'admin', '2020-05-07 01:32:59'),
(182, 'Create report', 'admin', '2020-05-07 01:34:04'),
(183, 'Create report', 'admin', '2020-05-07 01:34:28'),
(184, 'Create report', 'admin', '2020-05-07 01:34:42'),
(185, 'Create report', 'admin', '2020-05-07 01:35:10'),
(186, 'Create report', 'admin', '2020-05-07 01:35:51'),
(187, 'Create report', 'admin', '2020-05-07 01:36:19'),
(188, 'Create report', 'admin', '2020-05-07 01:38:17'),
(189, 'Create report', 'admin', '2020-05-07 01:40:07'),
(190, 'Create report', 'admin', '2020-05-07 01:40:22'),
(191, 'Create report', 'admin', '2020-05-07 02:19:50'),
(192, 'Create report', 'admin', '2020-05-07 02:24:40'),
(193, 'Create report', 'admin', '2020-05-07 02:28:11'),
(194, 'Create report', 'admin', '2020-05-07 02:28:47'),
(195, 'Create report', 'admin', '2020-05-07 02:29:21'),
(196, 'Create report', 'admin', '2020-05-07 07:40:08'),
(197, 'Create report', 'admin', '2020-05-07 07:40:09'),
(198, 'Report created 10', 'admin', '2020-05-07 07:48:56'),
(199, 'Create report', 'admin', '2020-05-07 07:48:56'),
(200, 'Report created 11', 'admin', '2020-05-07 07:49:10'),
(201, 'Create report', 'admin', '2020-05-07 07:49:10'),
(202, 'Create report', 'admin', '2020-05-07 11:09:38'),
(203, 'Create report', 'admin', '2020-05-07 11:09:39'),
(204, 'Report created 12', 'admin', '2020-05-07 11:12:54'),
(205, 'Create report', 'admin', '2020-05-07 11:12:54'),
(206, 'Create report', 'admin', '2020-05-22 12:41:37'),
(207, 'Create report', 'admin', '2020-05-24 08:37:15'),
(208, 'View Dashboard', 'admin', '2020-05-24 08:48:16'),
(209, 'View Dashboard', 'admin', '2020-05-24 08:48:27'),
(210, 'View Dashboard', 'admin', '2020-05-24 08:48:37'),
(211, 'View Dashboard', 'admin', '2020-05-24 08:48:48'),
(212, 'View student enrollments', 'admin', '2020-05-24 08:48:54'),
(213, 'Open Batches', 'admin', '2020-05-30 11:32:50'),
(214, 'Open Batches', 'admin', '2020-05-30 11:55:33'),
(215, 'Open Batches', 'admin', '2020-05-30 11:56:07'),
(216, 'Open Batches', 'admin', '2020-05-30 11:57:12'),
(217, 'Open Batches', 'admin', '2020-05-31 12:09:14'),
(218, 'Open Batches', 'admin', '2020-05-31 12:10:05'),
(219, 'Open Batches', 'admin', '2020-05-31 12:26:32'),
(220, 'Open Batches', 'admin', '2020-05-31 12:26:39'),
(221, 'Open Batches', 'admin', '2020-05-31 12:26:47'),
(222, 'Open Batches', 'admin', '2020-05-31 12:27:00'),
(223, 'Open Batches', 'admin', '2020-05-31 12:31:47'),
(224, 'Open Batches', 'admin', '2020-05-31 12:31:53'),
(225, 'Open Batches', 'admin', '2020-05-31 12:32:47'),
(226, 'Open Batches', 'admin', '2020-05-31 12:32:56'),
(227, 'Viewed schedule', 'admin', '2020-06-03 10:14:06'),
(228, 'Open Add schedule screen', 'admin', '2020-06-03 10:14:10'),
(229, 'Viewed schedule', 'admin', '2020-06-03 10:16:27'),
(230, 'Open Add schedule screen', 'admin', '2020-06-03 10:17:11'),
(231, 'Viewed schedule', 'admin', '2020-06-04 01:07:59'),
(232, 'Open Add schedule screen', 'admin', '2020-06-04 01:08:01'),
(233, 'Open Add schedule screen', 'admin', '2020-06-04 01:08:59'),
(234, 'Open Add schedule screen', 'admin', '2020-06-04 01:09:54'),
(235, 'Open Add schedule screen', 'admin', '2020-06-04 01:11:00'),
(236, 'Open Add schedule screen', 'admin', '2020-06-04 01:12:33'),
(237, 'Open Add schedule screen', 'admin', '2020-06-04 01:13:07'),
(238, 'Open Add schedule screen', 'admin', '2020-06-04 01:13:46'),
(239, 'Open Add schedule screen', 'admin', '2020-06-04 01:15:56'),
(240, 'Open Add schedule screen', 'admin', '2020-06-04 01:17:01'),
(241, 'Open Add schedule screen', 'admin', '2020-06-04 01:19:05'),
(242, 'Open Add schedule screen', 'admin', '2020-06-04 01:20:38'),
(243, 'Open Add schedule screen', 'admin', '2020-06-04 01:21:28'),
(244, 'Open Add schedule screen', 'admin', '2020-06-04 01:22:57'),
(245, 'Open Add schedule screen', 'admin', '2020-06-04 01:25:59'),
(246, 'Open Add schedule screen', 'admin', '2020-06-04 01:28:40'),
(247, 'Open Add schedule screen', 'admin', '2020-06-04 01:29:06'),
(248, 'Open Add schedule screen', 'admin', '2020-06-04 01:29:32'),
(249, 'Open Add schedule screen', 'admin', '2020-06-04 01:31:06'),
(250, 'Viewed schedule', 'admin', '2020-06-04 01:34:21'),
(251, 'Open Add schedule screen', 'admin', '2020-06-04 07:59:36'),
(252, 'Viewed schedule', 'admin', '2020-06-04 07:59:46'),
(253, 'Open Add schedule screen', 'admin', '2020-06-04 08:06:58'),
(254, 'Open Add schedule screen', 'admin', '2020-06-04 08:08:57'),
(255, 'Open Add schedule screen', 'admin', '2020-06-04 08:09:31'),
(256, 'Open Add schedule screen', 'admin', '2020-06-04 08:15:53'),
(257, 'Open Add schedule screen', 'admin', '2020-06-04 08:18:11'),
(258, 'Open Add schedule screen', 'admin', '2020-06-04 08:20:58'),
(259, 'Open Add schedule screen', 'admin', '2020-06-04 08:22:10'),
(260, 'Open Add schedule screen', 'admin', '2020-06-04 08:25:35'),
(261, 'Open Add schedule screen', 'admin', '2020-06-04 08:28:12'),
(262, 'Open Add schedule screen', 'admin', '2020-06-04 08:29:01'),
(263, 'Open Add schedule screen', 'admin', '2020-06-04 08:30:45'),
(264, 'Open Add schedule screen', 'admin', '2020-06-04 08:31:13'),
(265, 'Open Add schedule screen', 'admin', '2020-06-04 09:29:52'),
(266, 'Open Add schedule screen', 'admin', '2020-06-04 09:30:12'),
(267, 'Open Add schedule screen', 'admin', '2020-06-04 09:30:21'),
(268, 'Open Add schedule screen', 'admin', '2020-06-04 09:30:29'),
(269, 'Open Add schedule screen', 'admin', '2020-06-04 09:31:07'),
(270, 'Open Add schedule screen', 'admin', '2020-06-04 09:31:24'),
(271, 'Open Add schedule screen', 'admin', '2020-06-04 09:34:13'),
(272, 'Open Add schedule screen', 'admin', '2020-06-04 09:37:46'),
(273, 'Open Add schedule screen', 'admin', '2020-06-04 09:42:27'),
(274, 'Open Add schedule screen', 'admin', '2020-06-04 09:45:12'),
(275, 'Open Add schedule screen', 'admin', '2020-06-04 09:46:06'),
(276, 'Open Add schedule screen', 'admin', '2020-06-04 09:47:21'),
(277, 'Viewed schedule', 'admin', '2020-06-04 09:48:07'),
(278, 'Open Add schedule screen', 'admin', '2020-06-04 09:49:13'),
(279, 'Open Add schedule screen', 'admin', '2020-06-04 09:49:54'),
(280, 'Open Add schedule screen', 'admin', '2020-06-04 10:01:39'),
(281, 'Open Add schedule screen', 'admin', '2020-06-04 10:05:11'),
(282, 'Open Add schedule screen', 'admin', '2020-06-04 10:11:49'),
(283, 'Open Add schedule screen', 'admin', '2020-06-04 10:51:15'),
(284, 'Viewed schedule', 'admin', '2020-06-04 10:52:42'),
(285, 'Open Add schedule screen', 'admin', '2020-06-04 10:52:53'),
(286, 'Viewed schedule', 'admin', '2020-06-04 10:54:57'),
(287, 'Viewed schedule', 'admin', '2020-06-04 10:57:22'),
(288, 'Open Bulk action schedule screen', 'admin', '2020-06-04 11:54:00'),
(289, 'Open Bulk action schedule screen', 'admin', '2020-06-04 11:57:32'),
(290, 'Open Bulk action schedule screen', 'admin', '2020-06-05 12:00:03'),
(291, 'Open Bulk action schedule screen', 'admin', '2020-06-05 12:00:08'),
(292, 'Open Bulk action schedule screen', 'admin', '2020-06-05 12:25:23'),
(293, 'Open Bulk action schedule screen', 'admin', '2020-06-05 12:26:34'),
(294, 'Open Bulk action schedule screen', 'admin', '2020-06-05 12:32:27'),
(295, 'Open Bulk action schedule screen', 'admin', '2020-06-05 12:37:08'),
(296, 'Open Bulk action schedule screen', 'admin', '2020-06-05 12:37:51'),
(297, 'Open Bulk action schedule screen', 'admin', '2020-06-05 12:38:01'),
(298, 'Open Bulk action schedule screen', 'admin', '2020-06-05 12:38:48'),
(299, 'Open Bulk action schedule screen', 'admin', '2020-06-05 12:39:08'),
(300, 'Open Bulk action schedule screen', 'admin', '2020-06-05 12:41:21'),
(301, 'Open Bulk action schedule screen', 'admin', '2020-06-05 12:44:13'),
(302, 'Open Bulk action schedule screen', 'admin', '2020-06-05 12:45:42'),
(303, 'Open Bulk action schedule screen', 'admin', '2020-06-05 12:46:00'),
(304, 'Open Bulk action schedule screen', 'admin', '2020-06-05 12:46:44'),
(305, 'Open Bulk action schedule screen', 'admin', '2020-06-05 12:46:51'),
(306, 'Open Bulk action schedule screen', 'admin', '2020-06-05 12:47:15'),
(307, 'Open Bulk action schedule screen', 'admin', '2020-06-05 12:47:40'),
(308, 'Open Bulk action schedule screen', 'admin', '2020-06-05 12:48:11'),
(309, 'Open Bulk action schedule screen', 'admin', '2020-06-05 12:48:51'),
(310, 'Open Bulk action schedule screen', 'admin', '2020-06-05 12:49:22'),
(311, 'Open Bulk action schedule screen', 'admin', '2020-06-05 12:50:59'),
(312, 'Open Bulk action schedule screen', 'admin', '2020-06-05 12:51:44'),
(313, 'Open Bulk action schedule screen', 'admin', '2020-06-05 12:51:51'),
(314, 'Open Bulk action schedule screen', 'admin', '2020-06-05 12:52:26'),
(315, 'Open Bulk action schedule screen', 'admin', '2020-06-05 12:53:16'),
(316, 'Open Bulk action schedule screen', 'admin', '2020-06-05 11:13:29'),
(317, 'Open Bulk action schedule screen', 'admin', '2020-06-05 11:17:20'),
(318, 'Open Bulk action schedule screen', 'admin', '2020-06-05 11:17:41'),
(319, 'Open Bulk action schedule screen', 'admin', '2020-06-05 11:18:55'),
(320, 'Open Bulk action schedule screen', 'admin', '2020-06-05 11:19:23'),
(321, 'View student enrollments', 'admin', '2020-06-05 11:20:35'),
(322, 'Open Bulk action schedule screen', 'admin', '2020-06-05 11:21:00'),
(323, 'Open Bulk action schedule screen', 'admin', '2020-06-05 11:22:56'),
(324, 'Open Bulk action schedule screen', 'admin', '2020-06-05 11:28:10'),
(325, 'Open Bulk action schedule screen', 'admin', '2020-06-05 11:29:40'),
(326, 'Open Bulk action schedule screen', 'admin', '2020-06-05 11:30:35'),
(327, 'Open Bulk action schedule screen', 'admin', '2020-06-05 11:32:04'),
(328, 'Open Bulk action schedule screen', 'admin', '2020-06-05 11:32:36'),
(329, 'Open Bulk action schedule screen', 'admin', '2020-06-05 11:33:21'),
(330, 'Open Bulk action schedule screen', 'admin', '2020-06-05 11:34:00'),
(331, 'Open Bulk action schedule screen', 'admin', '2020-06-05 11:39:14'),
(332, 'Open Bulk action schedule screen', 'admin', '2020-06-05 11:40:16'),
(333, 'Open Bulk action schedule screen', 'admin', '2020-06-05 11:45:44'),
(334, 'Open Bulk action schedule screen', 'admin', '2020-06-05 11:46:40'),
(335, 'Open Bulk action schedule screen', 'admin', '2020-06-05 11:47:25'),
(336, 'Open Bulk action schedule screen', 'admin', '2020-06-05 11:47:32'),
(337, 'Open Bulk action schedule screen', 'admin', '2020-06-05 11:54:43'),
(338, 'Open Bulk action schedule screen', 'admin', '2020-06-05 11:54:56'),
(339, 'Open Bulk action schedule screen', 'admin', '2020-06-05 11:55:49'),
(340, 'Open Bulk action schedule screen', 'admin', '2020-06-05 11:56:45'),
(341, 'Open Bulk action schedule screen', 'admin', '2020-06-05 11:57:22'),
(342, 'Open Bulk action schedule screen', 'admin', '2020-06-05 11:58:47'),
(343, 'Open Bulk action schedule screen', 'admin', '2020-06-05 11:59:32'),
(344, 'Open Bulk action schedule screen', 'admin', '2020-06-05 12:01:11'),
(345, 'Open Bulk action schedule screen', 'admin', '2020-06-05 12:04:35'),
(346, 'Open Bulk action schedule screen', 'admin', '2020-06-05 12:07:36'),
(347, 'Open Bulk action schedule screen', 'admin', '2020-06-05 12:07:48'),
(348, 'Open Bulk action schedule screen', 'admin', '2020-06-05 12:08:37'),
(349, 'Open Bulk action schedule screen', 'admin', '2020-06-05 12:10:47'),
(350, 'Open Bulk action schedule screen', 'admin', '2020-06-05 12:24:11'),
(351, 'Open Bulk action schedule screen', 'admin', '2020-06-05 12:24:11'),
(352, 'Open Bulk action schedule screen', 'admin', '2020-06-05 12:24:19'),
(353, 'Open Bulk action schedule screen', 'admin', '2020-06-05 12:24:44'),
(354, 'Open Bulk action schedule screen', 'admin', '2020-06-05 12:24:47'),
(355, 'Open Bulk action schedule screen', 'admin', '2020-06-05 12:25:10'),
(356, 'Open Bulk action schedule screen', 'admin', '2020-06-05 12:25:18'),
(357, 'Open Bulk action schedule screen', 'admin', '2020-06-05 12:26:23'),
(358, 'Open Bulk action schedule screen', 'admin', '2020-06-05 12:26:32'),
(359, 'Open Bulk action schedule screen', 'admin', '2020-06-05 12:26:40'),
(360, 'Open Bulk action schedule screen', 'admin', '2020-06-05 12:27:43'),
(361, 'Open Bulk action schedule screen', 'admin', '2020-06-05 12:27:48'),
(362, 'Open Bulk action schedule screen', 'admin', '2020-06-05 12:35:09'),
(363, 'Open Bulk action schedule screen', 'admin', '2020-06-05 12:35:53'),
(364, 'Open Bulk action schedule screen', 'admin', '2020-06-05 12:36:09'),
(365, 'Open Bulk action schedule screen', 'admin', '2020-06-05 12:36:42'),
(366, 'Open Bulk action schedule screen', 'admin', '2020-06-05 12:37:22'),
(367, 'Open Bulk action schedule screen', 'admin', '2020-06-05 12:40:34'),
(368, 'Open Bulk action schedule screen', 'admin', '2020-06-05 12:40:43'),
(369, 'Open Bulk action schedule screen', 'admin', '2020-06-05 01:10:30'),
(370, 'Open Bulk action schedule screen', 'admin', '2020-06-05 01:16:52'),
(371, 'Viewed schedule', 'admin', '2020-06-05 01:19:23'),
(372, 'Viewed schedule for date2020-06-11', 'admin', '2020-06-05 01:19:25'),
(373, 'Open Add schedule screen', 'admin', '2020-06-05 01:19:38'),
(374, 'Viewed schedule', 'admin', '2020-06-05 01:19:45'),
(375, 'Viewed schedule', 'admin', '2020-06-05 01:29:03'),
(376, 'Viewed schedule for date2020-06-11', 'admin', '2020-06-05 01:29:19'),
(377, 'Viewed schedule', 'admin', '2020-06-07 11:25:04'),
(378, 'Open Add schedule screen', 'admin', '2020-06-07 11:25:06'),
(379, 'Viewed schedule', 'admin', '2020-06-07 11:44:19'),
(380, 'Open Add schedule screen', 'admin', '2020-06-07 11:44:22'),
(381, 'View student enrollments', 'admin', '2020-07-01 12:44:50'),
(382, 'Opened cashier reports', 'admin', '2020-07-01 12:51:04'),
(383, 'Opened cashier reports', 'admin', '2020-07-01 12:51:20'),
(384, 'Opened cashier reports', 'admin', '2020-07-01 12:51:38'),
(385, 'Opened cashier reports', 'admin', '2020-07-01 12:56:09'),
(386, 'Opened Reports', 'admin', '2020-07-01 01:23:17'),
(387, 'Opened Reports', 'admin', '2020-07-01 01:23:43'),
(388, 'Opened Reports', 'admin', '2020-07-01 01:23:58'),
(389, 'Opened Reports', 'admin', '2020-07-01 01:24:05'),
(390, 'Opened Reports', 'admin', '2020-07-01 01:24:12'),
(391, 'Opened Reports', 'admin', '2020-07-01 01:24:21'),
(392, 'Opened Reports', 'admin', '2020-07-01 01:24:29'),
(393, 'Opened Reports', 'admin', '2020-07-01 01:24:55'),
(394, 'Opened Student Payments', 'admin', '2020-07-02 02:09:46'),
(395, 'Opened payment installments for student id20S08002', 'admin', '2020-07-02 02:09:54'),
(396, 'Opened Student Payments', 'admin', '2020-07-02 02:09:58'),
(397, 'Opened payment installments for student id20S08001', 'admin', '2020-07-02 02:10:05'),
(398, 'Opened payment installments for student id20S08001', 'admin', '2020-07-02 02:10:14'),
(399, 'Opened Student Payments', 'admin', '2020-07-02 02:10:17'),
(400, 'Opened payment installments for student id20S08001', 'admin', '2020-07-02 02:10:23'),
(401, 'Opened Student Payments', 'admin', '2020-07-02 02:10:26'),
(402, 'Opened payment installments for student id20S08002', 'admin', '2020-07-02 02:10:30'),
(403, 'Opened Student Payments', 'admin', '2020-07-05 05:08:58'),
(404, 'Opened payment installments for student id20S08002', 'admin', '2020-07-05 05:11:19'),
(405, 'Opened Student Payments', 'admin', '2020-07-05 05:11:23'),
(406, 'View Dashboard', 'admin', '2020-07-06 03:29:34'),
(407, 'View Inquiries', 'admin', '2020-07-06 03:29:38'),
(408, 'View Inquiries', 'admin', '2020-07-06 03:32:14'),
(409, 'View Inquiries', 'admin', '2020-07-06 03:32:45'),
(410, 'View Dashboard', 'admin', '2020-07-06 04:04:49'),
(411, 'View Inquiries', 'admin', '2020-07-06 04:04:51'),
(412, 'View Dashboard', 'admin', '2020-07-06 04:12:38'),
(413, 'View Inquiries', 'admin', '2020-07-06 04:12:39'),
(414, 'View Dashboard', 'admin', '2020-07-06 04:13:01'),
(415, 'View Dashboard', 'admin', '2020-07-06 04:16:46'),
(416, 'View Inquiries', 'admin', '2020-07-06 04:16:49'),
(417, 'Open Batches', 'admin', '2020-07-09 10:59:36'),
(418, 'Open Batches', 'admin', '2020-07-09 12:08:49'),
(419, 'Opened Student Payments', 'admin', '2020-07-09 12:26:29'),
(420, 'Opened cashier reports', 'admin', '2020-07-09 12:26:54'),
(421, 'Opened Student Payments', 'admin', '2020-07-09 12:28:15'),
(422, 'Open Batches', 'admin', '2020-07-09 02:44:56'),
(423, 'Open Batches', 'admin', '2020-07-09 02:48:44'),
(424, 'Open Batches', 'admin', '2020-07-09 02:54:06'),
(425, 'Open Batches', 'admin', '2020-07-09 02:56:37'),
(426, 'Open Batches', 'admin', '2020-07-09 02:57:25'),
(427, 'Open Batches', 'admin', '2020-07-09 02:57:35'),
(428, 'Open Batches', 'admin', '2020-07-09 02:58:11'),
(429, 'Open Batches', 'admin', '2020-07-09 03:06:34'),
(430, 'Open Batches', 'admin', '2020-07-09 03:06:40'),
(431, 'Open Batches', 'admin', '2020-07-09 03:07:20'),
(432, 'Open Batches', 'admin', '2020-07-09 03:09:00'),
(433, 'Open Batches', 'admin', '2020-07-09 03:09:27'),
(434, 'Open Batches', 'admin', '2020-07-09 03:10:50'),
(435, 'Open Batches', 'admin', '2020-07-09 03:13:31'),
(436, 'Open Batches', 'admin', '2020-07-09 03:17:09'),
(437, 'Open Batches', 'admin', '2020-07-09 03:18:17'),
(438, 'Open Batches', 'admin', '2020-07-09 03:22:28'),
(439, 'Open Batches', 'admin', '2020-07-09 03:23:58'),
(440, 'Open Batches', 'admin', '2020-07-09 03:24:28'),
(441, 'Open Batches', 'admin', '2020-07-09 03:26:26'),
(442, 'Open Batches', 'admin', '2020-07-09 03:33:45'),
(443, 'Open Batches', 'admin', '2020-07-09 03:34:01'),
(444, 'Open Batches', 'admin', '2020-07-09 03:34:58'),
(445, 'Open Batches', 'admin', '2020-07-09 03:59:52'),
(446, 'Open Batches', 'admin', '2020-07-09 04:01:18'),
(447, 'Open Batches', 'admin', '2020-07-09 04:01:30'),
(448, 'Open Batches', 'admin', '2020-07-09 04:03:45'),
(449, 'Open Batches', 'admin', '2020-07-09 04:03:51'),
(450, 'Open Batches', 'admin', '2020-07-09 04:05:16'),
(451, 'Open Batches', 'admin', '2020-07-09 04:08:40'),
(452, 'Open Batches', 'admin', '2020-07-09 04:08:51'),
(453, 'Open Batches', 'admin', '2020-07-09 04:09:36'),
(454, 'Open Batches', 'admin', '2020-07-09 04:10:40'),
(455, 'Open Batches', 'admin', '2020-07-09 04:12:56'),
(456, 'Open Batches', 'admin', '2020-07-09 04:14:00'),
(457, 'Open Batches', 'admin', '2020-07-09 04:14:49'),
(458, 'Open Batches', 'admin', '2020-07-09 04:15:34'),
(459, 'Open Batches', 'admin', '2020-07-09 04:15:38'),
(460, 'Open Batches', 'admin', '2020-07-09 04:16:24'),
(461, 'Open Batches', 'admin', '2020-07-09 04:19:54'),
(462, 'Open Batches', 'admin', '2020-07-09 04:21:36'),
(463, 'Open Batches', 'admin', '2020-07-09 04:23:05'),
(464, 'Open Batches', 'admin', '2020-07-09 04:23:21'),
(465, 'Open Batches', 'admin', '2020-07-09 04:23:27'),
(466, 'Open Batches', 'admin', '2020-07-09 04:23:46'),
(467, 'Open Batches', 'admin', '2020-07-09 04:24:14'),
(468, 'Open Batches', 'admin', '2020-07-09 04:24:38'),
(469, 'Open Batches', 'admin', '2020-07-09 04:24:58'),
(470, 'Open Batches', 'admin', '2020-07-10 10:46:36'),
(471, 'Open Batches', 'admin', '2020-07-10 10:51:52'),
(472, 'Open Batches', 'admin', '2020-07-10 10:55:00'),
(473, 'Open Batches', 'admin', '2020-07-10 10:55:19'),
(474, 'Open Batches', 'admin', '2020-07-10 11:05:17'),
(475, 'Open Batches', 'admin', '2020-07-10 11:17:00'),
(476, 'Open Batches', 'admin', '2020-07-10 11:18:01'),
(477, 'Open Batches', 'admin', '2020-07-10 11:18:20'),
(478, 'Open Batches', 'admin', '2020-07-10 11:18:44'),
(479, 'Open Batches', 'admin', '2020-07-10 11:19:33'),
(480, 'Open Batches', 'admin', '2020-07-10 11:19:43'),
(481, 'Open Batches', 'admin', '2020-07-10 11:20:47'),
(482, 'Open Batches', 'admin', '2020-07-10 11:22:09'),
(483, 'Open Batches', 'admin', '2020-07-10 11:23:00'),
(484, 'Open Batches', 'admin', '2020-07-10 11:27:15'),
(485, 'Open Batches', 'admin', '2020-07-10 11:27:35'),
(486, 'Open Batches', 'admin', '2020-07-10 11:30:04'),
(487, 'Open Batches', 'admin', '2020-07-10 11:30:48'),
(488, 'Open Batches', 'admin', '2020-07-10 11:31:40'),
(489, 'Open Batches', 'admin', '2020-07-10 11:33:41'),
(490, 'Open Batches', 'admin', '2020-07-10 11:38:54'),
(491, 'Open Batches', 'admin', '2020-07-10 11:41:45'),
(492, 'Open Batches', 'admin', '2020-07-10 11:41:55'),
(493, 'Open Batches', 'admin', '2020-07-10 11:42:03'),
(494, 'Open Batches', 'admin', '2020-07-10 11:42:09'),
(495, 'Open Batches', 'admin', '2020-07-10 11:48:43'),
(496, 'Open Batches', 'admin', '2020-07-10 11:49:36'),
(497, 'Open Batches', 'admin', '2020-07-10 11:50:24'),
(498, 'Open Batches', 'admin', '2020-07-10 11:50:54'),
(499, 'Open Batches', 'admin', '2020-07-10 11:51:53'),
(500, 'Open Batches', 'admin', '2020-07-10 11:57:14'),
(501, 'Open Batches', 'admin', '2020-07-10 11:57:22'),
(502, 'Open Batches', 'admin', '2020-07-10 11:57:25'),
(503, 'Open Batches', 'admin', '2020-07-10 11:57:41'),
(504, 'Open Batches', 'admin', '2020-07-10 11:57:48'),
(505, 'Open Batches', 'admin', '2020-07-10 11:58:07'),
(506, 'Open Batches', 'admin', '2020-07-10 12:04:17'),
(507, 'Open Batches', 'admin', '2020-07-10 12:04:27'),
(508, 'Open Batches', 'admin', '2020-07-10 12:04:36'),
(509, 'Open Batches', 'admin', '2020-07-10 12:06:13'),
(510, 'Open Batches', 'admin', '2020-07-10 12:06:37'),
(511, 'Open Batches', 'admin', '2020-07-10 12:06:45'),
(512, 'Open Batches', 'admin', '2020-07-10 12:07:40'),
(513, 'Open Batches', 'admin', '2020-07-10 12:08:34'),
(514, 'Open Batches', 'admin', '2020-07-10 12:17:17'),
(515, 'Open Batches', 'admin', '2020-07-10 02:08:30'),
(516, 'View Intakes', 'admin', '2020-07-10 02:10:39'),
(517, 'View Targets', 'admin', '2020-07-10 02:10:45'),
(518, 'View Targets', 'admin', '2020-07-10 02:11:04'),
(519, 'Target updated for paramitha', 'admin', '2020-07-10 02:11:31'),
(520, 'Target updated for paramitha', 'admin', '2020-07-10 02:11:32'),
(521, 'Target updated for paramitha', 'admin', '2020-07-10 02:11:33'),
(522, 'Target updated for paramitha', 'admin', '2020-07-10 02:11:34'),
(523, 'Target updated for paramitha', 'admin', '2020-07-10 02:11:40'),
(524, 'View Targets', 'admin', '2020-07-10 02:11:44'),
(525, 'Target updated for paramitha', 'admin', '2020-07-10 02:11:57'),
(526, 'Target updated for paramitha', 'admin', '2020-07-10 02:11:58'),
(527, 'Target updated for paramitha', 'admin', '2020-07-10 02:11:59'),
(528, 'Target updated for paramitha', 'admin', '2020-07-10 02:12:00'),
(529, 'Viewed schedule', 'admin', '2020-07-10 02:12:30'),
(530, 'Open Add schedule screen', 'admin', '2020-07-10 02:12:40'),
(531, 'Open Batches', 'admin', '2020-07-10 02:17:03'),
(532, 'View Dashboard', 'admin', '2020-07-10 02:17:47'),
(533, 'View Dashboard', 'admin', '2020-07-10 02:18:05'),
(534, 'View All Inquiries', 'admin', '2020-07-10 02:18:10'),
(535, 'View Dashboard', 'admin', '2020-07-10 02:18:32'),
(536, 'View Inquiries', 'admin', '2020-07-10 02:18:47'),
(537, 'View Inquiries', 'admin', '2020-07-10 02:19:05'),
(538, 'Enrollment modification screen opened:4705', 'admin', '2020-07-10 02:19:31'),
(539, 'Enrollment modification screen opened:4705', 'admin', '2020-07-10 02:21:35'),
(540, 'Opened Student Payments', 'admin', '2020-07-10 02:25:51'),
(541, 'View Dashboard', 'admin', '2020-07-10 02:28:56'),
(542, 'View Intakes', 'admin', '2020-07-10 02:29:11'),
(543, 'View Targets', 'admin', '2020-07-10 02:29:49'),
(544, 'View Intakes', 'admin', '2020-07-10 02:30:00'),
(545, 'View Intakes', 'admin', '2020-07-10 02:35:58'),
(546, 'View Intakes', 'admin', '2020-07-10 02:36:17'),
(547, 'View Intakes', 'admin', '2020-07-10 02:37:30'),
(548, 'View Intakes', 'admin', '2020-07-10 02:37:53'),
(549, 'Open Batches', 'admin', '2020-07-10 02:40:39'),
(550, 'View Intakes', 'admin', '2020-07-10 02:42:04'),
(551, 'View Intakes', 'admin', '2020-07-10 02:46:58'),
(552, 'Added Intake: test', 'admin', '2020-07-10 03:07:41'),
(553, 'View Intakes', 'admin', '2020-07-10 03:08:33'),
(554, 'View Intakes', 'admin', '2020-07-10 03:09:43'),
(555, 'Open Batches', 'admin', '2020-07-10 03:11:32'),
(556, 'View Intakes', 'admin', '2020-07-10 03:14:19'),
(557, 'View Intakes', 'admin', '2020-07-10 03:15:21'),
(558, 'View Intakes', 'admin', '2020-07-10 03:24:24'),
(559, 'View Intakes', 'admin', '2020-07-10 03:24:58'),
(560, 'View Intakes', 'admin', '2020-07-10 03:27:05'),
(561, 'View Intakes', 'admin', '2020-07-10 03:27:12'),
(562, 'View Intakes', 'admin', '2020-07-10 03:33:40'),
(563, 'View Intakes', 'admin', '2020-07-10 03:38:25'),
(564, 'View Intakes', 'admin', '2020-07-10 03:39:49'),
(565, 'View Intakes', 'admin', '2020-07-10 03:41:01'),
(566, 'View Intakes', 'admin', '2020-07-10 03:41:19'),
(567, 'View Intakes', 'admin', '2020-07-10 03:42:31'),
(568, 'View Intakes', 'admin', '2020-07-10 03:44:03'),
(569, 'Open Batches', 'admin', '2020-07-10 03:47:11'),
(570, 'Open Batches', 'admin', '2020-07-10 03:50:01'),
(571, 'View Intakes', 'admin', '2020-07-10 03:50:10'),
(572, 'View Intakes', 'admin', '2020-07-10 03:51:40'),
(573, 'View Intakes', 'admin', '2020-07-10 03:52:19'),
(574, 'View Intakes', 'admin', '2020-07-10 03:52:37'),
(575, 'View Intakes', 'admin', '2020-07-10 03:53:37'),
(576, 'View Intakes', 'admin', '2020-07-10 03:54:24'),
(577, 'View Intakes', 'admin', '2020-07-10 03:55:12'),
(578, 'View Intakes', 'admin', '2020-07-10 03:56:00'),
(579, 'View Intakes', 'admin', '2020-07-10 04:06:43'),
(580, 'Open Batches', 'admin', '2020-07-10 04:07:36'),
(581, 'View Intakes', 'admin', '2020-07-10 04:07:37'),
(582, 'View Intakes', 'admin', '2020-07-10 04:08:14'),
(583, 'View Intakes', 'admin', '2020-07-10 04:08:40'),
(584, 'View Intakes', 'admin', '2020-07-10 04:09:38'),
(585, 'View Intakes', 'admin', '2020-07-10 04:09:55'),
(586, 'View Intakes', 'admin', '2020-07-10 04:10:32'),
(587, 'View Intakes', 'admin', '2020-07-10 04:12:39'),
(588, 'View Intakes', 'admin', '2020-07-10 04:15:48'),
(589, 'View Intakes', 'admin', '2020-07-10 04:17:10'),
(590, 'View Intakes', 'admin', '2020-07-10 04:17:27'),
(591, 'View Intakes', 'admin', '2020-07-10 04:18:49'),
(592, 'View Intakes', 'admin', '2020-07-10 04:20:10'),
(593, 'View Intakes', 'admin', '2020-07-10 04:22:53'),
(594, 'View Intakes', 'admin', '2020-07-10 04:23:10'),
(595, 'View Intakes', 'admin', '2020-07-10 04:23:26'),
(596, 'View Intakes', 'admin', '2020-07-10 04:24:15'),
(597, 'View Intakes', 'admin', '2020-07-10 04:24:28'),
(598, 'View Intakes', 'admin', '2020-07-10 04:25:00'),
(599, 'View Intakes', 'admin', '2020-07-10 04:25:08'),
(600, 'View Intakes', 'admin', '2020-07-10 04:30:19'),
(601, 'View Intakes', 'admin', '2020-07-10 04:30:46'),
(602, 'View Intakes', 'admin', '2020-07-10 04:32:14'),
(603, 'View Intakes', 'admin', '2020-07-10 04:32:34'),
(604, 'View Intakes', 'admin', '2020-07-10 04:32:37'),
(605, 'View Intakes', 'admin', '2020-07-10 04:32:44'),
(606, 'View Intakes', 'admin', '2020-07-10 04:32:52'),
(607, 'Open Batches', 'admin', '2020-07-10 04:49:49'),
(608, 'Open Batches', 'admin', '2020-07-10 04:49:49'),
(609, 'Open Batches', 'admin', '2020-07-13 09:31:56'),
(610, 'Open Batches', 'admin', '2020-07-13 09:35:04'),
(611, 'Open Batches', 'admin', '2020-07-13 09:35:32'),
(612, 'Open Batches', 'admin', '2020-07-13 09:36:42'),
(613, 'View Dashboard', 'admin', '2020-07-13 09:38:55'),
(614, 'View Intakes', 'admin', '2020-07-13 09:39:32'),
(615, 'View Intakes', 'admin', '2020-07-13 09:40:28'),
(616, 'View Intakes', 'admin', '2020-07-13 09:40:42'),
(617, 'Open Batches', 'admin', '2020-07-13 09:41:25'),
(618, 'Open Batches', 'admin', '2020-07-13 09:42:40'),
(619, 'Open Batches', 'admin', '2020-07-13 09:42:53'),
(620, 'View Dashboard', 'admin', '2020-07-13 09:43:52'),
(621, 'View All Inquiries', 'admin', '2020-07-13 09:44:00'),
(622, 'View Dashboard', 'admin', '2020-07-13 09:44:22'),
(623, 'View All Inquiries', 'admin', '2020-07-13 09:44:51'),
(624, 'View Dashboard', 'admin', '2020-07-13 09:45:43'),
(625, 'View Dashboard', 'admin', '2020-07-13 09:46:02'),
(626, 'View Intakes', 'admin', '2020-07-13 09:46:12'),
(627, 'Open Batches', 'admin', '2020-07-13 09:48:38'),
(628, 'View Intakes', 'admin', '2020-07-13 09:51:59'),
(629, 'View Intakes', 'admin', '2020-07-13 09:52:52'),
(630, 'View Intakes', 'admin', '2020-07-13 09:53:21'),
(631, 'View Intakes', 'admin', '2020-07-13 09:53:55'),
(632, 'View Intakes', 'admin', '2020-07-13 09:54:18'),
(633, 'View Intakes', 'admin', '2020-07-13 09:54:30'),
(634, 'View Intakes', 'admin', '2020-07-13 10:00:04'),
(635, 'View Intakes', 'admin', '2020-07-13 10:00:25'),
(636, 'View Intakes', 'admin', '2020-07-13 10:00:36'),
(637, 'View Intakes', 'admin', '2020-07-13 10:01:44'),
(638, 'View Intakes', 'admin', '2020-07-13 10:01:49'),
(639, 'View Intakes', 'admin', '2020-07-13 10:02:12'),
(640, 'View Intakes', 'admin', '2020-07-13 10:05:44'),
(641, 'View Intakes', 'admin', '2020-07-13 10:05:49'),
(642, 'View Intakes', 'admin', '2020-07-13 10:06:43'),
(643, 'View Intakes', 'admin', '2020-07-13 10:06:52'),
(644, 'View Intakes', 'admin', '2020-07-13 10:07:04'),
(645, 'View Intakes', 'admin', '2020-07-13 10:35:06'),
(646, 'Added Intake: test', 'admin', '2020-07-13 10:35:13'),
(647, 'View Intakes', 'admin', '2020-07-13 10:35:45'),
(648, 'Open Batches', 'admin', '2020-07-13 10:38:48'),
(649, 'Open Batches', 'admin', '2020-07-13 01:56:52'),
(650, 'Open Batches', 'admin', '2020-07-13 02:53:09'),
(651, 'Open Batches', 'admin', '2020-07-13 02:53:44'),
(652, 'Open Batches', 'admin', '2020-07-13 03:04:44'),
(653, 'View Dashboard', 'admin', '2020-07-14 09:52:40'),
(654, 'View Dashboard', 'admin', '2020-07-14 09:56:56'),
(655, 'View student enrollments', 'admin', '2020-07-14 11:02:05'),
(656, 'Opened Student Payments', 'admin', '2020-07-14 11:36:58'),
(657, 'Opened payment installments for student id20S08002', 'admin', '2020-07-14 11:37:23'),
(658, 'Opened payment installments for student id20S08002', 'admin', '2020-07-14 11:37:33'),
(659, 'Opened Student Payments', 'admin', '2020-07-14 11:46:33'),
(660, 'Opened payment installments for student id20S08001', 'admin', '2020-07-14 11:46:49'),
(661, 'Opened Student Payments', 'admin', '2020-07-14 11:46:54'),
(662, 'Opened payment installments for student id20S08001', 'admin', '2020-07-14 11:47:17'),
(663, 'Opened payment installments for student id20S08001', 'admin', '2020-07-14 11:51:35'),
(664, 'Opened Student Payments', 'admin', '2020-07-14 12:11:36'),
(665, 'Opened payment installments for student id20S08002', 'admin', '2020-07-14 12:11:48'),
(666, 'Opened payment installments for student id20S08002', 'admin', '2020-07-14 12:22:08'),
(667, 'Opened payment installments for student id20S08002', 'admin', '2020-07-14 12:22:25'),
(668, 'Opened payment installments for student id20S08002', 'admin', '2020-07-14 12:23:08'),
(669, 'Opened payment installments for student id20S08002', 'admin', '2020-07-14 12:25:31'),
(670, 'Opened payment installments for student id20S08002', 'admin', '2020-07-14 12:27:20'),
(671, 'Opened Student Payments', 'admin', '2020-07-14 12:27:33'),
(672, 'Opened payment installments for student id20S08001', 'admin', '2020-07-14 12:27:47'),
(673, 'Opened payment installments for student id20S08001', 'admin', '2020-07-14 12:32:03'),
(674, 'Opened payment installments for student id20S08001', 'admin', '2020-07-14 12:32:45'),
(675, 'Opened payment installments for student id20S08001', 'admin', '2020-07-14 12:33:01'),
(676, 'Opened payment installments for student id20S08001', 'admin', '2020-07-14 12:33:15'),
(677, 'Opened payment installments for student id20S08001', 'admin', '2020-07-14 12:35:18'),
(678, 'Opened payment installments for student id20S08001', 'admin', '2020-07-14 12:35:31'),
(679, 'Opened payment installments for student id20S08001', 'admin', '2020-07-14 12:44:32'),
(680, 'Opened payment installments for student id20S08001', 'admin', '2020-07-14 12:45:24'),
(681, 'Opened payment installments for student id20S08001', 'admin', '2020-07-14 12:45:34'),
(682, 'Opened payment installments for student id20S08001', 'admin', '2020-07-14 12:46:48'),
(683, 'Opened payment installments for student id20S08001', 'admin', '2020-07-14 01:00:59'),
(684, 'Opened payment installments for student id20S08001', 'admin', '2020-07-14 01:01:21'),
(685, 'Opened payment installments for student id20S08001', 'admin', '2020-07-14 01:02:01'),
(686, 'Opened payment installments for student id20S08001', 'admin', '2020-07-14 01:02:24'),
(687, 'Opened payment installments for student id20S08001', 'admin', '2020-07-14 01:03:18'),
(688, 'Opened payment installments for student id20S08001', 'admin', '2020-07-14 01:04:44'),
(689, 'Opened payment installments for student id20S08001', 'admin', '2020-07-14 01:05:21'),
(690, 'Opened payment installments for student id20S08001', 'admin', '2020-07-14 01:06:54'),
(691, 'Opened payment installments for student id20S08001', 'admin', '2020-07-14 01:07:30'),
(692, 'Opened payment installments for student id20S08001', 'admin', '2020-07-14 01:08:35'),
(693, 'Opened payment installments for student id20S08001', 'admin', '2020-07-14 01:09:13'),
(694, 'Opened payment installments for student id20S08001', 'admin', '2020-07-14 01:10:28'),
(695, 'Opened payment installments for student id20S08001', 'admin', '2020-07-14 01:10:50'),
(696, 'Opened payment installments for student id20S08001', 'admin', '2020-07-14 01:11:20'),
(697, 'Opened payment installments for student id20S08001', 'admin', '2020-07-14 01:11:59'),
(698, 'Opened payment installments for student id20S08001', 'admin', '2020-07-14 01:12:14'),
(699, 'Opened payment installments for student id20S08001', 'admin', '2020-07-14 01:12:26'),
(700, 'Opened payment installments for student id20S08001', 'admin', '2020-07-14 01:12:41'),
(701, 'Opened payment installments for student id20S08001', 'admin', '2020-07-14 01:12:47'),
(702, 'Opened payment installments for student id20S08001', 'admin', '2020-07-14 01:14:36'),
(703, 'Opened payment installments for student id20S08001', 'admin', '2020-07-14 01:14:52'),
(704, 'Opened payment installments for student id20S08001', 'admin', '2020-07-14 01:16:04'),
(705, 'Opened payment installments for student id20S08001', 'admin', '2020-07-14 01:16:12'),
(706, 'Opened payment installments for student id20S08001', 'admin', '2020-07-14 01:21:08'),
(707, 'Opened payment installments for student id20S08001', 'admin', '2020-07-14 01:21:17'),
(708, 'Opened payment installments for student id20S08001', 'admin', '2020-07-14 01:21:45'),
(709, 'Opened payment installments for student id20S08001', 'admin', '2020-07-14 01:21:52'),
(710, 'Opened payment installments for student id20S08001', 'admin', '2020-07-14 01:22:01'),
(711, 'Opened payment installments for student id20S08001', 'admin', '2020-07-14 01:22:23'),
(712, 'Opened payment installments for student id20S08001', 'admin', '2020-07-14 01:22:27'),
(713, 'Opened payment installments for student id20S08001', 'admin', '2020-07-14 01:23:49'),
(714, 'Opened Student Payment Plans', 'admin', '2020-07-14 01:45:08'),
(715, 'View student enrollments', 'admin', '2020-07-14 01:45:40'),
(716, 'Viewed schedule', 'admin', '2020-07-14 01:45:55'),
(717, 'Viewed schedule for date2020-07-16', 'admin', '2020-07-14 01:46:01'),
(718, 'Opened Student Payments', 'admin', '2020-07-14 04:40:34'),
(719, 'Opened payment installments for student id20S08002', 'admin', '2020-07-14 04:40:40'),
(720, 'Opened payment installments for student id20S08002', 'admin', '2020-07-14 04:40:48'),
(721, 'Opened payment installments for student id20S08002', 'admin', '2020-07-14 04:42:56'),
(722, 'Opened payment installments for student id20S08002', 'admin', '2020-07-14 04:43:00'),
(723, 'Opened payment installments for student id20S08002', 'admin', '2020-07-14 04:43:45'),
(724, 'Opened payment installments for student id20S08002', 'admin', '2020-07-14 04:44:42'),
(725, 'Opened payment installments for student id20S08002', 'admin', '2020-07-14 04:45:19'),
(726, 'Opened payment installments for student id20S08002', 'admin', '2020-07-14 04:45:29'),
(727, 'Opened payment installments for student id20S08002', 'admin', '2020-07-14 04:46:10'),
(728, 'Opened payment installments for student id20S08002', 'admin', '2020-07-14 04:47:00'),
(729, 'Opened payment installments for student id20S08002', 'admin', '2020-07-14 04:47:07'),
(730, 'Opened payment installments for student id20S08002', 'admin', '2020-07-14 04:47:58'),
(731, 'Opened payment installments for student id20S08002', 'admin', '2020-07-14 04:48:08'),
(732, 'Opened payment installments for student id20S08002', 'admin', '2020-07-14 04:49:02'),
(733, 'Opened payment installments for student id20S08002', 'admin', '2020-07-14 04:49:51'),
(734, 'Opened payment installments for student id20S08002', 'admin', '2020-07-14 04:49:58'),
(735, 'Opened payment installments for student id20S08002', 'admin', '2020-07-14 04:50:04'),
(736, 'Opened payment installments for student id20S08002', 'admin', '2020-07-14 04:50:11');

-- --------------------------------------------------------

--
-- Table structure for table `user_permissions`
--

CREATE TABLE `user_permissions` (
  `username` varchar(100) NOT NULL,
  `permission_id` int(11) NOT NULL,
  `date` datetime NOT NULL
) ENGINE=InnoDB DEFAULT CHARSET=utf8;

--
-- Dumping data for table `user_permissions`
--

INSERT INTO `user_permissions` (`username`, `permission_id`, `date`) VALUES
('admin', 1, '2019-04-16 05:42:34'),
('admin', 2, '2019-04-16 02:49:39'),
('admin', 3, '2019-04-16 05:45:18'),
('admin', 4, '2019-04-17 06:56:32'),
('admin', 5, '2019-04-17 06:56:32'),
('admin', 6, '2020-02-06 11:13:26'),
('admin', 7, '2020-02-06 11:13:26'),
('admin', 8, '2020-02-06 11:13:26'),
('admin', 9, '2020-02-06 11:13:27'),
('admin', 10, '2020-05-03 10:22:32'),
('admin', 11, '2020-02-06 11:13:27'),
('admin', 12, '2020-02-06 11:13:27'),
('admin', 13, '2020-02-06 11:13:27'),
('admin', 14, '2020-02-06 11:13:27'),
('admin', 15, '2020-02-06 11:13:27'),
('admin', 16, '2020-02-06 11:13:27'),
('admin', 17, '2020-02-06 11:13:27'),
('admin', 18, '2020-02-06 11:13:27'),
('admin', 19, '2020-02-06 11:13:27'),
('admin', 20, '2020-02-06 11:13:27'),
('admin', 21, '2020-02-06 11:13:28'),
('admin', 22, '2020-02-06 11:13:28'),
('admin', 23, '2020-02-06 11:13:28'),
('admin', 24, '2020-02-06 11:13:28'),
('admin', 26, '2020-07-14 00:00:00'),
('admin', 27, '2020-05-03 10:52:36'),
('admin', 29, '2020-05-24 11:35:09'),
('admin', 30, '2020-05-24 11:35:09'),
('admin', 31, '2020-05-24 11:35:10'),
('admin', 32, '2020-06-30 03:39:50'),
('admin', 33, '2020-06-30 03:39:50'),
('admin', 34, '0000-00-00 00:00:00'),
('admin', 35, '2020-07-10 00:00:00'),
('admin', 36, '2020-07-10 00:00:00'),
('admin', 37, '2020-07-10 00:00:00'),
('admin', 38, '0000-00-00 00:00:00'),
('admin', 39, '2020-07-14 00:00:00'),
('admin', 40, '2020-07-14 00:00:00'),
('malshan', 4, '2019-04-17 07:41:54'),
('parami', 1, '2019-04-16 03:51:37'),
('paramitha', 4, '2019-04-17 07:43:46'),
('paramitha', 7, '2019-05-19 11:44:50'),
('poojani', 4, '2019-04-17 07:44:52'),
('poojani', 7, '2019-05-18 11:27:54'),
('rajitha', 4, '2019-04-17 07:42:25'),
('vihanga', 4, '2019-04-17 07:42:53'),
('yashani', 4, '2019-04-17 07:54:13');

--
-- Indexes for dumped tables
--

--
-- Indexes for table `allocate`
--
ALTER TABLE `allocate`
  ADD PRIMARY KEY (`id`),
  ADD UNIQUE KEY `courseId` (`courseId`,`batchId`,`semesterId`,`moduleId`,`date`,`day`,`startTime`,`endTime`,`classroomId`,`lecturerId`),
  ADD KEY `fk_allocate_batch` (`batchId`),
  ADD KEY `fk_allocate_classroom` (`classroomId`),
  ADD KEY `fk_allocate_lecturer` (`lecturerId`),
  ADD KEY `fk_allocate_semester` (`semesterId`),
  ADD KEY `fk_allocate_module` (`moduleId`);

--
-- Indexes for table `attendance`
--
ALTER TABLE `attendance`
  ADD PRIMARY KEY (`studentId`,`date`,`time`);

--
-- Indexes for table `batch`
--
ALTER TABLE `batch`
  ADD PRIMARY KEY (`id`),
  ADD KEY `fk_course_batch` (`courseId`);

--
-- Indexes for table `branch`
--
ALTER TABLE `branch`
  ADD PRIMARY KEY (`id`);

--
-- Indexes for table `classroom`
--
ALTER TABLE `classroom`
  ADD PRIMARY KEY (`id`),
  ADD UNIQUE KEY `name` (`name`);

--
-- Indexes for table `course`
--
ALTER TABLE `course`
  ADD PRIMARY KEY (`id`);

--
-- Indexes for table `course_enroll`
--
ALTER TABLE `course_enroll`
  ADD PRIMARY KEY (`studentId`,`courseId`),
  ADD KEY `inquiryId` (`inquiryId`),
  ADD KEY `courseId` (`courseId`),
  ADD KEY `pplanId` (`pplanId`),
  ADD KEY `username` (`username`),
  ADD KEY `intakeId` (`intakeId`);

--
-- Indexes for table `default_rotation`
--
ALTER TABLE `default_rotation`
  ADD PRIMARY KEY (`username`,`courseId`),
  ADD KEY `courseId` (`courseId`);

--
-- Indexes for table `departments`
--
ALTER TABLE `departments`
  ADD PRIMARY KEY (`id`);

--
-- Indexes for table `event`
--
ALTER TABLE `event`
  ADD PRIMARY KEY (`id`),
  ADD UNIQUE KEY `date` (`date`,`startTime`,`endTime`,`classroomId`),
  ADD KEY `classroomId` (`classroomId`);

--
-- Indexes for table `inquiry`
--
ALTER TABLE `inquiry`
  ADD PRIMARY KEY (`id`),
  ADD UNIQUE KEY `id` (`id`,`course`),
  ADD UNIQUE KEY `mobile` (`mobile`,`course`),
  ADD KEY `medium` (`medium`),
  ADD KEY `reference` (`reference`),
  ADD KEY `username` (`username`),
  ADD KEY `course` (`course`);

--
-- Indexes for table `inquiry_medium`
--
ALTER TABLE `inquiry_medium`
  ADD PRIMARY KEY (`id`);

--
-- Indexes for table `inquiry_reference`
--
ALTER TABLE `inquiry_reference`
  ADD PRIMARY KEY (`id`);

--
-- Indexes for table `inquiry_rotation`
--
ALTER TABLE `inquiry_rotation`
  ADD PRIMARY KEY (`id`);

--
-- Indexes for table `inquiry_status`
--
ALTER TABLE `inquiry_status`
  ADD PRIMARY KEY (`inquiry_id`,`username`,`datetime`),
  ADD KEY `username` (`username`),
  ADD KEY `intakeId` (`intakeId`);

--
-- Indexes for table `intakes`
--
ALTER TABLE `intakes`
  ADD PRIMARY KEY (`id`);

--
-- Indexes for table `lecturer`
--
ALTER TABLE `lecturer`
  ADD PRIMARY KEY (`id`);

--
-- Indexes for table `lecturer_module`
--
ALTER TABLE `lecturer_module`
  ADD PRIMARY KEY (`lecturerId`,`moduleId`),
  ADD KEY `moduleId` (`moduleId`);

--
-- Indexes for table `logs`
--
ALTER TABLE `logs`
  ADD PRIMARY KEY (`id`);

--
-- Indexes for table `message`
--
ALTER TABLE `message`
  ADD PRIMARY KEY (`id`),
  ADD UNIQUE KEY `courseId` (`courseId`,`instance`);

--
-- Indexes for table `module`
--
ALTER TABLE `module`
  ADD PRIMARY KEY (`id`),
  ADD KEY `fk_semester` (`course`);

--
-- Indexes for table `notification`
--
ALTER TABLE `notification`
  ADD PRIMARY KEY (`id`);

--
-- Indexes for table `payments`
--
ALTER TABLE `payments`
  ADD PRIMARY KEY (`studentId`,`pplanId`,`installmentId`),
  ADD KEY `pplanId` (`pplanId`),
  ADD KEY `installmentId` (`installmentId`),
  ADD KEY `username` (`username`);

--
-- Indexes for table `payment_plan`
--
ALTER TABLE `payment_plan`
  ADD PRIMARY KEY (`id`),
  ADD KEY `payment_plan_ibfk_1` (`intakeId`),
  ADD KEY `payment_plan_ibfk_2` (`courseId`);

--
-- Indexes for table `permission`
--
ALTER TABLE `permission`
  ADD PRIMARY KEY (`id`);

--
-- Indexes for table `pp_installment`
--
ALTER TABLE `pp_installment`
  ADD PRIMARY KEY (`id`,`pplanId`),
  ADD KEY `pp_installment_ibfk_1` (`pplanId`);

--
-- Indexes for table `reports`
--
ALTER TABLE `reports`
  ADD PRIMARY KEY (`id`);

--
-- Indexes for table `report_columns`
--
ALTER TABLE `report_columns`
  ADD PRIMARY KEY (`reportId`,`column`);

--
-- Indexes for table `report_join`
--
ALTER TABLE `report_join`
  ADD PRIMARY KEY (`reportId`,`table_join`);

--
-- Indexes for table `report_select`
--
ALTER TABLE `report_select`
  ADD PRIMARY KEY (`reportId`,`select_column`);

--
-- Indexes for table `semester`
--
ALTER TABLE `semester`
  ADD PRIMARY KEY (`id`);

--
-- Indexes for table `student`
--
ALTER TABLE `student`
  ADD PRIMARY KEY (`studentId`),
  ADD UNIQUE KEY `mobile` (`mobile`),
  ADD UNIQUE KEY `nic` (`nic`),
  ADD UNIQUE KEY `email` (`email`),
  ADD UNIQUE KEY `inquiryId` (`inquiryId`);

--
-- Indexes for table `targets`
--
ALTER TABLE `targets`
  ADD PRIMARY KEY (`intakeId`,`username`,`courseId`),
  ADD KEY `username` (`username`),
  ADD KEY `courseId` (`courseId`);

--
-- Indexes for table `users`
--
ALTER TABLE `users`
  ADD PRIMARY KEY (`username`),
  ADD KEY `users_ibfk_1` (`department`);

--
-- Indexes for table `user_logs`
--
ALTER TABLE `user_logs`
  ADD PRIMARY KEY (`id`);

--
-- Indexes for table `user_permissions`
--
ALTER TABLE `user_permissions`
  ADD PRIMARY KEY (`username`,`permission_id`),
  ADD KEY `permission_id` (`permission_id`);

--
-- AUTO_INCREMENT for dumped tables
--

--
-- AUTO_INCREMENT for table `allocate`
--
ALTER TABLE `allocate`
  MODIFY `id` int(11) NOT NULL AUTO_INCREMENT, AUTO_INCREMENT=1032;

--
-- AUTO_INCREMENT for table `branch`
--
ALTER TABLE `branch`
  MODIFY `id` int(11) NOT NULL AUTO_INCREMENT, AUTO_INCREMENT=7;

--
-- AUTO_INCREMENT for table `classroom`
--
ALTER TABLE `classroom`
  MODIFY `id` int(11) NOT NULL AUTO_INCREMENT, AUTO_INCREMENT=23;

--
-- AUTO_INCREMENT for table `course`
--
ALTER TABLE `course`
  MODIFY `id` int(11) NOT NULL AUTO_INCREMENT, AUTO_INCREMENT=30;

--
-- AUTO_INCREMENT for table `departments`
--
ALTER TABLE `departments`
  MODIFY `id` int(11) NOT NULL AUTO_INCREMENT, AUTO_INCREMENT=5;

--
-- AUTO_INCREMENT for table `event`
--
ALTER TABLE `event`
  MODIFY `id` int(11) NOT NULL AUTO_INCREMENT;

--
-- AUTO_INCREMENT for table `inquiry`
--
ALTER TABLE `inquiry`
  MODIFY `id` int(20) NOT NULL AUTO_INCREMENT, AUTO_INCREMENT=13138;

--
-- AUTO_INCREMENT for table `inquiry_medium`
--
ALTER TABLE `inquiry_medium`
  MODIFY `id` int(11) NOT NULL AUTO_INCREMENT, AUTO_INCREMENT=11;

--
-- AUTO_INCREMENT for table `inquiry_reference`
--
ALTER TABLE `inquiry_reference`
  MODIFY `id` int(11) NOT NULL AUTO_INCREMENT, AUTO_INCREMENT=17;

--
-- AUTO_INCREMENT for table `inquiry_rotation`
--
ALTER TABLE `inquiry_rotation`
  MODIFY `id` int(11) NOT NULL AUTO_INCREMENT, AUTO_INCREMENT=47;

--
-- AUTO_INCREMENT for table `intakes`
--
ALTER TABLE `intakes`
  MODIFY `id` int(11) NOT NULL AUTO_INCREMENT, AUTO_INCREMENT=9;

--
-- AUTO_INCREMENT for table `lecturer`
--
ALTER TABLE `lecturer`
  MODIFY `id` int(11) NOT NULL AUTO_INCREMENT, AUTO_INCREMENT=35;

--
-- AUTO_INCREMENT for table `logs`
--
ALTER TABLE `logs`
  MODIFY `id` int(11) NOT NULL AUTO_INCREMENT;

--
-- AUTO_INCREMENT for table `message`
--
ALTER TABLE `message`
  MODIFY `id` int(11) NOT NULL AUTO_INCREMENT, AUTO_INCREMENT=6;

--
-- AUTO_INCREMENT for table `module`
--
ALTER TABLE `module`
  MODIFY `id` int(11) NOT NULL AUTO_INCREMENT, AUTO_INCREMENT=60;

--
-- AUTO_INCREMENT for table `notification`
--
ALTER TABLE `notification`
  MODIFY `id` int(11) NOT NULL AUTO_INCREMENT;

--
-- AUTO_INCREMENT for table `payment_plan`
--
ALTER TABLE `payment_plan`
  MODIFY `id` int(11) NOT NULL AUTO_INCREMENT, AUTO_INCREMENT=14;

--
-- AUTO_INCREMENT for table `permission`
--
ALTER TABLE `permission`
  MODIFY `id` int(11) NOT NULL AUTO_INCREMENT, AUTO_INCREMENT=41;

--
-- AUTO_INCREMENT for table `reports`
--
ALTER TABLE `reports`
  MODIFY `id` int(11) NOT NULL AUTO_INCREMENT, AUTO_INCREMENT=13;

--
-- AUTO_INCREMENT for table `semester`
--
ALTER TABLE `semester`
  MODIFY `id` int(11) NOT NULL AUTO_INCREMENT, AUTO_INCREMENT=7;

--
-- AUTO_INCREMENT for table `user_logs`
--
ALTER TABLE `user_logs`
  MODIFY `id` int(11) NOT NULL AUTO_INCREMENT, AUTO_INCREMENT=737;

--
-- Constraints for dumped tables
--

--
-- Constraints for table `allocate`
--
ALTER TABLE `allocate`
  ADD CONSTRAINT `fk_allocate_batch` FOREIGN KEY (`batchId`) REFERENCES `batch` (`id`) ON UPDATE CASCADE,
  ADD CONSTRAINT `fk_allocate_classroom` FOREIGN KEY (`classroomId`) REFERENCES `classroom` (`id`) ON UPDATE CASCADE,
  ADD CONSTRAINT `fk_allocate_course` FOREIGN KEY (`courseId`) REFERENCES `course` (`id`) ON UPDATE CASCADE,
  ADD CONSTRAINT `fk_allocate_lecturer` FOREIGN KEY (`lecturerId`) REFERENCES `lecturer` (`id`) ON UPDATE CASCADE,
  ADD CONSTRAINT `fk_allocate_module` FOREIGN KEY (`moduleId`) REFERENCES `module` (`id`) ON UPDATE CASCADE,
  ADD CONSTRAINT `fk_allocate_semester` FOREIGN KEY (`semesterId`) REFERENCES `semester` (`id`) ON UPDATE CASCADE;

--
-- Constraints for table `attendance`
--
ALTER TABLE `attendance`
  ADD CONSTRAINT `attendance_ibfk_1` FOREIGN KEY (`studentId`) REFERENCES `student` (`studentId`) ON UPDATE CASCADE;

--
-- Constraints for table `batch`
--
ALTER TABLE `batch`
  ADD CONSTRAINT `fk_course_batch` FOREIGN KEY (`courseId`) REFERENCES `course` (`id`) ON UPDATE CASCADE;

--
-- Constraints for table `course_enroll`
--
ALTER TABLE `course_enroll`
  ADD CONSTRAINT `course_enroll_ibfk_1` FOREIGN KEY (`studentId`) REFERENCES `student` (`studentId`) ON UPDATE CASCADE,
  ADD CONSTRAINT `course_enroll_ibfk_2` FOREIGN KEY (`inquiryId`) REFERENCES `inquiry` (`id`) ON UPDATE CASCADE,
  ADD CONSTRAINT `course_enroll_ibfk_3` FOREIGN KEY (`courseId`) REFERENCES `course` (`id`) ON UPDATE CASCADE,
  ADD CONSTRAINT `course_enroll_ibfk_4` FOREIGN KEY (`pplanId`) REFERENCES `payment_plan` (`id`) ON UPDATE CASCADE,
  ADD CONSTRAINT `course_enroll_ibfk_5` FOREIGN KEY (`username`) REFERENCES `users` (`username`) ON DELETE CASCADE ON UPDATE CASCADE,
  ADD CONSTRAINT `course_enroll_ibfk_6` FOREIGN KEY (`intakeId`) REFERENCES `intakes` (`id`) ON UPDATE CASCADE;

--
-- Constraints for table `default_rotation`
--
ALTER TABLE `default_rotation`
  ADD CONSTRAINT `default_rotation_ibfk_1` FOREIGN KEY (`username`) REFERENCES `users` (`username`) ON UPDATE CASCADE,
  ADD CONSTRAINT `default_rotation_ibfk_2` FOREIGN KEY (`courseId`) REFERENCES `course` (`id`) ON DELETE CASCADE ON UPDATE CASCADE;

--
-- Constraints for table `event`
--
ALTER TABLE `event`
  ADD CONSTRAINT `event_ibfk_1` FOREIGN KEY (`classroomId`) REFERENCES `classroom` (`id`) ON UPDATE CASCADE;

--
-- Constraints for table `inquiry`
--
ALTER TABLE `inquiry`
  ADD CONSTRAINT `inquiry_ibfk_1` FOREIGN KEY (`medium`) REFERENCES `inquiry_medium` (`id`) ON UPDATE CASCADE,
  ADD CONSTRAINT `inquiry_ibfk_2` FOREIGN KEY (`reference`) REFERENCES `inquiry_reference` (`id`) ON UPDATE CASCADE,
  ADD CONSTRAINT `inquiry_ibfk_3` FOREIGN KEY (`username`) REFERENCES `users` (`username`) ON UPDATE CASCADE,
  ADD CONSTRAINT `inquiry_ibfk_4` FOREIGN KEY (`course`) REFERENCES `course` (`id`);

--
-- Constraints for table `inquiry_status`
--
ALTER TABLE `inquiry_status`
  ADD CONSTRAINT `inquiry_status_ibfk_1` FOREIGN KEY (`inquiry_id`) REFERENCES `inquiry` (`id`) ON DELETE CASCADE ON UPDATE CASCADE,
  ADD CONSTRAINT `inquiry_status_ibfk_2` FOREIGN KEY (`username`) REFERENCES `users` (`username`) ON UPDATE CASCADE,
  ADD CONSTRAINT `inquiry_status_ibfk_3` FOREIGN KEY (`intakeId`) REFERENCES `intakes` (`id`);

--
-- Constraints for table `lecturer_module`
--
ALTER TABLE `lecturer_module`
  ADD CONSTRAINT `lecturer_module_ibfk_1` FOREIGN KEY (`lecturerId`) REFERENCES `lecturer` (`id`) ON DELETE CASCADE ON UPDATE CASCADE,
  ADD CONSTRAINT `lecturer_module_ibfk_2` FOREIGN KEY (`moduleId`) REFERENCES `module` (`id`) ON UPDATE CASCADE;

--
-- Constraints for table `message`
--
ALTER TABLE `message`
  ADD CONSTRAINT `message_ibfk_1` FOREIGN KEY (`courseId`) REFERENCES `course` (`id`) ON DELETE CASCADE ON UPDATE CASCADE;

--
-- Constraints for table `module`
--
ALTER TABLE `module`
  ADD CONSTRAINT `fk_course` FOREIGN KEY (`course`) REFERENCES `course` (`id`) ON UPDATE CASCADE;

--
-- Constraints for table `payments`
--
ALTER TABLE `payments`
  ADD CONSTRAINT `payments_ibfk_1` FOREIGN KEY (`studentId`) REFERENCES `student` (`studentId`) ON UPDATE CASCADE,
  ADD CONSTRAINT `payments_ibfk_2` FOREIGN KEY (`pplanId`) REFERENCES `payment_plan` (`id`) ON UPDATE CASCADE,
  ADD CONSTRAINT `payments_ibfk_3` FOREIGN KEY (`installmentId`) REFERENCES `pp_installment` (`id`) ON UPDATE CASCADE,
  ADD CONSTRAINT `payments_ibfk_4` FOREIGN KEY (`username`) REFERENCES `users` (`username`) ON UPDATE CASCADE;

--
-- Constraints for table `payment_plan`
--
ALTER TABLE `payment_plan`
  ADD CONSTRAINT `payment_plan_ibfk_1` FOREIGN KEY (`intakeId`) REFERENCES `intakes` (`id`) ON DELETE CASCADE ON UPDATE CASCADE,
  ADD CONSTRAINT `payment_plan_ibfk_2` FOREIGN KEY (`courseId`) REFERENCES `course` (`id`) ON DELETE CASCADE ON UPDATE CASCADE;

--
-- Constraints for table `pp_installment`
--
ALTER TABLE `pp_installment`
  ADD CONSTRAINT `pp_installment_ibfk_1` FOREIGN KEY (`pplanId`) REFERENCES `payment_plan` (`id`) ON DELETE CASCADE ON UPDATE CASCADE;

--
-- Constraints for table `report_columns`
--
ALTER TABLE `report_columns`
  ADD CONSTRAINT `report_columns_ibfk_1` FOREIGN KEY (`reportId`) REFERENCES `reports` (`id`) ON DELETE CASCADE ON UPDATE CASCADE;

--
-- Constraints for table `report_join`
--
ALTER TABLE `report_join`
  ADD CONSTRAINT `report_join_ibfk_1` FOREIGN KEY (`reportId`) REFERENCES `reports` (`id`) ON DELETE CASCADE ON UPDATE CASCADE;

--
-- Constraints for table `report_select`
--
ALTER TABLE `report_select`
  ADD CONSTRAINT `report_select_ibfk_1` FOREIGN KEY (`reportId`) REFERENCES `reports` (`id`) ON DELETE CASCADE ON UPDATE CASCADE;

--
-- Constraints for table `targets`
--
ALTER TABLE `targets`
  ADD CONSTRAINT `targets_ibfk_1` FOREIGN KEY (`intakeId`) REFERENCES `intakes` (`id`) ON UPDATE CASCADE,
  ADD CONSTRAINT `targets_ibfk_2` FOREIGN KEY (`username`) REFERENCES `users` (`username`) ON DELETE CASCADE ON UPDATE CASCADE,
  ADD CONSTRAINT `targets_ibfk_3` FOREIGN KEY (`courseId`) REFERENCES `course` (`id`) ON UPDATE CASCADE;

--
-- Constraints for table `users`
--
ALTER TABLE `users`
  ADD CONSTRAINT `users_ibfk_1` FOREIGN KEY (`department`) REFERENCES `departments` (`id`) ON UPDATE CASCADE;

--
-- Constraints for table `user_permissions`
--
ALTER TABLE `user_permissions`
  ADD CONSTRAINT `user_permissions_ibfk_1` FOREIGN KEY (`username`) REFERENCES `users` (`username`) ON DELETE CASCADE ON UPDATE CASCADE,
  ADD CONSTRAINT `user_permissions_ibfk_2` FOREIGN KEY (`permission_id`) REFERENCES `permission` (`id`) ON UPDATE CASCADE;
COMMIT;

/*!40101 SET CHARACTER_SET_CLIENT=@OLD_CHARACTER_SET_CLIENT */;
/*!40101 SET CHARACTER_SET_RESULTS=@OLD_CHARACTER_SET_RESULTS */;
/*!40101 SET COLLATION_CONNECTION=@OLD_COLLATION_CONNECTION */;
